{
	"editor": {
		"allAngles": false,
		"singleTexture": false
	},
	"textureWidth": 16,
	"textureHeight": 16,
	"textures": {
	},
	"elements": [
		{
			"name": "Cube1",
			"from": [ 4.5, 0.0, 4.5 ], 
			"to": [ 11.5, 1.0, 11.5 ], 
			"faces": {
				"north": { "texture": "#null", "uv": [ 0.0, 0.0, 7.0, 1.0 ] },
				"east": { "texture": "#null", "uv": [ 0.0, 0.0, 7.0, 1.0 ] },
				"south": { "texture": "#null", "uv": [ 0.0, 0.0, 7.0, 1.0 ] },
				"west": { "texture": "#null", "uv": [ 0.0, 0.0, 7.0, 1.0 ] },
				"up": { "texture": "#null", "uv": [ 0.0, 0.0, 7.0, 7.0 ] },
				"down": { "texture": "#null", "uv": [ 0.0, 0.0, 7.0, 7.0 ] }
			},
			"children": [
				{
					"name": "Cube2",
					"from": [ 2.0, 1.0, 2.0 ], 
					"to": [ 5.0, 2.0, 5.0 ], 
					"faces": {
						"north": { "texture": "#null", "uv": [ 0.0, 0.0, 3.0, 1.0 ] },
						"east": { "texture": "#null", "uv": [ 0.0, 0.0, 3.0, 1.0 ] },
						"south": { "texture": "#null", "uv": [ 0.0, 0.0, 3.0, 1.0 ] },
						"west": { "texture": "#null", "uv": [ 0.0, 0.0, 3.0, 1.0 ] },
						"up": { "texture": "#null", "uv": [ 0.0, 0.0, 3.0, 3.0 ] },
						"down": { "texture": "#null", "uv": [ 0.0, 0.0, 3.0, 3.0 ], "enabled": false }
					}
				},
				{
					"name": "Cube3",
					"from": [ 0.0, 1.0, 0.0 ], 
					"to": [ 1.0, 3.0, 7.0 ], 
					"faces": {
						"north": { "texture": "#null", "uv": [ 0.0, 0.0, 1.0, 2.0 ] },
						"east": { "texture": "#null", "uv": [ 0.0, 0.0, 7.0, 2.0 ] },
						"south": { "texture": "#null", "uv": [ 0.0, 0.0, 1.0, 2.0 ] },
						"west": { "texture": "#null", "uv": [ 0.0, 0.0, 7.0, 2.0 ] },
						"up": { "texture": "#null", "uv": [ 0.0, 0.0, 1.0, 7.0 ] },
						"down": { "texture": "#null", "uv": [ 0.0, 0.0, 1.0, 7.0 ], "enabled": false }
					}
				},
				{
					"name": "Cube4",
					"from": [ 6.0, 1.0, 0.0 ], 
					"to": [ 7.0, 3.0, 7.0 ], 
					"faces": {
						"north": { "texture": "#null", "uv": [ 0.0, 0.0, 1.0, 2.0 ] },
						"east": { "texture": "#null", "uv": [ 0.0, 0.0, 7.0, 2.0 ] },
						"south": { "texture": "#null", "uv": [ 0.0, 0.0, 1.0, 2.0 ] },
						"west": { "texture": "#null", "uv": [ 0.0, 0.0, 7.0, 2.0 ] },
						"up": { "texture": "#null", "uv": [ 0.0, 0.0, 1.0, 7.0 ] },
						"down": { "texture": "#null", "uv": [ 0.0, 0.0, 1.0, 7.0 ], "enabled": false }
					}
				},
				{
					"name": "Cube5",
					"from": [ 1.0, 1.0, 0.0 ], 
					"to": [ 6.0, 3.0, 1.0 ], 
					"faces": {
						"north": { "texture": "#null", "uv": [ 0.0, 0.0, 5.0, 2.0 ] },
						"east": { "texture": "#null", "uv": [ 0.0, 0.0, 1.0, 2.0 ], "enabled": false },
						"south": { "texture": "#null", "uv": [ 0.0, 0.0, 5.0, 2.0 ] },
						"west": { "texture": "#null", "uv": [ 0.0, 0.0, 1.0, 2.0 ], "enabled": false },
						"up": { "texture": "#null", "uv": [ 0.0, 0.0, 5.0, 1.0 ] },
						"down": { "texture": "#null", "uv": [ 0.0, 0.0, 5.0, 1.0 ], "enabled": false }
					}
				},
				{
					"name": "Cube6",
					"from": [ 1.0, 1.0, 6.0 ], 
					"to": [ 6.0, 3.0, 7.0 ], 
					"faces": {
						"north": { "texture": "#null", "uv": [ 0.0, 0.0, 5.0, 2.0 ] },
						"east": { "texture": "#null", "uv": [ 0.0, 0.0, 1.0, 2.0 ], "enabled": false },
						"south": { "texture": "#null", "uv": [ 0.0, 0.0, 5.0, 2.0 ] },
						"west": { "texture": "#null", "uv": [ 0.0, 0.0, 1.0, 2.0 ], "enabled": false },
						"up": { "texture": "#null", "uv": [ 0.0, 0.0, 5.0, 1.0 ] },
						"down": { "texture": "#null", "uv": [ 0.0, 0.0, 5.0, 1.0 ], "enabled": false }
					}
				}
			]
		}
	]}