{
	code: "adze",
	class: "ItemAdze",
	variantgroups: [
		{code: "type", states: ["primitive"]},
		{ code: "stone", states: ["granite", "andesite", "basalt", "obsidian", "flint"] },
	],
	tool: "chisel",
	heldTpHitAnimation: "breaktool",
	shape: { base: "item/tool/primitive-adze" },
	textures: {
		"stone": { base: "item/tool/material/{stone}" },
		"bone": { base: "block/bone" },
		"sinew": { base: "block/sinew" },
	},
	durabilitybytype: 
	{
		"adze-primitive-granite": 1000,
		"adze-primitive-andesite": 1000,
		"adze-primitive-basalt": 1000,
		"adze-primitive-obsidian": 1200,
		"adze-primitive-flint": 1100,
	},
	attackpowerbytype: 
	{
		"adze-primitive-granite": 0.75,
		"adze-primitive-andesite": 0.75,
		"adze-primitive-basalt": 0.75,
		"adze-primitive-obsidian": 1.5,
		"adze-primitive-flint": 1,
	},
	creativeinventory: { "general": ["*"], "items": ["*"], "neolithictools": ["*"] },
	fpHandTransform: {
		translation: { x: 0.046875, y: 0, z: 0 },
		rotation: { x: 15, y: 15, z: 90 },
		scale: 2.5
	},
	guiTransform: {
		translation: { x: 0, y: 5, z: 0 },
		rotation: { x: -77, y: -135, z: 160 },
		origin: { x: 0.54, y: 0.5, z: 0.48 },
		scale: 2.6
	},
	groundTransform: {
		translation: { x: 0.046875, y: 0, z: 0 },
		rotation: { x: 0, y: 0, z: 0 },
		scale: 2.5
	},
	tpHandTransform: {
		translation: { x: -0.75, y: -0.48, z: -0.52 },
		rotation: { x: 90, y: 1, z: 0 },
		scale: 1
	}
}