{
	"editor": {
		"allAngles": false,
		"singleTexture": false
	},
	"textureWidth": 16,
	"textureHeight": 8,
	"textures": {
		"stone": "item/tool/material/granite"
	},
	"elements": [
		{
			"name": "Cube1",
			"from": [ 9.0, 7.0, 7.6 ], 
			"to": [ 12.0, 9.0, 8.4 ], 
			"rotationOrigin": [ 9.0, 7.0, 7.0 ],
			"faces": {
				"north": { "texture": "#stone", "uv": [ 0.0, 0.0, 3.0, 2.0 ] },
				"east": { "texture": "#stone", "uv": [ 0.0, 0.0, 0.5, 2.0 ] },
				"south": { "texture": "#stone", "uv": [ 0.0, 0.0, 3.0, 2.0 ] },
				"west": { "texture": "#stone", "uv": [ 0.0, 0.0, 0.5, 2.0 ] },
				"up": { "texture": "#stone", "uv": [ 0.0, 0.0, 3.0, 0.5 ] },
				"down": { "texture": "#stone", "uv": [ 0.0, 0.0, 3.0, 0.5 ] }
			},
			"children": [
				{
					"name": "Cube10",
					"from": [ -2.0, 0.3, 0.1 ], 
					"to": [ 0.0, 1.9, 0.7 ], 
					"rotationOrigin": [ -2.0, 0.1, 0.0 ],
					"faces": {
						"north": { "texture": "#stone", "uv": [ 0.0, 0.0, 2.0, 1.5 ] },
						"east": { "texture": "#stone", "uv": [ 0.0, 0.0, 0.5, 1.5 ], "enabled": false },
						"south": { "texture": "#stone", "uv": [ 0.0, 0.0, 2.0, 1.5 ] },
						"west": { "texture": "#stone", "uv": [ 0.0, 0.0, 0.5, 1.5 ] },
						"up": { "texture": "#stone", "uv": [ 0.0, 0.0, 2.0, 0.5 ] },
						"down": { "texture": "#stone", "uv": [ 0.0, 0.0, 2.0, 0.5 ] }
					},
					"children": [
						{
							"name": "Cube11",
							"from": [ -1.0, 0.5, 0.1 ], 
							"to": [ 0.0, 1.5, 0.5 ], 
							"rotationOrigin": [ -1.0, 0.2, 0.0 ],
							"faces": {
								"north": { "texture": "#stone", "uv": [ 0.0, 0.0, 1.0, 1.0 ] },
								"east": { "texture": "#stone", "uv": [ 0.0, 0.0, 0.0, 1.0 ], "enabled": false },
								"south": { "texture": "#stone", "uv": [ 0.0, 0.0, 1.0, 1.0 ] },
								"west": { "texture": "#stone", "uv": [ 0.0, 0.0, 0.0, 1.0 ] },
								"up": { "texture": "#stone", "uv": [ 0.0, 0.0, 1.0, 0.25 ] },
								"down": { "texture": "#stone", "uv": [ 0.0, 0.0, 1.0, 0.25 ] }
							},
							"children": [
								{
									"name": "Cube6",
									"from": [ -0.2, -0.5, 0.1 ], 
									"to": [ 1.0, 0.7, 0.3 ], 
									"rotationOrigin": [ 0.0, -0.4, 0.0 ],
									"faces": {
										"north": { "texture": "#stone", "uv": [ 0.0, 0.0, 1.0, 1.0 ] },
										"east": { "texture": "#stone", "uv": [ 0.0, 0.0, 0.0, 1.0 ], "enabled": false },
										"south": { "texture": "#stone", "uv": [ 0.0, 0.0, 1.0, 1.0 ] },
										"west": { "texture": "#stone", "uv": [ 0.0, 0.0, 0.0, 1.0 ] },
										"up": { "texture": "#stone", "uv": [ 0.0, 0.0, 1.0, 0.0 ] },
										"down": { "texture": "#stone", "uv": [ 0.0, 0.0, 1.0, 0.0 ] }
									}
								}
							]
						},
						{
							"name": "Cube5",
							"from": [ 0.1, -0.3, 0.2 ], 
							"to": [ 2.0, 1.5, 0.4 ], 
							"rotationOrigin": [ 0.0, -0.2, 0.0 ],
							"faces": {
								"north": { "texture": "#stone", "uv": [ 0.0, 0.0, 1.5, 1.75 ] },
								"east": { "texture": "#stone", "uv": [ 0.0, 0.0, 0.0, 1.75 ], "enabled": false },
								"south": { "texture": "#stone", "uv": [ 0.0, 0.0, 1.5, 1.75 ] },
								"west": { "texture": "#stone", "uv": [ 0.0, 0.0, 0.0, 1.75 ] },
								"up": { "texture": "#stone", "uv": [ 0.0, 0.0, 1.5, 0.0 ] },
								"down": { "texture": "#stone", "uv": [ 0.0, 0.0, 1.5, 0.0 ] }
							}
						}
					]
				},
				{
					"name": "Cube4",
					"from": [ 3.0, 0.2, 0.0 ], 
					"to": [ 3.7, 1.8, 0.8 ], 
					"rotationOrigin": [ 3.0, 0.0, 0.0 ],
					"faces": {
						"north": { "texture": "#stone", "uv": [ 0.0, 0.0, 0.5, 1.5 ] },
						"east": { "texture": "#stone", "uv": [ 0.0, 0.0, 0.5, 1.5 ] },
						"south": { "texture": "#stone", "uv": [ 0.0, 0.0, 0.5, 1.5 ] },
						"west": { "texture": "#stone", "uv": [ 0.0, 0.0, 0.5, 1.5 ], "enabled": false },
						"up": { "texture": "#stone", "uv": [ 0.0, 0.0, 0.5, 0.75 ] },
						"down": { "texture": "#stone", "uv": [ 0.0, 0.0, 0.5, 0.75 ] }
					}
				}
			]
		}
	]}