{
	"editor": {
		"allAngles": false,
		"singleTexture": false
	},
	"textureWidth": 16,
	"textureHeight": 16,
	"textures": {
		"leatherstraps": "block/leatherstraps",
		"stone": "item/tool/material/flint",
		"kapok": "block/wood/debarked/kapok"
	},
	"elements": [
		{
			"name": "wood1",
			"from": [ 13.0, 7.5, 7.5 ], 
			"to": [ 18.0, 8.5, 8.5 ], 
			"rotationOrigin": [ 13.0, 7.5, 7.5 ],
			"faces": {
				"north": { "texture": "#kapok", "uv": [ 0.0, 0.0, 5.0, 1.0 ] },
				"east": { "texture": "#kapok", "uv": [ 0.0, 0.0, 1.0, 1.0 ], "enabled": false },
				"south": { "texture": "#kapok", "uv": [ 0.0, 0.0, 5.0, 1.0 ] },
				"west": { "texture": "#kapok", "uv": [ 0.0, 0.0, 1.0, 1.0 ], "enabled": false },
				"up": { "texture": "#kapok", "uv": [ 0.0, 0.0, 5.0, 1.0 ] },
				"down": { "texture": "#kapok", "uv": [ 0.0, 0.0, 5.0, 1.0 ] }
			},
			"children": [
				{
					"name": "wood-blade",
					"from": [ -14.0, 0.0, -1.0 ], 
					"to": [ -1.0, 1.0, 2.0 ], 
					"rotationOrigin": [ -14.0, 0.0, -1.0 ],
					"faces": {
						"north": { "texture": "#kapok", "uv": [ 0.0, 0.0, 13.0, 1.0 ] },
						"east": { "texture": "#kapok", "uv": [ 0.0, 0.0, 3.0, 1.0 ] },
						"south": { "texture": "#kapok", "uv": [ 0.0, 0.0, 13.0, 1.0 ] },
						"west": { "texture": "#kapok", "uv": [ 0.0, 0.0, 3.0, 1.0 ] },
						"up": { "texture": "#kapok", "uv": [ 0.0, 0.0, 13.0, 3.0 ] },
						"down": { "texture": "#kapok", "uv": [ 0.0, 0.0, 13.0, 3.0 ] }
					},
					"children": [
						{
							"name": "wood3",
							"from": [ 13.0, 0.0, 0.5 ], 
							"to": [ 14.0, 1.0, 2.5 ], 
							"rotationOrigin": [ 13.0, 0.0, 0.5 ],
							"faces": {
								"north": { "texture": "#kapok", "uv": [ 0.0, 0.0, 1.0, 1.0 ] },
								"east": { "texture": "#kapok", "uv": [ 0.0, 0.0, 2.0, 1.0 ] },
								"south": { "texture": "#kapok", "uv": [ 0.0, 0.0, 1.0, 1.0 ] },
								"west": { "texture": "#kapok", "uv": [ 0.0, 0.0, 2.0, 1.0 ], "enabled": false },
								"up": { "texture": "#kapok", "uv": [ 0.0, 0.0, 1.0, 2.0 ] },
								"down": { "texture": "#kapok", "uv": [ 0.0, 0.0, 1.0, 2.0 ] }
							}
						},
						{
							"name": "wood4",
							"from": [ -1.0, 0.0, 0.5 ], 
							"to": [ 0.0, 1.0, 2.5 ], 
							"rotationOrigin": [ -1.0, 0.0, 0.5 ],
							"faces": {
								"north": { "texture": "#kapok", "uv": [ 0.0, 0.0, 1.0, 1.0 ] },
								"east": { "texture": "#kapok", "uv": [ 0.0, 0.0, 2.0, 1.0 ], "enabled": false },
								"south": { "texture": "#kapok", "uv": [ 0.0, 0.0, 1.0, 1.0 ] },
								"west": { "texture": "#kapok", "uv": [ 0.0, 0.0, 2.0, 1.0 ] },
								"up": { "texture": "#kapok", "uv": [ 0.0, 0.0, 1.0, 2.0 ] },
								"down": { "texture": "#kapok", "uv": [ 0.0, 0.0, 1.0, 2.0 ] }
							}
						},
						{
							"name": "Cube1",
							"from": [ 0.5, 0.3, -0.7 ], 
							"to": [ 2.5, 0.8, 0.0 ], 
							"rotationOrigin": [ 1.0, 0.5, -0.2 ],
							"faces": {
								"north": { "texture": "#stone", "uv": [ 0.0, 0.0, 2.0, 0.5 ] },
								"east": { "texture": "#stone", "uv": [ 0.0, 0.0, 0.5, 0.5 ] },
								"south": { "texture": "#stone", "uv": [ 0.0, 0.0, 2.0, 0.5 ], "enabled": false },
								"west": { "texture": "#stone", "uv": [ 0.0, 0.0, 0.5, 0.5 ] },
								"up": { "texture": "#stone", "uv": [ 0.0, 0.0, 2.0, 0.5 ] },
								"down": { "texture": "#stone", "uv": [ 0.0, 0.0, 2.0, 0.5 ] }
							}
						},
						{
							"name": "Cube12",
							"from": [ 3.0, 0.3, -0.7 ], 
							"to": [ 5.0, 0.8, 0.0 ], 
							"rotationOrigin": [ 3.5, 0.5, -0.2 ],
							"faces": {
								"north": { "texture": "#stone", "uv": [ 0.0, 0.0, 2.0, 0.5 ] },
								"east": { "texture": "#stone", "uv": [ 0.0, 0.0, 0.5, 0.5 ] },
								"south": { "texture": "#stone", "uv": [ 0.0, 0.0, 2.0, 0.5 ], "enabled": false },
								"west": { "texture": "#stone", "uv": [ 0.0, 0.0, 0.5, 0.5 ] },
								"up": { "texture": "#stone", "uv": [ 0.0, 0.0, 2.0, 0.5 ] },
								"down": { "texture": "#stone", "uv": [ 0.0, 0.0, 2.0, 0.5 ] }
							}
						},
						{
							"name": "Cube13",
							"from": [ 5.5, 0.3, -0.7 ], 
							"to": [ 7.5, 0.8, 0.0 ], 
							"rotationOrigin": [ 6.0, 0.5, -0.2 ],
							"faces": {
								"north": { "texture": "#stone", "uv": [ 0.0, 0.0, 2.0, 0.5 ] },
								"east": { "texture": "#stone", "uv": [ 0.0, 0.0, 0.5, 0.5 ] },
								"south": { "texture": "#stone", "uv": [ 0.0, 0.0, 2.0, 0.5 ], "enabled": false },
								"west": { "texture": "#stone", "uv": [ 0.0, 0.0, 0.5, 0.5 ] },
								"up": { "texture": "#stone", "uv": [ 0.0, 0.0, 2.0, 0.5 ] },
								"down": { "texture": "#stone", "uv": [ 0.0, 0.0, 2.0, 0.5 ] }
							}
						},
						{
							"name": "Cube14",
							"from": [ 8.0, 0.3, -0.7 ], 
							"to": [ 10.0, 0.8, 0.0 ], 
							"rotationOrigin": [ 8.5, 0.5, -0.2 ],
							"faces": {
								"north": { "texture": "#stone", "uv": [ 0.0, 0.0, 2.0, 0.5 ] },
								"east": { "texture": "#stone", "uv": [ 0.0, 0.0, 0.5, 0.5 ] },
								"south": { "texture": "#stone", "uv": [ 0.0, 0.0, 2.0, 0.5 ], "enabled": false },
								"west": { "texture": "#stone", "uv": [ 0.0, 0.0, 0.5, 0.5 ] },
								"up": { "texture": "#stone", "uv": [ 0.0, 0.0, 2.0, 0.5 ] },
								"down": { "texture": "#stone", "uv": [ 0.0, 0.0, 2.0, 0.5 ] }
							}
						},
						{
							"name": "Cube15",
							"from": [ 10.5, 0.3, -0.7 ], 
							"to": [ 12.5, 0.8, 0.0 ], 
							"rotationOrigin": [ 11.0, 0.5, -0.2 ],
							"faces": {
								"north": { "texture": "#stone", "uv": [ 0.0, 0.0, 2.0, 0.5 ] },
								"east": { "texture": "#stone", "uv": [ 0.0, 0.0, 0.5, 0.5 ] },
								"south": { "texture": "#stone", "uv": [ 0.0, 0.0, 2.0, 0.5 ], "enabled": false },
								"west": { "texture": "#stone", "uv": [ 0.0, 0.0, 0.5, 0.5 ] },
								"up": { "texture": "#stone", "uv": [ 0.0, 0.0, 2.0, 0.5 ] },
								"down": { "texture": "#stone", "uv": [ 0.0, 0.0, 2.0, 0.5 ] }
							}
						},
						{
							"name": "Cube16",
							"from": [ 0.5, 0.3, 3.0 ], 
							"to": [ 2.5, 0.8, 3.7 ], 
							"rotationOrigin": [ 1.0, 0.5, 3.5 ],
							"faces": {
								"north": { "texture": "#stone", "uv": [ 0.0, 0.0, 2.0, 0.5 ], "enabled": false },
								"east": { "texture": "#stone", "uv": [ 0.0, 0.0, 0.5, 0.5 ] },
								"south": { "texture": "#stone", "uv": [ 0.0, 0.0, 2.0, 0.5 ] },
								"west": { "texture": "#stone", "uv": [ 0.0, 0.0, 0.5, 0.5 ] },
								"up": { "texture": "#stone", "uv": [ 0.0, 0.0, 2.0, 0.5 ] },
								"down": { "texture": "#stone", "uv": [ 0.0, 0.0, 2.0, 0.5 ] }
							}
						},
						{
							"name": "Cube17",
							"from": [ 3.0, 0.3, 3.0 ], 
							"to": [ 5.0, 0.8, 3.7 ], 
							"rotationOrigin": [ 3.5, 0.5, 3.5 ],
							"faces": {
								"north": { "texture": "#stone", "uv": [ 0.0, 0.0, 2.0, 0.5 ], "enabled": false },
								"east": { "texture": "#stone", "uv": [ 0.0, 0.0, 0.5, 0.5 ] },
								"south": { "texture": "#stone", "uv": [ 0.0, 0.0, 2.0, 0.5 ] },
								"west": { "texture": "#stone", "uv": [ 0.0, 0.0, 0.5, 0.5 ] },
								"up": { "texture": "#stone", "uv": [ 0.0, 0.0, 2.0, 0.5 ] },
								"down": { "texture": "#stone", "uv": [ 0.0, 0.0, 2.0, 0.5 ] }
							}
						},
						{
							"name": "Cube18",
							"from": [ 5.5, 0.3, 3.0 ], 
							"to": [ 7.5, 0.8, 3.7 ], 
							"rotationOrigin": [ 6.0, 0.5, 3.5 ],
							"faces": {
								"north": { "texture": "#stone", "uv": [ 0.0, 0.0, 2.0, 0.5 ], "enabled": false },
								"east": { "texture": "#stone", "uv": [ 0.0, 0.0, 0.5, 0.5 ] },
								"south": { "texture": "#stone", "uv": [ 0.0, 0.0, 2.0, 0.5 ] },
								"west": { "texture": "#stone", "uv": [ 0.0, 0.0, 0.5, 0.5 ] },
								"up": { "texture": "#stone", "uv": [ 0.0, 0.0, 2.0, 0.5 ] },
								"down": { "texture": "#stone", "uv": [ 0.0, 0.0, 2.0, 0.5 ] }
							}
						},
						{
							"name": "Cube19",
							"from": [ 8.0, 0.3, 3.0 ], 
							"to": [ 10.0, 0.8, 3.7 ], 
							"rotationOrigin": [ 8.5, 0.5, 3.5 ],
							"faces": {
								"north": { "texture": "#stone", "uv": [ 0.0, 0.0, 2.0, 0.5 ], "enabled": false },
								"east": { "texture": "#stone", "uv": [ 0.0, 0.0, 0.5, 0.5 ] },
								"south": { "texture": "#stone", "uv": [ 0.0, 0.0, 2.0, 0.5 ] },
								"west": { "texture": "#stone", "uv": [ 0.0, 0.0, 0.5, 0.5 ] },
								"up": { "texture": "#stone", "uv": [ 0.0, 0.0, 2.0, 0.5 ] },
								"down": { "texture": "#stone", "uv": [ 0.0, 0.0, 2.0, 0.5 ] }
							}
						},
						{
							"name": "Cube20",
							"from": [ 10.5, 0.3, 3.0 ], 
							"to": [ 12.5, 0.8, 3.7 ], 
							"rotationOrigin": [ 11.0, 0.5, 3.5 ],
							"faces": {
								"north": { "texture": "#stone", "uv": [ 0.0, 0.0, 2.0, 0.5 ], "enabled": false },
								"east": { "texture": "#stone", "uv": [ 0.0, 0.0, 0.5, 0.5 ] },
								"south": { "texture": "#stone", "uv": [ 0.0, 0.0, 2.0, 0.5 ] },
								"west": { "texture": "#stone", "uv": [ 0.0, 0.0, 0.5, 0.5 ] },
								"up": { "texture": "#stone", "uv": [ 0.0, 0.0, 2.0, 0.5 ] },
								"down": { "texture": "#stone", "uv": [ 0.0, 0.0, 2.0, 0.5 ] }
							}
						}
					]
				},
				{
					"name": "wood5",
					"from": [ 4.7, 0.0, 0.8 ], 
					"to": [ 5.4, 1.0, 2.8 ], 
					"rotationOrigin": [ 4.3, 0.0, 0.8 ],
					"rotationY": 45.0,
					"faces": {
						"north": { "texture": "#kapok", "uv": [ 0.0, 0.0, 0.5, 1.0 ] },
						"east": { "texture": "#kapok", "uv": [ 0.0, 0.0, 2.0, 1.0 ] },
						"south": { "texture": "#kapok", "uv": [ 0.0, 0.0, 0.5, 1.0 ] },
						"west": { "texture": "#kapok", "uv": [ 0.0, 0.0, 2.0, 1.0 ] },
						"up": { "texture": "#kapok", "uv": [ 0.0, 0.0, 0.5, 2.0 ] },
						"down": { "texture": "#kapok", "uv": [ 0.0, 0.0, 0.5, 2.0 ] }
					},
					"children": [
						{
							"name": "wood6",
							"from": [ 0.7, 0.0, 0.0 ], 
							"to": [ 1.3, 1.0, 0.7 ], 
							"rotationOrigin": [ 0.7, 0.0, 0.0 ],
							"faces": {
								"north": { "texture": "#kapok", "uv": [ 0.0, 0.0, 0.5, 1.0 ] },
								"east": { "texture": "#kapok", "uv": [ 0.0, 0.0, 0.5, 1.0 ], "enabled": false },
								"south": { "texture": "#kapok", "uv": [ 0.0, 0.0, 0.5, 1.0 ] },
								"west": { "texture": "#kapok", "uv": [ 0.0, 0.0, 0.5, 1.0 ], "enabled": false },
								"up": { "texture": "#kapok", "uv": [ 0.0, 0.0, 0.5, 0.5 ] },
								"down": { "texture": "#kapok", "uv": [ 0.0, 0.0, 0.5, 0.5 ] }
							}
						},
						{
							"name": "wood7",
							"from": [ 0.7, 0.0, 1.3 ], 
							"to": [ 1.3, 1.0, 2.0 ], 
							"rotationOrigin": [ 0.7, 0.0, 1.3 ],
							"faces": {
								"north": { "texture": "#kapok", "uv": [ 0.0, 0.0, 0.5, 1.0 ] },
								"east": { "texture": "#kapok", "uv": [ 0.0, 0.0, 0.5, 1.0 ], "enabled": false },
								"south": { "texture": "#kapok", "uv": [ 0.0, 0.0, 0.5, 1.0 ] },
								"west": { "texture": "#kapok", "uv": [ 0.0, 0.0, 0.5, 1.0 ], "enabled": false },
								"up": { "texture": "#kapok", "uv": [ 0.0, 0.0, 0.5, 0.5 ] },
								"down": { "texture": "#kapok", "uv": [ 0.0, 0.0, 0.5, 0.5 ] }
							}
						},
						{
							"name": "wood8",
							"from": [ 1.3, 0.0, 0.0 ], 
							"to": [ 2.0, 1.0, 2.0 ], 
							"rotationOrigin": [ 1.4, 0.0, 0.0 ],
							"faces": {
								"north": { "texture": "#kapok", "uv": [ 0.0, 0.0, 0.5, 1.0 ] },
								"east": { "texture": "#kapok", "uv": [ 0.0, 0.0, 2.0, 1.0 ] },
								"south": { "texture": "#kapok", "uv": [ 0.0, 0.0, 0.5, 1.0 ] },
								"west": { "texture": "#kapok", "uv": [ 0.0, 0.0, 2.0, 1.0 ] },
								"up": { "texture": "#kapok", "uv": [ 0.0, 0.0, 0.5, 2.0 ] },
								"down": { "texture": "#kapok", "uv": [ 0.0, 0.0, 0.5, 2.0 ] }
							}
						}
					]
				},
				{
					"name": "straps2",
					"from": [ 4.6, -0.1, -0.1 ], 
					"to": [ 5.3, 1.1, 1.1 ], 
					"rotationOrigin": [ 4.6, 0.0, -0.1 ],
					"faces": {
						"north": { "texture": "#leatherstraps", "uv": [ 0.0, 0.0, 4.5, 2.0 ], "autoUv": false },
						"east": { "texture": "#leatherstraps", "uv": [ 0.0, 0.0, 1.0, 1.0 ] },
						"south": { "texture": "#leatherstraps", "uv": [ 0.0, 0.0, 4.5, 2.0 ], "autoUv": false },
						"west": { "texture": "#leatherstraps", "uv": [ 0.0, 0.0, 1.0, 1.0 ] },
						"up": { "texture": "#leatherstraps", "uv": [ 0.0, 0.0, 4.5, 1.0 ], "autoUv": false },
						"down": { "texture": "#leatherstraps", "uv": [ 0.0, 0.0, 4.5, 3.0 ], "autoUv": false }
					}
				},
				{
					"name": "straps1",
					"from": [ 0.6, -0.1, -0.1 ], 
					"to": [ 4.3, 1.1, 1.1 ], 
					"rotationOrigin": [ 0.6, 0.0, -0.1 ],
					"faces": {
						"north": { "texture": "#leatherstraps", "uv": [ 0.0, 0.0, 15.5, 4.0 ], "autoUv": false },
						"east": { "texture": "#leatherstraps", "uv": [ 0.0, 0.0, 2.0, 3.0 ], "autoUv": false },
						"south": { "texture": "#leatherstraps", "uv": [ 0.0, 0.0, 15.5, 4.0 ], "autoUv": false },
						"west": { "texture": "#leatherstraps", "uv": [ 0.0, 0.0, 1.0, 1.0 ] },
						"up": { "texture": "#leatherstraps", "uv": [ 0.0, 0.0, 15.5, 3.0 ], "autoUv": false },
						"down": { "texture": "#leatherstraps", "uv": [ 0.0, 0.0, 15.5, 4.0 ], "autoUv": false }
					}
				}
			]
		}
	]}