{
	"editor": {
		"allAngles": true,
		"singleTexture": false
	},
	"textureWidth": 16,
	"textureHeight": 8,
	"textures": {
	},
	"elements": [
		{
			"name": "bone",
			"from": [ 4.5, 7.5, 7.5 ], 
			"to": [ 14.5, 8.5, 8.5 ], 
			"rotationOrigin": [ 3.0, 0.0, 8.0 ],
			"faces": {
				"north": { "texture": "#bone", "uv": [ 0.0, 5.0, 10.0, 6.0 ] },
				"east": { "texture": "#bone", "uv": [ 3.0, 0.0, 4.0, 1.0 ] },
				"south": { "texture": "#bone", "uv": [ 0.0, 3.5, 10.0, 4.5 ] },
				"west": { "texture": "#bone", "uv": [ 4.0, 0.0, 5.0, 1.0 ], "enabled": false },
				"up": { "texture": "#bone", "uv": [ 0.0, 4.5, 10.0, 5.5 ] },
				"down": { "texture": "#bone", "uv": [ 0.0, 5.0, 10.0, 6.0 ] }
			},
			"children": [
				{
					"name": "flint1",
					"from": [ 8.6, 0.1, -0.3 ], 
					"to": [ 9.1, 0.9, 1.3 ], 
					"rotationOrigin": [ 9.6, -0.1, -0.3 ],
					"faces": {
						"north": { "texture": "#stone", "uv": [ 7.0, 3.0, 7.5, 3.75 ], "enabled": false },
						"east": { "texture": "#stone", "uv": [ 1.0, 2.0, 2.5, 2.75 ] },
						"south": { "texture": "#stone", "uv": [ 6.0, 4.0, 6.5, 4.75 ] },
						"west": { "texture": "#stone", "uv": [ 6.0, 2.0, 7.5, 2.75 ] },
						"up": { "texture": "#stone", "uv": [ 3.0, 1.0, 3.5, 2.5 ] },
						"down": { "texture": "#stone", "uv": [ 4.0, 3.0, 4.5, 4.5 ] }
					},
					"children": [
						{
							"name": "flint2",
							"from": [ 0.0, -0.1, -1.4 ], 
							"to": [ 0.5, 0.9, 0.0 ], 
							"rotationOrigin": [ 0.7, -0.1, 1.6 ],
							"faces": {
								"north": { "texture": "#stone", "uv": [ 1.0, 5.0, 1.5, 6.0 ] },
								"east": { "texture": "#stone", "uv": [ 2.0, 5.0, 3.0, 6.0 ] },
								"south": { "texture": "#stone", "uv": [ 2.0, 7.0, 2.5, 8.0 ] },
								"west": { "texture": "#stone", "uv": [ 2.0, 6.0, 3.0, 7.0 ] },
								"up": { "texture": "#stone", "uv": [ 2.0, 2.0, 2.5, 3.0 ] },
								"down": { "texture": "#stone", "uv": [ 3.0, 3.0, 3.5, 4.0 ] }
							},
							"children": [
								{
									"name": "flint3",
									"from": [ 0.0, 0.0, -1.5 ], 
									"to": [ 0.2, 1.0, 0.0 ], 
									"rotationOrigin": [ 0.0, 0.0, -1.0 ],
									"faces": {
										"north": { "texture": "#stone", "uv": [ 0.0, 0.0, 0.0, 1.0 ] },
										"east": { "texture": "#stone", "uv": [ 0.0, 0.0, 1.5, 1.0 ] },
										"south": { "texture": "#stone", "uv": [ 0.0, 0.0, 0.0, 1.0 ], "enabled": false },
										"west": { "texture": "#stone", "uv": [ 0.0, 0.0, 1.5, 1.0 ] },
										"up": { "texture": "#stone", "uv": [ 0.0, 0.0, 0.0, 1.5 ] },
										"down": { "texture": "#stone", "uv": [ 0.0, 0.0, 0.0, 1.5 ] }
									}
								}
							]
						},
						{
							"name": "sinew",
							"from": [ -1.1, -0.2, 0.2 ], 
							"to": [ 0.6, 1.0, 1.4 ], 
							"rotationOrigin": [ -0.1, -0.2, 0.2 ],
							"faces": {
								"north": { "texture": "#sinew", "uv": [ 3.0, 1.0, 9.5, 5.0 ], "autoUv": false },
								"east": { "texture": "#sinew", "uv": [ 0.0, 0.0, 1.0, 1.0 ] },
								"south": { "texture": "#sinew", "uv": [ 2.0, 1.0, 8.5, 5.0 ], "autoUv": false },
								"west": { "texture": "#sinew", "uv": [ 0.0, 0.0, 1.0, 1.0 ] },
								"up": { "texture": "#sinew", "uv": [ 6.0, 2.0, 12.5, 6.0 ], "autoUv": false },
								"down": { "texture": "#sinew", "uv": [ 2.0, 1.0, 8.5, 5.0 ], "autoUv": false }
							}
						}
					]
				},
				{
					"name": "bone2",
					"from": [ 9.7, -0.1, 0.2 ], 
					"to": [ 11.0, 1.1, 1.2 ], 
					"rotationOrigin": [ 9.7, -0.1, 0.2 ],
					"rotationY": -19.0,
					"faces": {
						"north": { "texture": "#bone", "uv": [ 0.0, 0.0, 1.0, 1.0 ] },
						"east": { "texture": "#bone", "uv": [ 0.0, 0.0, 1.0, 1.0 ] },
						"south": { "texture": "#bone", "uv": [ 0.0, 0.0, 1.0, 1.0 ] },
						"west": { "texture": "#bone", "uv": [ 0.0, 0.0, 1.0, 1.0 ] },
						"up": { "texture": "#bone", "uv": [ 0.0, 0.0, 1.0, 1.0 ] },
						"down": { "texture": "#bone", "uv": [ 0.0, 0.0, 1.0, 1.0 ] }
					},
					"children": [
						{
							"name": "bone3",
							"from": [ 0.1, 0.2, -0.3 ], 
							"to": [ 1.1, 1.0, 0.1 ], 
							"rotationOrigin": [ 0.1, 0.2, -0.3 ],
							"faces": {
								"north": { "texture": "#bone", "uv": [ 0.0, 0.0, 1.0, 0.75 ], "enabled": false },
								"east": { "texture": "#bone", "uv": [ 0.0, 0.0, 0.0, 0.75 ] },
								"south": { "texture": "#bone", "uv": [ 0.0, 0.0, 1.0, 0.75 ], "enabled": false },
								"west": { "texture": "#bone", "uv": [ 0.0, 0.0, 0.0, 0.75 ] },
								"up": { "texture": "#bone", "uv": [ 0.0, 0.0, 1.0, 0.25 ] },
								"down": { "texture": "#bone", "uv": [ 0.0, 0.0, 1.0, 0.25 ] }
							},
							"children": [
								{
									"name": "bone4",
									"from": [ 0.0, -0.1, -0.9 ], 
									"to": [ 1.1, 0.9, 0.0 ], 
									"rotationOrigin": [ 0.1, -0.1, -0.9 ],
									"faces": {
										"north": { "texture": "#bone", "uv": [ 0.0, 0.0, 1.0, 1.0 ] },
										"east": { "texture": "#bone", "uv": [ 0.0, 0.0, 0.5, 1.0 ] },
										"south": { "texture": "#bone", "uv": [ 0.0, 0.0, 1.0, 1.0 ] },
										"west": { "texture": "#bone", "uv": [ 0.0, 0.0, 0.5, 1.0 ] },
										"up": { "texture": "#bone", "uv": [ 0.0, 0.0, 1.0, 0.75 ] },
										"down": { "texture": "#bone", "uv": [ 0.0, 0.0, 1.0, 0.75 ] }
									}
								}
							]
						}
					]
				},
				{
					"name": "Cube1",
					"from": [ -0.3, -0.1, 0.6 ], 
					"to": [ 0.7, 1.1, 1.7 ], 
					"rotationOrigin": [ -0.3, -0.1, 0.6 ],
					"rotationY": 11.0,
					"faces": {
						"north": { "texture": "#bone", "uv": [ 0.0, 0.0, 1.0, 1.0 ] },
						"east": { "texture": "#bone", "uv": [ 0.0, 0.0, 1.0, 1.0 ] },
						"south": { "texture": "#bone", "uv": [ 0.0, 0.0, 1.0, 1.0 ] },
						"west": { "texture": "#bone", "uv": [ 0.0, 0.0, 1.0, 1.0 ] },
						"up": { "texture": "#bone", "uv": [ 0.0, 0.0, 1.0, 1.0 ] },
						"down": { "texture": "#bone", "uv": [ 0.0, 0.0, 1.0, 1.0 ] }
					},
					"children": [
						{
							"name": "Cube11",
							"from": [ 0.0, -0.1, -1.3 ], 
							"to": [ 1.2, 1.3, 0.0 ], 
							"rotationOrigin": [ 0.0, -0.1, -1.3 ],
							"rotationY": -17.0,
							"faces": {
								"north": { "texture": "#bone", "uv": [ 0.0, 0.0, 1.0, 1.0 ] },
								"east": { "texture": "#bone", "uv": [ 0.0, 0.0, 1.0, 1.0 ] },
								"south": { "texture": "#bone", "uv": [ 0.0, 0.0, 1.0, 1.0 ] },
								"west": { "texture": "#bone", "uv": [ 0.0, 0.0, 1.0, 1.0 ] },
								"up": { "texture": "#bone", "uv": [ 0.0, 0.0, 1.0, 1.0 ] },
								"down": { "texture": "#bone", "uv": [ 0.0, 0.0, 1.0, 1.0 ] }
							}
						}
					]
				}
			]
		}
	]}