{
	"editor": {
		"allAngles": true,
		"singleTexture": false
	},
	"textureWidth": 16,
	"textureHeight": 16,
	"textures": {

	},
	"elements": [
		{
			"name": "body",
			"from": [ 6.0, 0.0, 7.7 ], 
			"to": [ 10.0, 0.5, 8.2 ], 
			"rotationOrigin": [ 8.0, 0.5, 8.2 ],
			"rotationY": -180.0,
			"faces": {
				"north": { "texture": "#texture", "uv": [ 16.0, 4.5, 14.5, 12.5 ], "rotation": 270, "autoUv": false },
				"east": { "texture": "#texture", "uv": [ 12.5, 5.0, 13.0, 5.5 ], "rotation": 180 },
				"south": { "texture": "#texture", "uv": [ 14.0, 4.5, 15.5, 12.5 ], "rotation": 90, "autoUv": false },
				"west": { "texture": "#texture", "uv": [ 12.5, 12.5, 13.5, 13.5 ], "autoUv": false },
				"up": { "texture": "#texture", "uv": [ 12.0, 4.5, 13.0, 12.5 ], "rotation": 90, "autoUv": false },
				"down": { "texture": "#texture", "uv": [ 13.5, 4.5, 14.5, 11.5 ], "rotation": 270, "autoUv": false }
			},
			"children": [
				{
					"name": "right wing",
					"from": [ -1.5, 0.4, 0.5 ], 
					"to": [ 6.5, 0.5, 6.5 ], 
					"rotationOrigin": [ 2.0, 0.5, 0.5 ],
					"faces": {
						"north": { "texture": "#texture", "uv": [ 1.0, 0.0, 1.0, 8.0 ], "rotation": 90, "enabled": false },
						"east": { "texture": "#texture", "uv": [ 0.0, 0.0, 6.0, 0.0 ], "enabled": false },
						"south": { "texture": "#texture", "uv": [ 0.0, 0.0, 8.0, 0.0 ], "enabled": false },
						"west": { "texture": "#texture", "uv": [ 0.0, 0.0, 6.0, 0.0 ], "enabled": false },
						"up": { "texture": "#texture", "uv": [ 12.0, 0.0, 0.0, 16.0 ], "rotation": 90, "autoUv": false },
						"down": { "texture": "#texture", "uv": [ 8.0, 0.0, 16.0, 6.0 ], "enabled": false }
					}
				},
				{
					"name": "left wing",
					"from": [ -1.5, 0.4, -6.0 ], 
					"to": [ 6.5, 0.5, 0.0 ], 
					"rotationOrigin": [ 2.0, 0.5, 0.0 ],
					"faces": {
						"north": { "texture": "#texture", "uv": [ 0.0, 0.0, 12.0, 0.0 ], "enabled": false, "autoUv": false },
						"east": { "texture": "#texture", "uv": [ 0.0, 0.0, 6.0, 0.0 ], "enabled": false },
						"south": { "texture": "#texture", "uv": [ 0.0, 0.0, 8.0, 0.0 ], "enabled": false },
						"west": { "texture": "#texture", "uv": [ 0.0, 0.0, 6.0, 0.0 ], "enabled": false },
						"up": { "texture": "#texture", "uv": [ 0.0, 0.0, 12.0, 16.0 ], "rotation": 90, "autoUv": false },
						"down": { "texture": "#texture", "uv": [ 8.0, 0.0, 16.0, 6.0 ], "enabled": false }
					}
				}
			]
		}
	],
	"animations": [
		{
			"name": "Fly",
			"code": "fly",
			"quantityframes": 12,
			"onActivityStopped": "Rewind",
			"onAnimationEnd": "Repeat",
			"keyframes": [
				{
					"frame": 1,
					"elements": {
						"body": {  },
						"right wing": { "rotationX": 0.0, "rotationY": 0.0, "rotationZ": 0.0 },
						"left wing": { "rotationX": 0.0, "rotationY": 0.0, "rotationZ": 0.0 }
					}
				},
				{
					"frame": 7,
					"elements": {
						"body": {  },
						"left wing": { "rotationX": 85.0, "rotationY": 0.0, "rotationZ": 0.0 },
						"right wing": { "rotationX": -85.0, "rotationY": 0.0, "rotationZ": 0.0 }
					}
				},
				{
					"frame": 11,
					"elements": {
						"body": {  },
						"right wing": { "rotationX": 8.0, "rotationY": 0.0, "rotationZ": 0.0 },
						"left wing": { "rotationX": -8.0, "rotationY": 0.0, "rotationZ": 0.0 }
					}
				}
			]
		},

		{
			"name": "Feed",
			"code": "feed",
			"quantityframes": 100,
			"onActivityStopped": "Rewind",
			"onAnimationEnd": "Repeat",
			"keyframes": [
				{
					"frame": 0,
					"elements": {
						"body": {  },
						"right wing": { "rotationX": 0.0, "rotationY": 0.0, "rotationZ": 0.0 },
						"left wing": { "rotationX": 0.0, "rotationY": 0.0, "rotationZ": 0.0 }
					}
				},
				{
					"frame": 30,
					"elements": {
						"body": {  },
						"left wing": { "rotationX": 93.0, "rotationY": 0.0, "rotationZ": 0.0 },
						"right wing": { "rotationX": -93.0, "rotationY": 0.0, "rotationZ": 0.0 }
					}
				},
				{
					"frame": 60,
					"elements": {
						"body": {  },
						"right wing": { "rotationX": -93.0, "rotationY": 0.0, "rotationZ": 0.0 },
						"left wing": { "rotationX": 93.0, "rotationY": 0.0, "rotationZ": 0.0 }
					}
				},
				{
					"frame": 90,
					"elements": {
						"body": {  },
						"right wing": { "rotationX": 0.0, "rotationY": 0.0, "rotationZ": 0.0 },
						"left wing": { "rotationX": 0.0, "rotationY": 0.0, "rotationZ": 0.0 }
					}
				}
			]
		},

		{
			"name": "Rest",
			"code": "rest",
			"quantityframes": 5,
			"onActivityStopped": "Rewind",
			"onAnimationEnd": "Repeat",
			"keyframes": [
				{
					"frame": 4,
					"elements": {
						"body": {  },
						"right wing": { "rotationX": -93.0, "rotationY": 0.0, "rotationZ": 0.0 },
						"left wing": { "rotationX": 93.0, "rotationY": 0.0, "rotationZ": 0.0 }
					}
				}
			]
		},

		{
			"name": "Glide",
			"code": "glide",
			"quantityframes": 20,
			"onActivityStopped": "Rewind",
			"onAnimationEnd": "Repeat",
			"keyframes": [
				{
					"frame": 5,
					"elements": {
						"body": { "offsetX": -0.0, "offsetY": 0.0, "offsetZ": 1.0, "rotationX": -11.0, "rotationY": 0.0, "rotationZ": 0.0 },
						"right wing": { "rotationX": -10.0, "rotationY": 0.0, "rotationZ": 0.0 },
						"left wing": { "rotationX": 2.0, "rotationY": 0.0, "rotationZ": 0.0 }
					}
				},
				{
					"frame": 15,
					"elements": {
						"body": { "offsetX": 0.0, "offsetY": 0.0, "offsetZ": -1.0, "rotationX": 11.0, "rotationY": 0.0, "rotationZ": 0.0 },
						"right wing": { "rotationX": -2.0, "rotationY": 0.0, "rotationZ": 0.0 },
						"left wing": { "rotationX": 10.0, "rotationY": 0.0, "rotationZ": 0.0 }
					}
				}
			]
		}
	]
}