{
	"editor": {
		"allAngles": true,
		"singleTexture": true
	},
	"textureWidth": 16,
	"textureHeight": 16,
	"textures": {
	},
	"elements": [
		{
			"name": "Body",
			"from": [ 6.0, 0.8, 7.0 ], 
			"to": [ 9.0, 2.8, 9.0 ], 
			"uv": [ 0.0, 0.0 ],
			"rotationOrigin": [ 7.5, 1.8, 8.0 ],
			"rotationZ": -25.0,
			"faces": {
				"north": { "texture": "#texture", "uv": [ 0.0, 2.0, 3.0, 4.0 ] },
				"east": { "texture": "#texture", "uv": [ 3.0, 2.0, 5.0, 4.0 ] },
				"south": { "texture": "#texture", "uv": [ 5.0, 2.0, 8.0, 4.0 ] },
				"west": { "texture": "#texture", "uv": [ 8.0, 2.0, 10.0, 4.0 ] },
				"up": { "texture": "#texture", "uv": [ 0.0, 0.0, 3.0, 2.0 ] },
				"down": { "texture": "#texture", "uv": [ 3.0, 0.0, 6.0, 2.0 ] }
			},
			"children": [
				{
					"name": "Tail",
					"from": [ 3.0, 1.0, 0.7 ], 
					"to": [ 3.6, 1.6, 1.3 ], 
					"uv": [ 0.0, 10.0 ],
					"rotationOrigin": [ 3.0, 1.2, 1.0 ],
					"faces": {
						"north": { "texture": "#texture", "uv": [ 0.0, 10.5, 0.5, 11.0 ] },
						"east": { "texture": "#texture", "uv": [ 0.5, 10.5, 1.0, 11.0 ] },
						"south": { "texture": "#texture", "uv": [ 1.0, 10.5, 1.5, 11.0 ] },
						"west": { "texture": "#texture", "uv": [ 1.5, 10.5, 2.0, 11.0 ] },
						"up": { "texture": "#texture", "uv": [ 0.0, 10.0, 0.5, 10.5 ] },
						"down": { "texture": "#texture", "uv": [ 0.5, 10.0, 1.0, 10.5 ] }
					}
				},
				{
					"name": "Head",
					"from": [ -1.4, 0.9, 0.3 ], 
					"to": [ 0.0, 2.3, 1.7 ], 
					"uv": [ 0.0, 4.0 ],
					"rotationOrigin": [ -0.6, 1.6, 1.0 ],
					"rotationZ": 25.0,
					"faces": {
						"north": { "texture": "#texture", "uv": [ 0.0, 5.25, 1.25, 6.5 ] },
						"east": { "texture": "#texture", "uv": [ 1.25, 5.25, 2.5, 6.5 ] },
						"south": { "texture": "#texture", "uv": [ 2.5, 5.25, 3.75, 6.5 ] },
						"west": { "texture": "#texture", "uv": [ 3.75, 5.25, 5.0, 6.5 ] },
						"up": { "texture": "#texture", "uv": [ 0.0, 4.0, 1.25, 5.25 ] },
						"down": { "texture": "#texture", "uv": [ 1.25, 4.0, 2.5, 5.25 ] }
					},
					"children": [
						{
							"name": "EarR",
							"from": [ 1.1, 1.4, 0.0 ], 
							"to": [ 1.5, 2.4, 0.5 ], 
							"uv": [ 7.0, 0.0 ],
							"rotationOrigin": [ 1.1, 1.4, 0.2 ],
							"faces": {
								"north": { "texture": "#texture", "uv": [ 7.0, 0.5, 7.25, 1.5 ] },
								"east": { "texture": "#texture", "uv": [ 7.25, 0.5, 7.75, 1.5 ] },
								"south": { "texture": "#texture", "uv": [ 7.75, 0.5, 8.0, 1.5 ] },
								"west": { "texture": "#texture", "uv": [ 8.0, 0.5, 8.5, 1.5 ] },
								"up": { "texture": "#texture", "uv": [ 7.0, 0.0, 7.25, 0.5 ] },
								"down": { "texture": "#texture", "uv": [ 7.25, 0.0, 7.5, 0.5 ] }
							}
						},
						{
							"name": "EarL",
							"from": [ 1.1, 1.4, 0.9 ], 
							"to": [ 1.5, 2.4, 1.4 ], 
							"uv": [ 9.0, 0.0 ],
							"rotationOrigin": [ 1.1, 1.4, 1.1 ],
							"faces": {
								"north": { "texture": "#texture", "uv": [ 9.0, 0.5, 9.25, 1.5 ] },
								"east": { "texture": "#texture", "uv": [ 9.25, 0.5, 9.75, 1.5 ] },
								"south": { "texture": "#texture", "uv": [ 9.75, 0.5, 10.0, 1.5 ] },
								"west": { "texture": "#texture", "uv": [ 10.0, 0.5, 10.5, 1.5 ] },
								"up": { "texture": "#texture", "uv": [ 9.0, 0.0, 9.25, 0.5 ] },
								"down": { "texture": "#texture", "uv": [ 9.25, 0.0, 9.5, 0.5 ] }
							}
						}
					]
				},
				{
					"name": "FrontLegR",
					"from": [ 0.0, -1.7, 0.0 ], 
					"to": [ 0.5, 0.0, 0.5 ], 
					"uv": [ 3.0, 7.0 ],
					"rotationOrigin": [ 0.0, -0.1, 0.2 ],
					"rotationZ": 11.0,
					"faces": {
						"north": { "texture": "#texture", "uv": [ 3.0, 7.5, 3.5, 9.0 ] },
						"east": { "texture": "#texture", "uv": [ 3.5, 7.5, 4.0, 9.0 ] },
						"south": { "texture": "#texture", "uv": [ 4.0, 7.5, 4.5, 9.0 ] },
						"west": { "texture": "#texture", "uv": [ 4.5, 7.5, 5.0, 9.0 ] },
						"up": { "texture": "#texture", "uv": [ 3.0, 7.0, 3.5, 7.5 ] },
						"down": { "texture": "#texture", "uv": [ 3.5, 7.0, 4.0, 7.5 ] }
					}
				},
				{
					"name": "FrontLegL",
					"from": [ 0.0, -1.7, 1.5 ], 
					"to": [ 0.5, 0.0, 2.0 ], 
					"uv": [ 0.0, 7.0 ],
					"rotationOrigin": [ 0.0, -0.1, 1.7 ],
					"rotationZ": 11.0,
					"faces": {
						"north": { "texture": "#texture", "uv": [ 0.0, 7.5, 0.5, 9.0 ] },
						"east": { "texture": "#texture", "uv": [ 0.5, 7.5, 1.0, 9.0 ] },
						"south": { "texture": "#texture", "uv": [ 1.0, 7.5, 1.5, 9.0 ] },
						"west": { "texture": "#texture", "uv": [ 1.5, 7.5, 2.0, 9.0 ] },
						"up": { "texture": "#texture", "uv": [ 0.0, 7.0, 0.5, 7.5 ] },
						"down": { "texture": "#texture", "uv": [ 0.5, 7.0, 1.0, 7.5 ] }
					}
				},
				{
					"name": "BackLegR",
					"from": [ 1.3, -0.4, -0.5 ], 
					"to": [ 3.0, 0.1, 0.0 ], 
					"uv": [ 6.0, 7.0 ],
					"rotationOrigin": [ 3.0, -0.3, 0.1 ],
					"rotationZ": 25.0,
					"faces": {
						"north": { "texture": "#texture", "uv": [ 6.0, 7.5, 7.5, 8.0 ] },
						"east": { "texture": "#texture", "uv": [ 7.5, 7.5, 8.0, 8.0 ] },
						"south": { "texture": "#texture", "uv": [ 8.0, 7.5, 9.5, 8.0 ] },
						"west": { "texture": "#texture", "uv": [ 9.5, 7.5, 10.0, 8.0 ] },
						"up": { "texture": "#texture", "uv": [ 6.0, 7.0, 7.5, 7.5 ] },
						"down": { "texture": "#texture", "uv": [ 7.5, 7.0, 9.0, 7.5 ] }
					},
					"children": [
						{
							"name": "Cube1",
							"from": [ 0.5, 0.7, 0.0 ], 
							"to": [ 1.9, 2.1, 0.5 ], 
							"uv": [ 3.0, 10.0 ],
							"rotationOrigin": [ 1.5, 0.7, 0.0 ],
							"rotationZ": -35.0,
							"faces": {
								"north": { "texture": "#texture", "uv": [ 3.0, 10.5, 4.25, 11.75 ] },
								"east": { "texture": "#texture", "uv": [ 4.25, 10.5, 4.75, 11.75 ] },
								"south": { "texture": "#texture", "uv": [ 4.75, 10.5, 6.0, 11.75 ] },
								"west": { "texture": "#texture", "uv": [ 6.0, 10.5, 6.5, 11.75 ] },
								"up": { "texture": "#texture", "uv": [ 3.0, 10.0, 4.25, 10.5 ] },
								"down": { "texture": "#texture", "uv": [ 4.25, 10.0, 5.5, 10.5 ] }
							}
						}
					]
				},
				{
					"name": "BackLegL",
					"from": [ 1.3, -0.4, 2.0 ], 
					"to": [ 3.0, 0.1, 2.5 ], 
					"uv": [ 6.0, 5.0 ],
					"rotationOrigin": [ 3.0, -0.3, 2.0 ],
					"rotationZ": 25.0,
					"faces": {
						"north": { "texture": "#texture", "uv": [ 6.0, 5.5, 7.5, 6.0 ] },
						"east": { "texture": "#texture", "uv": [ 7.5, 5.5, 8.0, 6.0 ] },
						"south": { "texture": "#texture", "uv": [ 8.0, 5.5, 9.5, 6.0 ] },
						"west": { "texture": "#texture", "uv": [ 9.5, 5.5, 10.0, 6.0 ] },
						"up": { "texture": "#texture", "uv": [ 6.0, 5.0, 7.5, 5.5 ] },
						"down": { "texture": "#texture", "uv": [ 7.5, 5.0, 9.0, 5.5 ] }
					},
					"children": [
						{
							"name": "Cube12",
							"from": [ 0.5, 0.7, 0.0 ], 
							"to": [ 1.9, 2.1, 0.5 ], 
							"uv": [ 7.0, 10.0 ],
							"rotationOrigin": [ 1.5, 0.7, 0.0 ],
							"rotationZ": -35.0,
							"faces": {
								"north": { "texture": "#texture", "uv": [ 7.0, 10.5, 8.25, 11.75 ] },
								"east": { "texture": "#texture", "uv": [ 8.25, 10.5, 8.75, 11.75 ] },
								"south": { "texture": "#texture", "uv": [ 8.75, 10.5, 10.0, 11.75 ] },
								"west": { "texture": "#texture", "uv": [ 10.0, 10.5, 10.5, 11.75 ] },
								"up": { "texture": "#texture", "uv": [ 7.0, 10.0, 8.25, 10.5 ] },
								"down": { "texture": "#texture", "uv": [ 8.25, 10.0, 9.5, 10.5 ] }
							}
						}
					]
				}
			]
		}
	],
	"animations": [
		{
			"name": "idle",
			"code": "idle",
			"quantityframes": 20,
			"onActivityStopped": "Rewind",
			"onAnimationEnd": "Repeat",
			"keyframes": [
				{
					"frame": 0,
					"elements": {
						"Body": { "offsetX": 0.0, "offsetY": 0.0, "offsetZ": 0.0, "rotationX": 0.0, "rotationY": 0.0, "rotationZ": 0.0 },
						"Head": { "offsetX": 0.0, "offsetY": 0.0, "offsetZ": 0.0, "rotationX": 0.0, "rotationY": 0.0, "rotationZ": 0.0 },
						"EarR": { "offsetX": 0.0, "offsetY": 0.0, "offsetZ": 0.0, "rotationX": 0.0, "rotationY": 0.0, "rotationZ": 0.0 },
						"EarL": { "offsetX": 0.0, "offsetY": 0.0, "offsetZ": 0.0, "rotationX": 0.0, "rotationY": 0.0, "rotationZ": 0.0 },
						"Tail": { "offsetX": 0.0, "offsetY": 0.0, "offsetZ": 0.0, "rotationX": 0.0, "rotationY": 0.0, "rotationZ": 0.0 },
						"FrontLegR": { "offsetX": 0.0, "offsetY": 0.0, "offsetZ": 0.0, "rotationX": 0.0, "rotationY": 0.0, "rotationZ": 0.0 },
						"FrontLegL": { "offsetX": 0.0, "offsetY": 0.0, "offsetZ": 0.0, "rotationX": 0.0, "rotationY": 0.0, "rotationZ": 0.0 },
						"BackLegR": { "offsetX": 0.0, "offsetY": 0.0, "offsetZ": 0.0, "rotationX": 0.0, "rotationY": 0.0, "rotationZ": 0.0 },
						"Cube1": { "offsetX": 0.0, "offsetY": 0.0, "offsetZ": 0.0, "rotationX": 0.0, "rotationY": 0.0, "rotationZ": 0.0 },
						"BackLegL": { "offsetX": 0.0, "offsetY": 0.0, "offsetZ": 0.0, "rotationX": 0.0, "rotationY": 0.0, "rotationZ": 0.0 },
						"Cube12": { "offsetX": 0.0, "offsetY": 0.0, "offsetZ": 0.0, "rotationX": 0.0, "rotationY": 0.0, "rotationZ": 0.0 }
					}
				},
				{
					"frame": 5,
					"elements": {
						"Body": { "offsetX": 0.0, "offsetY": 0.0, "offsetZ": 0.0, "rotationX": 0.0, "rotationY": 0.0, "rotationZ": 3.0 },
						"Tail": { "offsetX": 0.0, "offsetY": 0.0, "offsetZ": 0.0, "rotationX": 0.0, "rotationY": 0.0, "rotationZ": 0.0 },
						"Head": { "offsetX": 0.0, "offsetY": 0.0, "offsetZ": 0.0, "rotationX": 0.0, "rotationY": 0.0, "rotationZ": -3.0 },
						"EarR": { "offsetX": 0.0, "offsetY": 0.0, "offsetZ": 0.0, "rotationX": 0.0, "rotationY": 0.0, "rotationZ": 0.0 },
						"EarL": { "offsetX": 0.0, "offsetY": 0.0, "offsetZ": 0.0, "rotationX": 0.0, "rotationY": 0.0, "rotationZ": 0.0 },
						"FrontLegR": { "offsetX": 0.0, "offsetY": 0.0, "offsetZ": 0.0, "rotationX": 0.0, "rotationY": 0.0, "rotationZ": 0.0 },
						"FrontLegL": { "offsetX": 0.0, "offsetY": 0.0, "offsetZ": 0.0, "rotationX": 0.0, "rotationY": 0.0, "rotationZ": 0.0 },
						"BackLegR": { "offsetX": 0.0, "offsetY": 0.0, "offsetZ": 0.0, "rotationX": 0.0, "rotationY": 0.0, "rotationZ": 0.0 },
						"Cube1": { "offsetX": 0.0, "offsetY": 0.0, "offsetZ": 0.0, "rotationX": 0.0, "rotationY": 0.0, "rotationZ": 0.0 },
						"BackLegL": { "offsetX": 0.0, "offsetY": 0.0, "offsetZ": 0.0, "rotationX": 0.0, "rotationY": 0.0, "rotationZ": 0.0 },
						"Cube12": { "offsetX": 0.0, "offsetY": 0.0, "offsetZ": 0.0, "rotationX": 0.0, "rotationY": 0.0, "rotationZ": 0.0 }
					}
				},
				{
					"frame": 10,
					"elements": {
						"Body": { "offsetX": 0.0, "offsetY": 0.0, "offsetZ": 0.0, "rotationX": 0.0, "rotationY": 0.0, "rotationZ": 1.0 },
						"Tail": { "offsetX": 0.0, "offsetY": 0.0, "offsetZ": 0.0, "rotationX": 0.0, "rotationY": 0.0, "rotationZ": 0.0 },
						"Head": { "offsetX": 0.0, "offsetY": 0.0, "offsetZ": 0.0, "rotationX": 0.0, "rotationY": 0.0, "rotationZ": -3.0 },
						"EarR": { "offsetX": 0.0, "offsetY": 0.0, "offsetZ": 0.0, "rotationX": 0.0, "rotationY": -17.0, "rotationZ": -6.0 },
						"EarL": { "offsetX": 0.0, "offsetY": 0.0, "offsetZ": 0.0, "rotationX": 0.0, "rotationY": 6.0, "rotationZ": 0.0 },
						"FrontLegR": { "offsetX": 0.0, "offsetY": 0.0, "offsetZ": 0.0, "rotationX": 0.0, "rotationY": 0.0, "rotationZ": 0.0 },
						"FrontLegL": { "offsetX": 0.0, "offsetY": 0.0, "offsetZ": 0.0, "rotationX": 0.0, "rotationY": 0.0, "rotationZ": 0.0 },
						"BackLegR": { "offsetX": 0.0, "offsetY": 0.0, "offsetZ": 0.0, "rotationX": 0.0, "rotationY": 0.0, "rotationZ": 0.0 },
						"Cube1": { "offsetX": 0.0, "offsetY": 0.0, "offsetZ": 0.0, "rotationX": 0.0, "rotationY": 0.0, "rotationZ": 0.0 },
						"BackLegL": { "offsetX": 0.0, "offsetY": 0.0, "offsetZ": 0.0, "rotationX": 0.0, "rotationY": 0.0, "rotationZ": 0.0 },
						"Cube12": { "offsetX": 0.0, "offsetY": 0.0, "offsetZ": 0.0, "rotationX": 0.0, "rotationY": 0.0, "rotationZ": 0.0 }
					}
				},
				{
					"frame": 15,
					"elements": {
						"Body": { "offsetX": 0.0, "offsetY": 0.0, "offsetZ": 0.0, "rotationX": 0.0, "rotationY": 0.0, "rotationZ": 3.0 },
						"Tail": { "offsetX": 0.0, "offsetY": 0.0, "offsetZ": 0.0, "rotationX": 0.0, "rotationY": 0.0, "rotationZ": 0.0 },
						"Head": { "offsetX": 0.0, "offsetY": 0.0, "offsetZ": 0.0, "rotationX": 0.0, "rotationY": 0.0, "rotationZ": -3.0 },
						"EarR": { "offsetX": 0.0, "offsetY": 0.0, "offsetZ": 0.0, "rotationX": 0.0, "rotationY": 3.0, "rotationZ": 3.0 },
						"EarL": { "offsetX": 0.0, "offsetY": 0.0, "offsetZ": 0.0, "rotationX": 0.0, "rotationY": 6.0, "rotationZ": 0.0 },
						"FrontLegR": { "offsetX": 0.0, "offsetY": 0.0, "offsetZ": 0.0, "rotationX": 0.0, "rotationY": 0.0, "rotationZ": 0.0 },
						"FrontLegL": { "offsetX": 0.0, "offsetY": 0.0, "offsetZ": 0.0, "rotationX": 0.0, "rotationY": 0.0, "rotationZ": 0.0 },
						"BackLegR": { "offsetX": 0.0, "offsetY": 0.0, "offsetZ": 0.0, "rotationX": 0.0, "rotationY": 0.0, "rotationZ": 0.0 },
						"Cube1": { "offsetX": 0.0, "offsetY": 0.0, "offsetZ": 0.0, "rotationX": 0.0, "rotationY": 0.0, "rotationZ": 0.0 },
						"BackLegL": { "offsetX": 0.0, "offsetY": 0.0, "offsetZ": 0.0, "rotationX": 0.0, "rotationY": 0.0, "rotationZ": 0.0 },
						"Cube12": { "offsetX": 0.0, "offsetY": 0.0, "offsetZ": 0.0, "rotationX": 0.0, "rotationY": 0.0, "rotationZ": 0.0 }
					}
				}
			]
		},

		{
			"name": "run",
			"code": "run",
			"quantityframes": 30,
			"onActivityStopped": "Stop",
			"onAnimationEnd": "Repeat",
			"keyframes": [
				{
					"frame": 0,
					"elements": {
						"Body": { "offsetX": 0.0, "offsetY": 0.0, "offsetZ": 0.0, "rotationX": 0.0, "rotationY": 0.0, "rotationZ": 0.0 },
						"Tail": { "offsetX": 0.0, "offsetY": 0.0, "offsetZ": 0.0, "rotationX": 0.0, "rotationY": 0.0, "rotationZ": 0.0 },
						"Head": { "offsetX": 0.0, "offsetY": 0.0, "offsetZ": 0.0, "rotationX": 0.0, "rotationY": 0.0, "rotationZ": 0.0 },
						"EarR": { "offsetX": 0.0, "offsetY": 0.0, "offsetZ": 0.0, "rotationX": 0.0, "rotationY": 0.0, "rotationZ": 0.0 },
						"EarL": { "offsetX": 0.0, "offsetY": 0.0, "offsetZ": 0.0, "rotationX": 0.0, "rotationY": 0.0, "rotationZ": 0.0 },
						"FrontLegR": { "offsetX": 0.0, "offsetY": 0.0, "offsetZ": 0.0, "rotationX": 0.0, "rotationY": 0.0, "rotationZ": 0.0 },
						"FrontLegL": { "offsetX": 0.0, "offsetY": 0.0, "offsetZ": 0.0, "rotationX": 0.0, "rotationY": 0.0, "rotationZ": 0.0 },
						"BackLegR": { "offsetX": 0.0, "offsetY": 0.0, "offsetZ": 0.0, "rotationX": 0.0, "rotationY": 0.0, "rotationZ": 0.0 },
						"Cube1": { "offsetX": 0.0, "offsetY": 0.0, "offsetZ": 0.0, "rotationX": 0.0, "rotationY": 0.0, "rotationZ": 0.0 },
						"BackLegL": { "offsetX": 0.0, "offsetY": 0.0, "offsetZ": 0.0, "rotationX": 0.0, "rotationY": 0.0, "rotationZ": 0.0 },
						"Cube12": { "offsetX": 0.0, "offsetY": 0.0, "offsetZ": 0.0, "rotationX": 0.0, "rotationY": 0.0, "rotationZ": 0.0 }
					}
				},
				{
					"frame": 10,
					"elements": {
						"Body": { "offsetX": -1.0, "offsetY": 1.0, "offsetZ": 0.0, "rotationX": 0.0, "rotationY": 0.0, "rotationZ": 0.0 },
						"Tail": { "offsetX": 0.0, "offsetY": 0.0, "offsetZ": 0.0, "rotationX": 0.0, "rotationY": 0.0, "rotationZ": 0.0 },
						"Head": { "offsetX": 0.0, "offsetY": 0.0, "offsetZ": 0.0, "rotationX": 0.0, "rotationY": 0.0, "rotationZ": 0.0 },
						"EarR": { "offsetX": 0.0, "offsetY": 0.0, "offsetZ": 0.0, "rotationX": 0.0, "rotationY": 0.0, "rotationZ": -44.0 },
						"EarL": { "offsetX": 0.0, "offsetY": 0.0, "offsetZ": 0.0, "rotationX": 0.0, "rotationY": 0.0, "rotationZ": -64.0 },
						"FrontLegR": { "offsetX": 0.0, "offsetY": 0.0, "offsetZ": 0.0, "rotationX": 0.0, "rotationY": 0.0, "rotationZ": 33.0 },
						"FrontLegL": { "offsetX": 0.0, "offsetY": 0.0, "offsetZ": 0.0, "rotationX": 0.0, "rotationY": 0.0, "rotationZ": 33.0 },
						"BackLegR": { "offsetX": 0.0, "offsetY": 0.0, "offsetZ": 0.0, "rotationX": 0.0, "rotationY": 0.0, "rotationZ": 39.0 },
						"Cube1": { "offsetX": 0.0, "offsetY": 0.0, "offsetZ": 0.0, "rotationX": 0.0, "rotationY": 0.0, "rotationZ": -19.0 },
						"BackLegL": { "offsetX": 0.0, "offsetY": 0.0, "offsetZ": 0.0, "rotationX": 0.0, "rotationY": 0.0, "rotationZ": 42.0 },
						"Cube12": { "offsetX": 0.0, "offsetY": 0.0, "offsetZ": 0.0, "rotationX": 0.0, "rotationY": 0.0, "rotationZ": -30.0 }
					}
				},
				{
					"frame": 15,
					"elements": {
						"Body": { "offsetX": -1.4, "offsetY": 1.5, "offsetZ": 0.0, "rotationX": 0.0, "rotationY": 0.0, "rotationZ": 28.0 },
						"Tail": { "offsetX": 0.0, "offsetY": 0.2, "offsetZ": 0.0, "rotationX": 0.0, "rotationY": 0.0, "rotationZ": 0.0 },
						"Head": { "offsetX": 0.0, "offsetY": 0.0, "offsetZ": 0.0, "rotationX": 0.0, "rotationY": 0.0, "rotationZ": 8.0 },
						"EarR": { "offsetX": 0.0, "offsetY": 0.0, "offsetZ": 0.0, "rotationX": 0.0, "rotationY": 0.0, "rotationZ": -75.0 },
						"EarL": { "offsetX": 0.0, "offsetY": 0.0, "offsetZ": 0.0, "rotationX": 0.0, "rotationY": 0.0, "rotationZ": -83.0 },
						"FrontLegR": { "offsetX": 0.0, "offsetY": 0.0, "offsetZ": 0.0, "rotationX": 0.0, "rotationY": 0.0, "rotationZ": 55.0 },
						"FrontLegL": { "offsetX": 0.0, "offsetY": 0.0, "offsetZ": 0.0, "rotationX": 0.0, "rotationY": 0.0, "rotationZ": 50.0 },
						"BackLegR": { "offsetX": 0.0, "offsetY": 0.0, "offsetZ": 0.0, "rotationX": 0.0, "rotationY": 0.0, "rotationZ": 114.0 },
						"Cube1": { "offsetX": 0.0, "offsetY": 0.0, "offsetZ": 0.0, "rotationX": 0.0, "rotationY": 0.0, "rotationZ": -108.0 },
						"BackLegL": { "offsetX": 0.0, "offsetY": 0.0, "offsetZ": 0.0, "rotationX": 0.0, "rotationY": 0.0, "rotationZ": 111.0 },
						"Cube12": { "offsetX": 0.0, "offsetY": 0.0, "offsetZ": 0.0, "rotationX": 0.0, "rotationY": 0.0, "rotationZ": -119.0 }
					}
				},
				{
					"frame": 20,
					"elements": {
						"Body": { "offsetX": -1.3, "offsetY": 2.0, "offsetZ": 0.0, "rotationX": 0.0, "rotationY": 0.0, "rotationZ": 50.0 },
						"Tail": { "offsetX": 0.0, "offsetY": 0.2, "offsetZ": 0.0, "rotationX": 0.0, "rotationY": 0.0, "rotationZ": 0.0 },
						"Head": { "offsetX": 0.0, "offsetY": 0.0, "offsetZ": 0.0, "rotationX": 0.0, "rotationY": 0.0, "rotationZ": -28.0 },
						"EarR": { "offsetX": 0.0, "offsetY": 0.0, "offsetZ": 0.0, "rotationX": 0.0, "rotationY": 0.0, "rotationZ": -42.0 },
						"EarL": { "offsetX": 0.0, "offsetY": 0.0, "offsetZ": 0.0, "rotationX": 0.0, "rotationY": 0.0, "rotationZ": -50.0 },
						"FrontLegR": { "offsetX": 0.0, "offsetY": 0.0, "offsetZ": 0.0, "rotationX": 0.0, "rotationY": 0.0, "rotationZ": -17.0 },
						"FrontLegL": { "offsetX": 0.0, "offsetY": 0.0, "offsetZ": 0.0, "rotationX": 0.0, "rotationY": 0.0, "rotationZ": -14.0 },
						"BackLegR": { "offsetX": 0.0, "offsetY": 0.0, "offsetZ": 0.0, "rotationX": 0.0, "rotationY": 0.0, "rotationZ": 69.0 },
						"Cube1": { "offsetX": 0.0, "offsetY": 0.0, "offsetZ": 0.0, "rotationX": 0.0, "rotationY": 0.0, "rotationZ": -108.0 },
						"BackLegL": { "offsetX": 0.0, "offsetY": 0.0, "offsetZ": 0.0, "rotationX": 0.0, "rotationY": 0.0, "rotationZ": 53.0 },
						"Cube12": { "offsetX": 0.0, "offsetY": 0.0, "offsetZ": 0.0, "rotationX": 0.0, "rotationY": 0.0, "rotationZ": -119.0 }
					}
				},
				{
					"frame": 25,
					"elements": {
						"Body": { "offsetX": -0.3, "offsetY": 0.5, "offsetZ": 0.0, "rotationX": 0.0, "rotationY": 0.0, "rotationZ": 3.0 },
						"Tail": { "offsetX": 0.0, "offsetY": 0.2, "offsetZ": 0.0, "rotationX": 0.0, "rotationY": 0.0, "rotationZ": 0.0 },
						"Head": { "offsetX": 0.0, "offsetY": 0.0, "offsetZ": 0.0, "rotationX": 0.0, "rotationY": 0.0, "rotationZ": -6.0 },
						"EarR": { "offsetX": 0.0, "offsetY": 0.0, "offsetZ": 0.0, "rotationX": 0.0, "rotationY": 0.0, "rotationZ": -14.0 },
						"EarL": { "offsetX": 0.0, "offsetY": 0.0, "offsetZ": 0.0, "rotationX": 0.0, "rotationY": 0.0, "rotationZ": -30.0 },
						"FrontLegR": { "offsetX": 0.0, "offsetY": 0.0, "offsetZ": 0.0, "rotationX": 0.0, "rotationY": 0.0, "rotationZ": 3.0 },
						"FrontLegL": { "offsetX": 0.0, "offsetY": 0.0, "offsetZ": 0.0, "rotationX": 0.0, "rotationY": 0.0, "rotationZ": 0.0 },
						"BackLegR": { "offsetX": 0.0, "offsetY": 0.0, "offsetZ": 0.0, "rotationX": 0.0, "rotationY": 0.0, "rotationZ": 11.0 },
						"Cube1": { "offsetX": 0.0, "offsetY": 0.0, "offsetZ": 0.0, "rotationX": 0.0, "rotationY": 0.0, "rotationZ": -44.0 },
						"BackLegL": { "offsetX": 0.0, "offsetY": 0.0, "offsetZ": 0.0, "rotationX": 0.0, "rotationY": 0.0, "rotationZ": -8.0 },
						"Cube12": { "offsetX": 0.0, "offsetY": 0.0, "offsetZ": 0.0, "rotationX": 0.0, "rotationY": 0.0, "rotationZ": -47.0 }
					}
				}
			]
		},

		{
			"name": "die",
			"code": "die",
			"quantityframes": 30,
			"onActivityStopped": "PlayTillEnd",
			"onAnimationEnd": "Hold",
			"keyframes": [
				{
					"frame": 0,
					"elements": {
						"Body": { "offsetX": 0.0, "offsetY": 0.0, "offsetZ": 0.0, "rotationX": 0.0, "rotationY": 0.0, "rotationZ": 0.0 },
						"Tail": { "offsetX": 0.0, "offsetY": 0.0, "offsetZ": 0.0, "rotationX": 0.0, "rotationY": 0.0, "rotationZ": 0.0 },
						"Head": { "offsetX": 0.0, "offsetY": 0.0, "offsetZ": 0.0, "rotationX": 0.0, "rotationY": 0.0, "rotationZ": 0.0 },
						"EarR": { "offsetX": 0.0, "offsetY": 0.0, "offsetZ": 0.0, "rotationX": 0.0, "rotationY": 0.0, "rotationZ": 0.0 },
						"EarL": { "offsetX": 0.0, "offsetY": 0.0, "offsetZ": 0.0, "rotationX": 0.0, "rotationY": 0.0, "rotationZ": 0.0 },
						"FrontLegR": { "offsetX": 0.0, "offsetY": 0.0, "offsetZ": 0.0, "rotationX": 0.0, "rotationY": 0.0, "rotationZ": 0.0 },
						"FrontLegL": { "offsetX": 0.0, "offsetY": 0.0, "offsetZ": 0.0, "rotationX": 0.0, "rotationY": 0.0, "rotationZ": 0.0 },
						"BackLegR": { "offsetX": 0.0, "offsetY": 0.0, "offsetZ": 0.0, "rotationX": 0.0, "rotationY": 0.0, "rotationZ": 0.0 },
						"Cube1": { "offsetX": 0.0, "offsetY": 0.0, "offsetZ": 0.0, "rotationX": 0.0, "rotationY": 0.0, "rotationZ": 0.0 },
						"BackLegL": { "offsetX": 0.0, "offsetY": 0.0, "offsetZ": 0.0, "rotationX": 0.0, "rotationY": 0.0, "rotationZ": 0.0 },
						"Cube12": { "offsetX": 0.0, "offsetY": 0.0, "offsetZ": 0.0, "rotationX": 0.0, "rotationY": 0.0, "rotationZ": 0.0 }
					}
				},
				{
					"frame": 15,
					"elements": {
						"Body": { "offsetX": 0.0, "offsetY": 2.0, "offsetZ": -1.0, "rotationX": -33.0, "rotationY": 0.0, "rotationZ": 0.0 },
						"Tail": { "offsetX": 0.0, "offsetY": 0.0, "offsetZ": 0.0, "rotationX": 0.0, "rotationY": 0.0, "rotationZ": 0.0 },
						"Head": { "offsetX": 0.0, "offsetY": 0.0, "offsetZ": 0.0, "rotationX": 0.0, "rotationY": 39.0, "rotationZ": 0.0 },
						"EarR": { "offsetX": 0.0, "offsetY": 0.0, "offsetZ": 0.0, "rotationX": 0.0, "rotationY": 0.0, "rotationZ": 53.0 },
						"EarL": { "offsetX": 0.0, "offsetY": 0.0, "offsetZ": 0.0, "rotationX": 0.0, "rotationY": 0.0, "rotationZ": 72.0 },
						"FrontLegR": { "offsetX": 0.0, "offsetY": 0.0, "offsetZ": 0.0, "rotationX": -22.0, "rotationY": 0.0, "rotationZ": 0.0 },
						"FrontLegL": { "offsetX": 0.0, "offsetY": 0.0, "offsetZ": 0.0, "rotationX": -11.0, "rotationY": 0.0, "rotationZ": 19.0 },
						"BackLegR": { "offsetX": 0.0, "offsetY": 0.0, "offsetZ": 0.0, "rotationX": -22.0, "rotationY": 0.0, "rotationZ": 33.0 },
						"Cube1": { "offsetX": 0.0, "offsetY": 0.0, "offsetZ": 0.0, "rotationX": 0.0, "rotationY": 0.0, "rotationZ": -47.0 },
						"BackLegL": { "offsetX": 0.0, "offsetY": 0.0, "offsetZ": 0.0, "rotationX": -30.0, "rotationY": 0.0, "rotationZ": 78.0 },
						"Cube12": { "offsetX": 0.0, "offsetY": 0.0, "offsetZ": 0.0, "rotationX": 0.0, "rotationY": 0.0, "rotationZ": -44.0 }
					}
				},
				{
					"frame": 25,
					"elements": {
						"Body": { "offsetX": -1.0, "offsetY": 4.0, "offsetZ": -1.0, "rotationX": -66.0, "rotationY": 0.0, "rotationZ": 0.0 },
						"Tail": { "offsetX": 0.0, "offsetY": 0.0, "offsetZ": 0.0, "rotationX": 0.0, "rotationY": 0.0, "rotationZ": 0.0 },
						"Head": { "offsetX": 0.0, "offsetY": 0.0, "offsetZ": 0.0, "rotationX": 0.0, "rotationY": 44.0, "rotationZ": -22.0 },
						"EarR": { "offsetX": 0.0, "offsetY": 0.0, "offsetZ": 0.0, "rotationX": 0.0, "rotationY": 0.0, "rotationZ": 53.0 },
						"EarL": { "offsetX": 0.0, "offsetY": 0.0, "offsetZ": 0.0, "rotationX": 0.0, "rotationY": 0.0, "rotationZ": 72.0 },
						"FrontLegR": { "offsetX": 0.0, "offsetY": 0.0, "offsetZ": 0.0, "rotationX": -50.0, "rotationY": 0.0, "rotationZ": 0.0 },
						"FrontLegL": { "offsetX": 0.0, "offsetY": 0.0, "offsetZ": 0.0, "rotationX": -44.0, "rotationY": 0.0, "rotationZ": 19.0 },
						"BackLegR": { "offsetX": 0.0, "offsetY": 0.0, "offsetZ": 0.0, "rotationX": -22.0, "rotationY": 0.0, "rotationZ": 33.0 },
						"Cube1": { "offsetX": 0.0, "offsetY": 0.0, "offsetZ": 0.0, "rotationX": 0.0, "rotationY": 0.0, "rotationZ": -47.0 },
						"BackLegL": { "offsetX": 0.0, "offsetY": 0.0, "offsetZ": 0.0, "rotationX": -33.0, "rotationY": 0.0, "rotationZ": 78.0 },
						"Cube12": { "offsetX": 0.0, "offsetY": 0.0, "offsetZ": 0.0, "rotationX": 0.0, "rotationY": 0.0, "rotationZ": -44.0 }
					}
				},
				{
					"frame": 29,
					"elements": {
						"Body": { "offsetX": -1.0, "offsetY": 4.0, "offsetZ": -0.5, "rotationX": -90.0, "rotationY": 0.0, "rotationZ": 0.0 },
						"Tail": { "offsetX": 0.0, "offsetY": 0.0, "offsetZ": 0.0, "rotationX": 0.0, "rotationY": 0.0, "rotationZ": 0.0 },
						"Head": { "offsetX": 0.0, "offsetY": 0.0, "offsetZ": 0.0, "rotationX": 0.0, "rotationY": -50.0, "rotationZ": -22.0 },
						"EarR": { "offsetX": 0.0, "offsetY": 0.0, "offsetZ": 0.0, "rotationX": 0.0, "rotationY": 0.0, "rotationZ": 53.0 },
						"EarL": { "offsetX": 0.0, "offsetY": 0.0, "offsetZ": 0.0, "rotationX": 0.0, "rotationY": 0.0, "rotationZ": 72.0 },
						"FrontLegR": { "offsetX": 0.0, "offsetY": 0.0, "offsetZ": 0.0, "rotationX": 8.0, "rotationY": 0.0, "rotationZ": -28.0 },
						"FrontLegL": { "offsetX": 0.0, "offsetY": 0.0, "offsetZ": 0.0, "rotationX": 36.0, "rotationY": 0.0, "rotationZ": 19.0 },
						"BackLegR": { "offsetX": 0.0, "offsetY": 0.0, "offsetZ": 0.0, "rotationX": 0.0, "rotationY": 0.0, "rotationZ": 53.0 },
						"Cube1": { "offsetX": 0.0, "offsetY": 0.0, "offsetZ": 0.0, "rotationX": 0.0, "rotationY": 0.0, "rotationZ": -47.0 },
						"BackLegL": { "offsetX": 0.0, "offsetY": 0.0, "offsetZ": 0.0, "rotationX": 58.0, "rotationY": 0.0, "rotationZ": 58.0 },
						"Cube12": { "offsetX": 0.0, "offsetY": 0.0, "offsetZ": 0.0, "rotationX": 6.0, "rotationY": 50.0, "rotationZ": -44.0 }
					}
				}
			]
		},

		{
			"name": "walk",
			"code": "walk",
			"quantityframes": 20,
			"onActivityStopped": "Stop",
			"onAnimationEnd": "Repeat",
			"keyframes": [
				{
					"frame": 0,
					"elements": {
						"Body": { "offsetX": 0.0, "offsetY": 0.0, "offsetZ": 0.0, "rotationX": 0.0, "rotationY": 0.0, "rotationZ": 0.0 },
						"Tail": { "offsetX": 0.0, "offsetY": 0.0, "offsetZ": 0.0, "rotationX": 0.0, "rotationY": 0.0, "rotationZ": 0.0 },
						"Head": { "offsetX": 0.0, "offsetY": 0.0, "offsetZ": 0.0, "rotationX": 0.0, "rotationY": 0.0, "rotationZ": 0.0 },
						"EarR": { "offsetX": 0.0, "offsetY": 0.0, "offsetZ": 0.0, "rotationX": 0.0, "rotationY": 0.0, "rotationZ": 0.0 },
						"EarL": { "offsetX": 0.0, "offsetY": 0.0, "offsetZ": 0.0, "rotationX": 0.0, "rotationY": 0.0, "rotationZ": 0.0 },
						"FrontLegR": { "offsetX": 0.0, "offsetY": 0.0, "offsetZ": 0.0, "rotationX": 0.0, "rotationY": 0.0, "rotationZ": 0.0 },
						"FrontLegL": { "offsetX": 0.0, "offsetY": 0.0, "offsetZ": 0.0, "rotationX": 0.0, "rotationY": 0.0, "rotationZ": 0.0 },
						"BackLegR": { "offsetX": 0.0, "offsetY": 0.0, "offsetZ": 0.0, "rotationX": 0.0, "rotationY": 0.0, "rotationZ": 0.0 },
						"Cube1": { "offsetX": 0.0, "offsetY": 0.0, "offsetZ": 0.0, "rotationX": 0.0, "rotationY": 0.0, "rotationZ": 0.0 },
						"BackLegL": { "offsetX": 0.0, "offsetY": 0.0, "offsetZ": 0.0, "rotationX": 0.0, "rotationY": 0.0, "rotationZ": 0.0 },
						"Cube12": { "offsetX": 0.0, "offsetY": 0.0, "offsetZ": 0.0, "rotationX": 0.0, "rotationY": 0.0, "rotationZ": 0.0 }
					}
				},
				{
					"frame": 10,
					"elements": {
						"Body": { "offsetX": 0.0, "offsetY": 0.8, "offsetZ": 0.0, "rotationX": 0.0, "rotationY": 0.0, "rotationZ": 22.0 },
						"Tail": { "offsetX": 0.0, "offsetY": 0.1, "offsetZ": 0.0, "rotationX": 0.0, "rotationY": 0.0, "rotationZ": 0.0 },
						"Head": { "offsetX": 0.0, "offsetY": 0.0, "offsetZ": 0.0, "rotationX": 0.0, "rotationY": 0.0, "rotationZ": -19.0 },
						"EarR": { "offsetX": 0.0, "offsetY": 0.0, "offsetZ": 0.0, "rotationX": 0.0, "rotationY": 0.0, "rotationZ": -36.0 },
						"EarL": { "offsetX": 0.0, "offsetY": 0.0, "offsetZ": 0.0, "rotationX": 0.0, "rotationY": 0.0, "rotationZ": -42.0 },
						"FrontLegR": { "offsetX": 0.0, "offsetY": 0.0, "offsetZ": 0.0, "rotationX": 0.0, "rotationY": 0.0, "rotationZ": -47.0 },
						"FrontLegL": { "offsetX": 0.0, "offsetY": 0.0, "offsetZ": 0.0, "rotationX": 0.0, "rotationY": 0.0, "rotationZ": -30.0 },
						"BackLegR": { "offsetX": 0.0, "offsetY": 0.0, "offsetZ": 0.0, "rotationX": 0.0, "rotationY": 0.0, "rotationZ": 42.0 },
						"Cube1": { "offsetX": 0.0, "offsetY": 0.0, "offsetZ": 0.0, "rotationX": 0.0, "rotationY": 0.0, "rotationZ": 0.0 },
						"BackLegL": { "offsetX": 0.0, "offsetY": 0.0, "offsetZ": 0.0, "rotationX": 0.0, "rotationY": 0.0, "rotationZ": 42.0 },
						"Cube12": { "offsetX": 0.0, "offsetY": 0.0, "offsetZ": 0.0, "rotationX": 0.0, "rotationY": 0.0, "rotationZ": 0.0 }
					}
				},
				{
					"frame": 15,
					"elements": {
						"Body": { "offsetX": -0.2, "offsetY": 1.0, "offsetZ": 0.0, "rotationX": 0.0, "rotationY": 0.0, "rotationZ": 33.0 },
						"Tail": { "offsetX": 0.0, "offsetY": -0.0, "offsetZ": 0.0, "rotationX": 0.0, "rotationY": 0.0, "rotationZ": 0.0 },
						"Head": { "offsetX": 0.0, "offsetY": 0.0, "offsetZ": 0.0, "rotationX": 0.0, "rotationY": 0.0, "rotationZ": -19.0 },
						"EarR": { "offsetX": 0.0, "offsetY": 0.0, "offsetZ": 0.0, "rotationX": 0.0, "rotationY": 0.0, "rotationZ": -36.0 },
						"EarL": { "offsetX": 0.0, "offsetY": 0.0, "offsetZ": 0.0, "rotationX": 0.0, "rotationY": 0.0, "rotationZ": -42.0 },
						"FrontLegR": { "offsetX": 0.0, "offsetY": 0.0, "offsetZ": 0.0, "rotationX": 0.0, "rotationY": 0.0, "rotationZ": 19.0 },
						"FrontLegL": { "offsetX": 0.0, "offsetY": 0.0, "offsetZ": 0.0, "rotationX": 0.0, "rotationY": 0.0, "rotationZ": 14.0 },
						"BackLegR": { "offsetX": 0.0, "offsetY": 0.0, "offsetZ": 0.0, "rotationX": 0.0, "rotationY": 0.0, "rotationZ": 91.0 },
						"Cube1": { "offsetX": 0.0, "offsetY": 0.0, "offsetZ": 0.0, "rotationX": 0.0, "rotationY": 0.0, "rotationZ": -78.0 },
						"BackLegL": { "offsetX": 0.0, "offsetY": 0.0, "offsetZ": 0.0, "rotationX": 0.0, "rotationY": 0.0, "rotationZ": 114.0 },
						"Cube12": { "offsetX": 0.0, "offsetY": 0.0, "offsetZ": 0.0, "rotationX": 0.0, "rotationY": 0.0, "rotationZ": -100.0 }
					}
				}
			]
		},

		{
			"name": "sleep",
			"code": "sleep",
			"quantityframes": 50,
			"onActivityStopped": "EaseOut",
			"onAnimationEnd": "Repeat",
			"keyframes": [
				{
					"frame": 0,
					"elements": {
						"Body": { "offsetX": 0.0, "offsetY": -0.7, "offsetZ": 0.0, "rotationX": 0.0, "rotationY": 0.0, "rotationZ": 30.0 },
						"Tail": { "offsetX": 0.0, "offsetY": 0.0, "offsetZ": 0.0, "rotationX": 0.0, "rotationY": 0.0, "rotationZ": 0.0 },
						"Head": { "offsetX": 0.0, "offsetY": 0.0, "offsetZ": 0.0, "rotationX": 0.0, "rotationY": 0.0, "rotationZ": 0.0 },
						"EarR": { "offsetX": 0.0, "offsetY": 0.0, "offsetZ": 0.0, "rotationX": 0.0, "rotationY": 0.0, "rotationZ": 80.0 },
						"EarL": { "offsetX": 0.0, "offsetY": 0.0, "offsetZ": 0.0, "rotationX": 0.0, "rotationY": 0.0, "rotationZ": 89.0 },
						"FrontLegR": { "offsetX": -0.4, "offsetY": 0.0, "offsetZ": 0.0, "rotationX": 0.0, "rotationY": 0.0, "rotationZ": -100.0 },
						"FrontLegL": { "offsetX": -0.5, "offsetY": 0.0, "offsetZ": 0.0, "rotationX": 0.0, "rotationY": 0.0, "rotationZ": -100.0 },
						"BackLegR": { "offsetX": 0.0, "offsetY": 0.0, "offsetZ": 0.0, "rotationX": 0.0, "rotationY": 0.0, "rotationZ": -33.0 },
						"Cube1": { "offsetX": 0.0, "offsetY": 0.0, "offsetZ": 0.0, "rotationX": 0.0, "rotationY": 0.0, "rotationZ": 47.0 },
						"BackLegL": { "offsetX": 0.0, "offsetY": 0.0, "offsetZ": 0.0, "rotationX": 0.0, "rotationY": 0.0, "rotationZ": -36.0 },
						"Cube12": { "offsetX": 0.0, "offsetY": 0.0, "offsetZ": 0.0, "rotationX": 0.0, "rotationY": 0.0, "rotationZ": 47.0 }
					}
				},
				{
					"frame": 30,
					"elements": {
						"Body": { "offsetX": 0.0, "offsetY": -0.7, "offsetZ": 0.0, "rotationX": 0.0, "rotationY": 0.0, "rotationZ": 31.0 },
						"Tail": { "offsetX": 0.0, "offsetY": -0.1, "offsetZ": 0.0, "rotationX": 0.0, "rotationY": 0.0, "rotationZ": 0.0 },
						"Head": { "offsetX": 0.0, "offsetY": 0.0, "offsetZ": 0.0, "rotationX": 0.0, "rotationY": 0.0, "rotationZ": 5.0 },
						"EarR": { "offsetX": 0.0, "offsetY": 0.0, "offsetZ": 0.0, "rotationX": 0.0, "rotationY": 0.0, "rotationZ": 81.0 },
						"EarL": { "offsetX": 0.0, "offsetY": 0.0, "offsetZ": 0.0, "rotationX": 0.0, "rotationY": 0.0, "rotationZ": 90.0 },
						"FrontLegR": { "offsetX": -0.4, "offsetY": 0.0, "offsetZ": 0.0, "rotationX": 0.0, "rotationY": 0.0, "rotationZ": -99.0 },
						"FrontLegL": { "offsetX": -0.5, "offsetY": 0.0, "offsetZ": 0.0, "rotationX": 0.0, "rotationY": 0.0, "rotationZ": -101.0 },
						"BackLegR": { "offsetX": 0.0, "offsetY": 0.0, "offsetZ": 0.0, "rotationX": 0.0, "rotationY": 0.0, "rotationZ": -34.0 },
						"Cube1": { "offsetX": 0.0, "offsetY": 0.0, "offsetZ": 0.0, "rotationX": 0.0, "rotationY": 0.0, "rotationZ": 48.0 },
						"BackLegL": { "offsetX": 0.0, "offsetY": 0.0, "offsetZ": 0.0, "rotationX": 0.0, "rotationY": 0.0, "rotationZ": -35.0 },
						"Cube12": { "offsetX": 0.0, "offsetY": 0.0, "offsetZ": 0.0, "rotationX": 0.0, "rotationY": 0.0, "rotationZ": 46.0 }
					}
				}
			]
		}
	]
}