{
	code: "stationarybasket",
	class: "BlockGenericTypedContainer",
	entityclass: "GenericTypedContainer",
	attributes: {
		inventoryClassName: "basket",
		defaultType: "reed",
		types: ["reed", "vine", "aged"],
		drop: {
			reed: true,
			vine: true,
			aged: false
		},
		quantitySlots: {
			reed: 8,
			vine: 8,
			aged: 8
		},
		dialogTitleLangCode: {
			reed: "basketcontents",
			vine: "basketcontents",
			aged: "basketcontents"
		},
		storageType: {
			reed: 189,
			vine: 189,
			aged: 189
		},
		retrieveOnly: {
			reed: false,
			vine: false,
			aged: true
		},
		shape: {
			reed: "game:block/reed/basket-normal",
			vine: "game:block/vines/basket-normal",
			aged: "game:block/reed/basket-aged1"
		},
	},
	behaviors: [
	{
			name: "Carryable",
			properties: {
			translation: [ 0.0625, 0, 0 ],
			rotation: [ 0, 180, 0 ],
			}
		},
	{name: "Container"}, {name: "HorizontalOrientable", properties: {  dropBlockFace: "east" }}],
	variantgroups: [
		{ code:"side", loadFromProperties: "abstract/horizontalorientation" }
	],
	creativeinventory: {  },
	creativeinventoryStacksByType: {
		"*-east": [
			{
				tabs: [ "general", "decorative" ],
				stacks: [
					{ type: "block", code: "stationarybasket-east", attributes: { type: "reed" } },
					{ type: "block", code: "stationarybasket-east", attributes: { type: "vine" } },
					{ type: "block", code: "stationarybasket-east", attributes: { type: "aged" } }
				]
			}
		]
	},
	heldTpIdleAnimation: "holdunderarm",
	shape: { base: "game:block/reed/basket-normal", rotateY: 0 },
	"_comment": "Must declare textures so they get added to the block texture atlas",
	textures: {
		"reed-sidesWE": { base: "game:block/reed/basket/normal-westeast" },
		"reed-sidesSN": { base: "game:block/reed/basket/normal-northsouth" },
		"reed-lid": { base: "game:block/reed/basket/normal-lid" },

		"aged-sidesWE": { base: "game:block/reed/basket/normal-westeast" },
		"aged-sidesSN": { base: "game:block/reed/basket/normal-northsouth" },
		"aged-lid": { base: "game:block/reed/basket/aged-lid" },

		"vine-sidesWE": { base: "game:block/vines/basket/normal-westeast" },
		"vine-sidesSN": { base: "game:block/vines/basket/normal-northsouth" },
		"vine-lid": { base: "game:block/vines/basket/normal-lid" },
	},
	blockmaterial: "Wood",
	replaceable: 900,
	resistance: 2,
	lightAbsorption: 0,
	sidesolid: {
		all: false
	},
	sideopaque: {
		all: false
	},
	collisionbox: {
		x1: 0.125, y1: 0, z1: 0.125, x2: 0.8125, y2: 0.5, z2: 0.875,
		rotateYByType: {
			"*-north": 0,
			"*-east": 270,
			"*-south": 180,
			"*-west": 90
		}
	},
	selectionbox: {
		x1: 0.125, y1: 0, z1: 0.125, x2: 0.8125, y2: 0.5, z2: 0.875,
		rotateYByType: {
			"*-north": 0,
			"*-east": 270,
			"*-south": 180,
			"*-west": 90
		}
	},
	sounds: {
		"place": "block/planks",
		"walk": "walk/wood"
	},
	materialDensity: 600,
	tpHandTransform: {
		translation: { x: -0.9, y: -0.5, z: -0.3 },
		rotation: { x: 0, y: 90, z: -102 },
		scale: 0.56
	},
	guiTransform: {
		origin: { x: 0.5, y: 0.3, z: 0.5 },
		scale: 1.3
	}
}