{
	"editor": {
		"allAngles": false,
		"singleTexture": false
	},
	"textureWidth": 16,
	"textureHeight": 16,
	"textures": {
		"stem-brown": "block/plant/bamboo/stem-brown",
		"leaves": "block/plant/bamboo/leaves"
	},
	"elements": [
		{
			"name": "trunk",
			"from": [ 7.0, 0.0, 7.0 ], 
			"to": [ 9.0, 10.0, 9.0 ], 
			"faces": {
				"north": { "texture": "#stem-brown", "uv": [ 0.0, 0.0, 2.0, 10.0 ] },
				"east": { "texture": "#stem-brown", "uv": [ 2.0, 0.0, 4.0, 10.0 ] },
				"south": { "texture": "#stem-brown", "uv": [ 4.0, 0.0, 6.0, 10.0 ] },
				"west": { "texture": "#stem-brown", "uv": [ 5.0, 0.0, 7.0, 10.0 ] },
				"up": { "texture": "#stem-brown", "uv": [ 9.0, 8.0, 11.0, 10.0 ] },
				"down": { "texture": "#stem-brown", "uv": [ 9.0, 8.0, 11.0, 10.0 ] }
			},
			"children": [
				{
					"name": "leaves",
					"from": [ -3.0, 6.0, -3.0 ], 
					"to": [ 5.0, 14.0, 5.0 ], 
					"tintIndex": 1,
					"renderPass": 1,
					"faces": {
						"north": { "texture": "#leaves", "uv": [ 4.0, 3.0, 12.0, 11.0 ] },
						"east": { "texture": "#leaves", "uv": [ 0.0, 2.5, 8.0, 10.5 ] },
						"south": { "texture": "#leaves", "uv": [ 4.0, 8.0, 12.0, 16.0 ] },
						"west": { "texture": "#leaves", "uv": [ 8.0, 1.0, 16.0, 9.0 ] },
						"up": { "texture": "#leaves", "uv": [ 8.0, 1.0, 16.0, 9.0 ] },
						"down": { "texture": "#leaves", "uv": [ 8.0, 3.0, 16.0, 11.0 ] }
					}
				}
			]
		}
	]}