{
	code: "primitive-hoe",
	class: "ItemHoe",
	variantgroups: [
		{ code: "stone", states: ["granite", "andesite", "basalt", "obsidian", "flint" ] },
		{ code: "wood", states: ["acacia", "birch", "kapok", "maple", "oak", "pine"] },
	],
	damagedby: ["blockbreaking", "attacking"],
	shape: { base: "item/tool/branch-hoe" },
	heldTpHitAnimation: "breaktool",
	textures: {
		"stone": { base: "item/tool/material/{stone}" },
		"wood": { base: "game:block/wood/debarked/{wood}" },
		"rope": { base: "neolithicmod:block/rope" },
	},
	tool: "hoe",
	miningspeedbytype: {
		"primitive-hoe-granite-*": {
			"soil": 2.2
		},
		"primitive-hoe-andesite-*": {
			"soil": 2.6
		},
		"primitive-hoe-basalt-*": {
			"soil": 3.2
		},
		"primitive-hoe-obsidian-*": {
			"soil": 3.6
		},
		"primitive-hoe-flint-*": {
			"soil": 3.6
		},
	},
	durabilitybytype: {
		"primitive-hoe-granite-*": 60,
		"primitive-hoe-andesite-*": 60,
		"primitive-hoe-basalt-*": 60,
		"primitive-hoe-obsidian-*": 150,
		"primitive-hoe-flint-*": 100,
	},
	attackpowerbytype: {
		"primitive-hoe-granite-*": 1,
		"primitive-hoe-andesite-*": 1.25,
		"primitive-hoe-basalt-*": 1.5,
		"primitive-hoe-obsidian-*": 1.5,
		"primitive-hoe-flint-*": 1.5,
	},
	creativeinventory: { "general": ["*"], "items": ["*"], "neolithictools": ["*"] },
	fpHandTransform: {
		translation: { x: 0.046875, y: 0, z: 0 },
		rotation: { x: 15, y: 15, z: 90 },
		scale: 2.5
	},
	guiTransform: {
		translation: { x: 0, y: 2, z: 0 },
		rotation: { x: -133, y: -157, z: 132 },
		scale: 2.02,
		origin: { x: 0.5, y: 0.5, z: 0.5 }
	},
	groundTransform: {
		translation: { x: 0.046875, y: 0, z: 0 },
		rotation: { x: 0, y: 0, z: 0 },
		scale: 2.5
	},
	tpHandTransform: {
		translation: { x: -0.76, y: -0.5, z: -0.53 },
		rotation: { x: 90, y: 0, z: -10 },
		scale: 1
	}
}