{
	code: "hammer",
	class: "ItemHammer",
	variantgroups: [
		{code: "type", states: ["primitive"]},
		{ code: "stone", states: ["granite", "andesite", "basalt", "obsidian", "flint",] },
		{ code: "wood", states: ["acacia", "birch", "kapok", "maple", "oak", "pine"] },
	],
	tool: "hammer",
	heldTpHitAnimation: "breaktool",
	shape: { base: "item/tool/branch-hammer" },
	textures: {
		"stone": { base: "item/tool/material/{stone}" },
		"wood": { base: "game:block/wood/debarked/{wood}" },
		"rope": { base: "neolithicmod:block/rope" },
	},
	durabilitybytype: 
	{
		"hammer-primitive-granite-*": 60,
		"hammer-primitive-andesite-*": 60,
		"hammer-primitive-basalt-*": 60,
		"hammer-primitive-obsidian-*": 150,
		"hammer-primitive-flint-*": 100,
	},
	attackpowerbytype: 
	{
		"hammer-primitive-granite-*": 0.75,
		"hammer-primitive-andesite-*": 0.75,
		"hammer-primitive-basalt-*": 0.75,
		"hammer-primitive-obsidian-*": 1.5,
		"hammer-primitive-flint-*": 1,
	},
	creativeinventory: { "general": ["*"], "items": ["*"], "neolithictools": ["*"] },
	fpHandTransform: {
		translation: { x: 0.046875, y: 0, z: 0 },
		rotation: { x: 15, y: 15, z: 90 },
		scale: 2.5
	},
	guiTransform: {
		translation: { x: 0, y: 5, z: 0 },
		rotation: { x: -77, y: -135, z: 160 },
		origin: { x: 0.54, y: 0.5, z: 0.48 },
		scale: 2.6
	},
	groundTransform: {
		translation: { x: 0.046875, y: 0, z: 0 },
		rotation: { x: 0, y: 0, z: 0 },
		scale: 2.5
	},
	tpHandTransform: {
		translation: { x: -0.75, y: -0.48, z: -0.52 },
		rotation: { x: 90, y: 1, z: 0 },
		scale: 1
	}
}