{
	code: "primitive-sickle",
	damagedby: ["blockbreaking"],
	class: "ItemSickle",
	tool: "knife",
	variantgroups: [
		{ code: "stone", states: ["granite", "andesite", "basalt", "obsidian", "flint",] },
		{ code: "wood", states: ["acacia", "birch", "kapok", "maple", "oak", "pine"] },
	],
	attributes: {
		codePrefixes: ["crop", "tallgrass", "frostedtallgrass"]
	},
	shape: { base: "item/tool/branch-sickle" },
	heldTpHitAnimation: "breaktool",
	textures: 
	{
		"stone": { base: "item/tool/material/{stone}" },
		"wood": { base: "game:block/wood/debarked/{wood}" },
		"rope": { base: "neolithicmod:block/rope" },
	},
	durabilitybytype: {
		"primitive-sickle-granite-*": 60,
		"primitive-sickle-andesite-*": 60,
		"primitive-sickle-basalt-*": 60,
		"primitive-sickle-obsidian-*": 150,
		"primitive-sickle-flint-*": 100,
	},
	creativeinventory: { "general": ["*"], "items": ["*"], "neolithictools": ["*"] },
	fpHandTransform: {
		translation: { x: 0.046875, y: 0, z: 0 },
		rotation: { x: 15, y: 15, z: 90 },
		scale: 2.5
	},
	guiTransform: {
		translation: { x: 0, y: 0, z: 0 },
		rotation: { x: 90, y: -51, z: 20 },
		origin: { x: 0.5, y: 0.8, z: 0.4 },
		scale: 1.45
	},
	groundTransform: {
		translation: { x: 0.046875, y: 0, z: 0 },
		rotation: { x: 0, y: 0, z: 0 },
		scale: 2.5
	},
	tpHandTransform: {
		translation: { x: -0.8, y: -0.54, z: -0.5 },
		rotation: { x: 0, y: 0, z: -10 },
		scale: 1
	}
}