{
	"editor": {
		"allAngles": false,
		"singleTexture": false
	},
	"textureWidth": 16,
	"textureHeight": 16,
	"textures": {
		"wood": "block/wood/debarked/maple",
		"stone": "item/tool/material/granite",
		"rope": "neolithicmod:block/rope"
	},
	"elements": [
		{
			"name": "wood1",
			"from": [ 16.0, 7.5, 7.0 ], 
			"to": [ 26.0, 8.5, 8.0 ], 
			"rotationOrigin": [ 18.0, 7.5, 7.0 ],
			"rotationY": -157.5,
			"faces": {
				"north": { "texture": "#wood", "uv": [ 0.0, 3.0, 10.0, 4.0 ] },
				"east": { "texture": "#wood", "uv": [ 8.0, 3.0, 9.0, 4.0 ] },
				"south": { "texture": "#wood", "uv": [ 3.5, 3.5, 13.5, 4.5 ] },
				"west": { "texture": "#wood", "uv": [ 11.0, 3.0, 12.0, 4.0 ] },
				"up": { "texture": "#wood", "uv": [ 0.0, 1.0, 10.0, 2.0 ] },
				"down": { "texture": "#wood", "uv": [ 0.0, 1.0, 10.0, 2.0 ] }
			},
			"children": [
				{
					"name": "wood2",
					"from": [ -2.1, 0.2, 0.8 ], 
					"to": [ 1.9, 0.9, 2.2 ], 
					"rotationOrigin": [ -0.1, 0.3, 1.4 ],
					"rotationY": 45.0,
					"faces": {
						"north": { "texture": "#wood", "uv": [ 0.0, 0.0, 4.0, 0.5 ] },
						"east": { "texture": "#wood", "uv": [ 0.0, 0.0, 1.0, 0.5 ] },
						"south": { "texture": "#wood", "uv": [ 0.0, 0.0, 4.0, 0.5 ] },
						"west": { "texture": "#wood", "uv": [ 0.0, 0.0, 1.0, 0.5 ] },
						"up": { "texture": "#wood", "uv": [ 0.0, 0.0, 4.0, 1.0 ] },
						"down": { "texture": "#wood", "uv": [ 0.0, 0.0, 4.0, 1.0 ] }
					}
				},
				{
					"name": "wood3",
					"from": [ 8.0, 0.0, 1.0 ], 
					"to": [ 12.0, 1.0, 2.5 ], 
					"rotationOrigin": [ 9.0, 0.0, 1.0 ],
					"faces": {
						"north": { "texture": "#wood", "uv": [ 0.0, 0.0, 4.0, 1.0 ] },
						"east": { "texture": "#wood", "uv": [ 0.0, 0.0, 1.5, 1.0 ] },
						"south": { "texture": "#wood", "uv": [ 0.0, 0.0, 4.0, 1.0 ] },
						"west": { "texture": "#wood", "uv": [ 0.0, 0.0, 1.5, 1.0 ] },
						"up": { "texture": "#wood", "uv": [ 0.0, 0.0, 4.0, 1.5 ] },
						"down": { "texture": "#wood", "uv": [ 0.0, 0.0, 4.0, 1.5 ] }
					}
				},
				{
					"name": "wood4",
					"from": [ 9.0, -0.1, -2.7 ], 
					"to": [ 19.0, 1.1, -1.3 ], 
					"rotationOrigin": [ 2.0, 0.1, -0.7 ],
					"rotationY": -22.5,
					"faces": {
						"north": { "texture": "#wood", "uv": [ 0.0, 1.0, 10.0, 2.0 ] },
						"east": { "texture": "#wood", "uv": [ 9.0, 1.0, 10.0, 2.0 ] },
						"south": { "texture": "#wood", "uv": [ 0.0, 3.0, 10.0, 4.0 ] },
						"west": { "texture": "#wood", "uv": [ 12.0, 4.0, 13.0, 5.0 ] },
						"up": { "texture": "#wood", "uv": [ 0.0, 0.0, 10.0, 1.0 ] },
						"down": { "texture": "#wood", "uv": [ 0.0, 2.0, 10.0, 3.0 ] }
					},
					"children": [
						{
							"name": "Cube9",
							"from": [ -0.4, -0.1, -0.1 ], 
							"to": [ 0.1, 1.3, 2.9 ], 
							"rotationOrigin": [ -0.4, -0.1, -0.1 ],
							"rotationY": 22.5,
							"faces": {
								"north": { "texture": "#rope", "uv": [ 4.0, 3.0, 8.5, 9.0 ], "autoUv": false },
								"east": { "texture": "#rope", "uv": [ 2.0, 3.0, 5.0, 4.0 ] },
								"south": { "texture": "#rope", "uv": [ 1.0, 3.0, 4.5, 6.0 ], "autoUv": false },
								"west": { "texture": "#rope", "uv": [ 0.0, 0.0, 3.0, 1.0 ] },
								"up": { "texture": "#rope", "uv": [ 1.0, 1.0, 5.5, 6.0 ], "autoUv": false },
								"down": { "texture": "#rope", "uv": [ 1.0, 3.0, 5.5, 6.0 ], "autoUv": false }
							}
						},
						{
							"name": "Cube7",
							"from": [ -8.4, -0.1, -0.3 ], 
							"to": [ -7.9, 1.3, 2.9 ], 
							"rotationOrigin": [ -0.4, -0.1, -0.3 ],
							"rotationY": 22.5,
							"faces": {
								"north": { "texture": "#rope", "uv": [ 4.0, 3.0, 8.5, 9.0 ], "autoUv": false },
								"east": { "texture": "#rope", "uv": [ 2.0, 3.0, 5.0, 4.0 ] },
								"south": { "texture": "#rope", "uv": [ 1.0, 3.0, 4.5, 6.0 ], "autoUv": false },
								"west": { "texture": "#rope", "uv": [ 0.0, 0.0, 3.0, 1.0 ] },
								"up": { "texture": "#rope", "uv": [ 1.0, 1.0, 5.5, 6.0 ], "autoUv": false },
								"down": { "texture": "#rope", "uv": [ 1.0, 3.0, 5.5, 6.0 ], "autoUv": false }
							}
						},
						{
							"name": "Cube1",
							"from": [ 1.2, -0.1, -0.2 ], 
							"to": [ 1.7, 1.3, 2.4 ], 
							"rotationOrigin": [ 1.2, -0.1, -0.2 ],
							"faces": {
								"north": { "texture": "#rope", "uv": [ 0.0, 0.0, 3.0, 3.5 ], "autoUv": false },
								"east": { "texture": "#rope", "uv": [ 0.0, 0.0, 4.0, 3.5 ], "autoUv": false },
								"south": { "texture": "#rope", "uv": [ 0.0, 0.0, 3.0, 3.5 ], "autoUv": false },
								"west": { "texture": "#rope", "uv": [ 0.0, 0.0, 5.5, 5.5 ], "autoUv": false },
								"up": { "texture": "#rope", "uv": [ 0.0, 0.0, 3.0, 5.0 ], "autoUv": false },
								"down": { "texture": "#rope", "uv": [ 0.0, 0.0, 2.5, 3.0 ], "autoUv": false }
							}
						}
					]
				},
				{
					"name": "stone1",
					"from": [ 0.2, 0.4, 1.0 ], 
					"to": [ 9.9, 0.7, 2.8 ], 
					"rotationOrigin": [ 1.2, 0.3, -1.0 ],
					"faces": {
						"north": { "texture": "#stone", "uv": [ 0.0, 0.0, 9.5, 0.0 ], "enabled": false },
						"east": { "texture": "#stone", "uv": [ 0.0, 0.0, 1.75, 0.0 ] },
						"south": { "texture": "#stone", "uv": [ 0.0, 0.0, 9.5, 0.0 ] },
						"west": { "texture": "#stone", "uv": [ 0.0, 0.0, 1.75, 0.0 ] },
						"up": { "texture": "#stone", "uv": [ 0.0, 0.0, 9.5, 1.5 ] },
						"down": { "texture": "#stone", "uv": [ 0.0, 0.0, 9.5, 1.5 ] }
					}
				}
			]
		}
	]}