{
	"editor": {
		"allAngles": false,
		"singleTexture": false
	},
	"textureWidth": 16,
	"textureHeight": 8,
	"textures": {
		"wood": "block/wood/debarked/maple",
		"stone": "item/tool/material/granite",
		"rope": "neolithicmod:block/rope"
	},
	"elements": [
		{
			"name": "wood1",
			"from": [ 4.0, 7.5, 7.5 ], 
			"to": [ 12.2, 8.5, 8.5 ], 
			"rotationOrigin": [ 4.0, 7.5, 7.5 ],
			"faces": {
				"north": { "texture": "#wood", "uv": [ 0.0, 0.0, 8.0, 1.0 ] },
				"east": { "texture": "#wood", "uv": [ 0.0, 0.0, 1.0, 1.0 ] },
				"south": { "texture": "#wood", "uv": [ 0.0, 0.0, 8.0, 1.0 ] },
				"west": { "texture": "#wood", "uv": [ 0.0, 0.0, 1.0, 1.0 ] },
				"up": { "texture": "#wood", "uv": [ 0.0, 0.0, 8.0, 1.0 ] },
				"down": { "texture": "#wood", "uv": [ 0.0, 0.0, 8.0, 1.0 ] }
			},
			"children": [
				{
					"name": "stone1",
					"from": [ 8.0, -0.5, -1.4 ], 
					"to": [ 10.0, 1.5, 0.0 ], 
					"rotationOrigin": [ 8.0, -0.5, -1.5 ],
					"faces": {
						"north": { "texture": "#stone", "uv": [ 0.0, 0.0, 2.0, 2.0 ] },
						"east": { "texture": "#stone", "uv": [ 0.0, 0.0, 1.0, 2.0 ] },
						"south": { "texture": "#stone", "uv": [ 0.0, 0.0, 2.0, 2.0 ] },
						"west": { "texture": "#stone", "uv": [ 0.0, 0.0, 1.0, 2.0 ] },
						"up": { "texture": "#stone", "uv": [ 0.0, 0.0, 2.0, 1.0 ] },
						"down": { "texture": "#stone", "uv": [ 0.0, 0.0, 2.0, 1.0 ] }
					},
					"children": [
						{
							"name": "sinew1",
							"from": [ -0.6, 0.2, 1.3 ], 
							"to": [ 1.9, 1.7, 2.5 ], 
							"rotationOrigin": [ -0.8, -0.1, 2.0 ],
							"faces": {
								"north": { "texture": "#rope", "uv": [ 0.0, 0.0, 4.5, 3.5 ], "autoUv": false },
								"east": { "texture": "#rope", "uv": [ 0.0, 2.0, 5.0, 5.5 ], "autoUv": false },
								"south": { "texture": "#rope", "uv": [ 0.0, 0.0, 8.5, 4.5 ], "autoUv": false },
								"west": { "texture": "#rope", "uv": [ 0.0, 0.0, 3.0, 3.5 ], "autoUv": false },
								"up": { "texture": "#rope", "uv": [ 1.0, 2.0, 5.0, 6.5 ], "rotation": 90, "autoUv": false },
								"down": { "texture": "#rope", "uv": [ 0.0, 3.0, 5.0, 6.5 ], "rotation": 90, "autoUv": false }
							},
							"children": [
								{
									"name": "sinew2",
									"from": [ -0.3, -0.1, -0.1 ], 
									"to": [ 0.4, 1.6, 1.3 ], 
									"rotationOrigin": [ -0.3, -0.1, -0.1 ],
									"faces": {
										"north": { "texture": "#rope", "uv": [ 0.0, 0.0, 4.5, 2.5 ], "autoUv": false },
										"east": { "texture": "#rope", "uv": [ 0.0, 0.0, 1.0, 1.5 ] },
										"south": { "texture": "#rope", "uv": [ 0.0, 0.0, 4.5, 3.5 ], "autoUv": false },
										"west": { "texture": "#rope", "uv": [ 0.0, 0.0, 1.0, 1.5 ] },
										"up": { "texture": "#rope", "uv": [ 0.0, 0.0, 4.5, 4.0 ], "autoUv": false },
										"down": { "texture": "#rope", "uv": [ 0.0, 0.0, 4.5, 4.0 ], "autoUv": false }
									}
								}
							]
						}
					]
				},
				{
					"name": "stone3",
					"from": [ 8.0, -0.5, 1.0 ], 
					"to": [ 10.0, 1.5, 2.4 ], 
					"rotationOrigin": [ 8.0, -0.5, 1.5 ],
					"faces": {
						"north": { "texture": "#stone", "uv": [ 0.0, 0.0, 2.0, 2.0 ] },
						"east": { "texture": "#stone", "uv": [ 0.0, 0.0, 1.25, 2.0 ] },
						"south": { "texture": "#stone", "uv": [ 0.0, 0.0, 2.0, 2.0 ] },
						"west": { "texture": "#stone", "uv": [ 0.0, 0.0, 1.25, 2.0 ] },
						"up": { "texture": "#stone", "uv": [ 0.0, 0.0, 2.0, 1.25 ] },
						"down": { "texture": "#stone", "uv": [ 0.0, 0.0, 2.0, 1.25 ] }
					},
					"children": [
						{
							"name": "stone4",
							"from": [ 0.2, 0.2, 1.4 ], 
							"to": [ 1.8, 1.8, 1.9 ], 
							"rotationOrigin": [ 0.0, 0.0, 2.0 ],
							"faces": {
								"north": { "texture": "#stone", "uv": [ 0.0, 0.0, 1.5, 1.5 ] },
								"east": { "texture": "#stone", "uv": [ 0.0, 0.0, 0.5, 1.5 ] },
								"south": { "texture": "#stone", "uv": [ 0.0, 0.0, 1.5, 1.5 ] },
								"west": { "texture": "#stone", "uv": [ 0.0, 0.0, 0.5, 1.5 ] },
								"up": { "texture": "#stone", "uv": [ 0.0, 0.0, 1.5, 0.5 ] },
								"down": { "texture": "#stone", "uv": [ 0.0, 0.0, 1.5, 0.5 ] }
							}
						},
						{
							"name": "stone5",
							"from": [ 0.2, 0.2, -2.9 ], 
							"to": [ 1.8, 1.8, -2.4 ], 
							"rotationOrigin": [ 0.0, 0.0, -2.3 ],
							"faces": {
								"north": { "texture": "#stone", "uv": [ 0.0, 0.0, 1.5, 1.5 ] },
								"east": { "texture": "#stone", "uv": [ 0.0, 0.0, 0.5, 1.5 ] },
								"south": { "texture": "#stone", "uv": [ 0.0, 0.0, 1.5, 1.5 ] },
								"west": { "texture": "#stone", "uv": [ 0.0, 0.0, 0.5, 1.5 ] },
								"up": { "texture": "#stone", "uv": [ 0.0, 0.0, 1.5, 0.5 ] },
								"down": { "texture": "#stone", "uv": [ 0.0, 0.0, 1.5, 0.5 ] }
							}
						}
					]
				},
				{
					"name": "wood2",
					"from": [ 0.9, -0.2, -0.2 ], 
					"to": [ 5.1, 1.2, 1.2 ], 
					"rotationOrigin": [ 0.9, 0.4, 0.0 ],
					"faces": {
						"north": { "texture": "#wood", "uv": [ 0.0, 0.0, 4.0, 1.25 ] },
						"east": { "texture": "#wood", "uv": [ 0.0, 0.0, 1.0, 1.25 ] },
						"south": { "texture": "#wood", "uv": [ 0.0, 0.0, 4.0, 1.25 ] },
						"west": { "texture": "#wood", "uv": [ 0.0, 0.0, 1.0, 1.25 ] },
						"up": { "texture": "#wood", "uv": [ 0.0, 0.0, 4.0, 1.25 ] },
						"down": { "texture": "#wood", "uv": [ 0.0, 0.0, 4.0, 1.25 ] }
					}
				}
			]
		}
	]}