{
	"editor": {
		"allAngles": false,
		"singleTexture": false
	},
	"textureWidth": 16,
	"textureHeight": 8,
	"textures": {
		"wood": "game:block/wood/debarked/maple",
		"stone": "game:block/stone/rock/granite",
		"rope": "neolithicmod:block/rope"
	},
	"elements": [
		{
			"name": "handle",
			"from": [ 9.5, 7.5, 7.5 ], 
			"to": [ 14.5, 8.5, 8.5 ], 
			"rotationOrigin": [ 0.0, 0.0, 8.0 ],
			"faces": {
				"north": { "texture": "#wood", "uv": [ 0.0, 2.0, 5.0, 3.0 ] },
				"east": { "texture": "#wood", "uv": [ 3.0, 0.0, 4.0, 1.0 ], "enabled": false },
				"south": { "texture": "#wood", "uv": [ 0.0, 4.5, 5.0, 5.5 ] },
				"west": { "texture": "#wood", "uv": [ 3.0, 0.0, 4.0, 1.0 ] },
				"up": { "texture": "#wood", "uv": [ 0.0, 2.0, 5.0, 3.0 ] },
				"down": { "texture": "#wood", "uv": [ 0.0, 3.0, 5.0, 4.0 ] }
			},
			"children": [
				{
					"name": "stone",
					"from": [ -4.4, -0.1, 0.4 ], 
					"to": [ 0.7, 1.2, 0.6 ], 
					"rotationOrigin": [ 0.6, -0.2, 0.0 ],
					"faces": {
						"north": { "texture": "#stone", "uv": [ 1.0, 1.0, 6.0, 2.25 ] },
						"east": { "texture": "#stone", "uv": [ 0.0, 0.0, 0.0, 1.25 ] },
						"south": { "texture": "#stone", "uv": [ 2.0, 3.0, 7.0, 4.25 ] },
						"west": { "texture": "#stone", "uv": [ 0.0, 0.0, 0.0, 1.25 ] },
						"up": { "texture": "#stone", "uv": [ 1.0, 2.0, 6.0, 2.0 ] },
						"down": { "texture": "#stone", "uv": [ 3.0, 3.0, 8.0, 3.0 ] }
					}
				},
				{
					"name": "stone2",
					"from": [ -5.4, 0.3, 0.4 ], 
					"to": [ -4.4, 0.8, 0.6 ], 
					"rotationOrigin": [ 0.6, -0.3, 0.0 ],
					"faces": {
						"north": { "texture": "#stone", "uv": [ 4.0, 4.0, 5.0, 4.5 ] },
						"east": { "texture": "#stone", "uv": [ 2.0, 2.0, 2.0, 2.5 ], "enabled": false },
						"south": { "texture": "#stone", "uv": [ 4.0, 3.0, 5.0, 3.5 ] },
						"west": { "texture": "#stone", "uv": [ 2.0, 5.0, 2.0, 5.5 ] },
						"up": { "texture": "#stone", "uv": [ 3.0, 4.0, 4.0, 4.0 ] },
						"down": { "texture": "#stone", "uv": [ 1.0, 2.0, 2.0, 2.0 ] }
					}
				},
				{
					"name": "stone3",
					"from": [ -3.1, -0.5, 0.4 ], 
					"to": [ 0.7, -0.1, 0.6 ], 
					"rotationOrigin": [ -0.1, -0.1, 0.0 ],
					"faces": {
						"north": { "texture": "#stone", "uv": [ 3.0, 6.0, 6.5, 6.25 ] },
						"east": { "texture": "#stone", "uv": [ 1.0, 2.0, 1.0, 2.25 ] },
						"south": { "texture": "#stone", "uv": [ 1.0, 3.0, 4.5, 3.25 ] },
						"west": { "texture": "#stone", "uv": [ 0.0, 1.0, 0.0, 1.25 ] },
						"up": { "texture": "#stone", "uv": [ 0.0, 0.0, 3.5, 0.0 ], "enabled": false },
						"down": { "texture": "#stone", "uv": [ 1.0, 2.0, 4.5, 2.0 ] }
					}
				},
				{
					"name": "wood1",
					"from": [ 4.3, 0.2, -0.1 ], 
					"to": [ 7.3, 1.2, 1.1 ], 
					"rotationOrigin": [ 4.3, 0.2, 0.0 ],
					"rotationZ": -22.5,
					"faces": {
						"north": { "texture": "#wood", "uv": [ 4.0, 2.0, 7.0, 3.0 ] },
						"east": { "texture": "#wood", "uv": [ 9.0, 2.0, 10.0, 3.0 ] },
						"south": { "texture": "#wood", "uv": [ 5.0, 3.0, 8.0, 4.0 ] },
						"west": { "texture": "#wood", "uv": [ 5.0, 1.0, 6.0, 2.0 ] },
						"up": { "texture": "#wood", "uv": [ 7.0, 3.0, 10.0, 4.0 ] },
						"down": { "texture": "#wood", "uv": [ 10.0, 3.0, 13.0, 4.0 ] }
					}
				},
				{
					"name": "stone7",
					"from": [ -2.8, 1.2, 0.4 ], 
					"to": [ 0.7, 1.6, 0.6 ], 
					"rotationOrigin": [ 0.2, 1.6, 0.0 ],
					"faces": {
						"north": { "texture": "#stone", "uv": [ 3.0, 6.0, 6.5, 6.25 ] },
						"east": { "texture": "#stone", "uv": [ 1.0, 2.0, 1.0, 2.25 ] },
						"south": { "texture": "#stone", "uv": [ 1.0, 3.0, 4.5, 3.25 ] },
						"west": { "texture": "#stone", "uv": [ 0.0, 1.0, 0.0, 1.25 ] },
						"up": { "texture": "#stone", "uv": [ 0.0, 0.0, 3.5, 0.0 ], "enabled": false },
						"down": { "texture": "#stone", "uv": [ 1.0, 2.0, 4.5, 2.0 ] }
					}
				},
				{
					"name": "sinew",
					"from": [ 0.5, -0.1, -0.1 ], 
					"to": [ 2.2, 1.1, 1.1 ], 
					"rotationOrigin": [ -0.5, -0.1, -0.1 ],
					"faces": {
						"north": { "texture": "#rope", "uv": [ 4.0, 3.0, 8.5, 5.0 ], "autoUv": false },
						"east": { "texture": "#rope", "uv": [ 5.0, 3.0, 6.0, 4.0 ] },
						"south": { "texture": "#rope", "uv": [ 4.0, 1.0, 8.5, 4.5 ], "autoUv": false },
						"west": { "texture": "#rope", "uv": [ 0.0, 0.0, 1.0, 1.0 ] },
						"up": { "texture": "#rope", "uv": [ 4.0, 2.0, 8.5, 4.0 ], "autoUv": false },
						"down": { "texture": "#rope", "uv": [ 4.0, 2.0, 8.5, 5.0 ], "autoUv": false }
					}
				}
			]
		}
	]}