{
	"editor": {
		"allAngles": false,
		"singleTexture": true
	},
	"textureWidth": 16,
	"textureHeight": 8,
	"textures": {
		"stone": "item/tool/material/granite"
	},
	"elements": [
		{
			"name": "Cube3",
			"from": [ 8.0, 7.0, 7.0 ], 
			"to": [ 12.0, 9.0, 9.0 ], 
			"uv": [ 0.0, 4.0 ],
			"rotationOrigin": [ 8.0, 7.0, 7.0 ],
			"faces": {
				"north": { "texture": "#stone", "uv": [ 0.0, 6.0, 4.0, 8.0 ] },
				"east": { "texture": "#stone", "uv": [ 4.0, 6.0, 6.0, 8.0 ] },
				"south": { "texture": "#stone", "uv": [ 6.0, 6.0, 10.0, 8.0 ] },
				"west": { "texture": "#stone", "uv": [ 10.0, 6.0, 12.0, 8.0 ] },
				"up": { "texture": "#stone", "uv": [ 0.0, 4.0, 4.0, 6.0 ] },
				"down": { "texture": "#stone", "uv": [ 4.0, 4.0, 8.0, 6.0 ] }
			},
			"children": [
				{
					"name": "Cube1",
					"from": [ -0.6, 0.5, 0.0 ], 
					"to": [ 0.0, 1.5, 2.0 ], 
					"uv": [ 11.0, 1.0 ],
					"rotationOrigin": [ -0.6, 0.5, 0.0 ],
					"faces": {
						"north": { "texture": "#stone", "uv": [ 11.0, 3.0, 11.5, 4.0 ] },
						"east": { "texture": "#stone", "uv": [ 11.5, 3.0, 13.5, 4.0 ] },
						"south": { "texture": "#stone", "uv": [ 13.5, 3.0, 14.0, 4.0 ] },
						"west": { "texture": "#stone", "uv": [ 14.0, 3.0, 16.0, 4.0 ] },
						"up": { "texture": "#stone", "uv": [ 11.0, 1.0, 11.5, 3.0 ] },
						"down": { "texture": "#stone", "uv": [ 11.5, 1.0, 12.0, 3.0 ] }
					}
				},
				{
					"name": "Cube4",
					"from": [ 0.0, 0.5, -0.6 ], 
					"to": [ 4.0, 1.5, 0.0 ], 
					"uv": [ 0.0, 2.0 ],
					"rotationOrigin": [ 0.0, 0.5, -0.6 ],
					"faces": {
						"north": { "texture": "#stone", "uv": [ 0.0, 2.5, 4.0, 3.5 ] },
						"east": { "texture": "#stone", "uv": [ 4.0, 2.5, 4.5, 3.5 ] },
						"south": { "texture": "#stone", "uv": [ 4.5, 2.5, 8.5, 3.5 ] },
						"west": { "texture": "#stone", "uv": [ 8.5, 2.5, 9.0, 3.5 ] },
						"up": { "texture": "#stone", "uv": [ 0.0, 2.0, 4.0, 2.5 ] },
						"down": { "texture": "#stone", "uv": [ 4.0, 2.0, 8.0, 2.5 ] }
					}
				},
				{
					"name": "Cube5",
					"from": [ 0.0, 0.5, 2.0 ], 
					"to": [ 4.0, 1.5, 2.6 ], 
					"uv": [ 0.0, 0.0 ],
					"rotationOrigin": [ 0.0, 0.5, 2.0 ],
					"faces": {
						"north": { "texture": "#stone", "uv": [ 0.0, 0.5, 4.0, 1.5 ] },
						"east": { "texture": "#stone", "uv": [ 4.0, 0.5, 4.5, 1.5 ] },
						"south": { "texture": "#stone", "uv": [ 4.5, 0.5, 8.5, 1.5 ] },
						"west": { "texture": "#stone", "uv": [ 8.5, 0.5, 9.0, 1.5 ] },
						"up": { "texture": "#stone", "uv": [ 0.0, 0.0, 4.0, 0.5 ] },
						"down": { "texture": "#stone", "uv": [ 4.0, 0.0, 8.0, 0.5 ] }
					}
				},
				{
					"name": "Cube6",
					"from": [ 4.0, 0.5, 0.0 ], 
					"to": [ 4.6, 1.5, 2.0 ], 
					"uv": [ 9.0, 3.0 ],
					"rotationOrigin": [ 4.0, 0.5, 0.0 ],
					"faces": {
						"north": { "texture": "#stone", "uv": [ 9.0, 5.0, 9.5, 6.0 ] },
						"east": { "texture": "#stone", "uv": [ 9.5, 5.0, 11.5, 6.0 ] },
						"south": { "texture": "#stone", "uv": [ 11.5, 5.0, 12.0, 6.0 ] },
						"west": { "texture": "#stone", "uv": [ 12.0, 5.0, 14.0, 6.0 ] },
						"up": { "texture": "#stone", "uv": [ 9.0, 3.0, 9.5, 5.0 ] },
						"down": { "texture": "#stone", "uv": [ 9.5, 3.0, 10.0, 5.0 ] }
					}
				}
			]
		}
	]}