{
	"editor": {
		"allAngles": true,
		"singleTexture": false
	},
	"textureWidth": 16,
	"textureHeight": 8,
	"textures": {
		"stone": "item/tool/material/granite"
	},
	"elements": [
		{
			"name": "Cube12",
			"from": [ 6.0, 7.5, 6.5 ], 
			"to": [ 7.6, 8.5, 8.5 ], 
			"rotationOrigin": [ 6.0, 7.0, 7.0 ],
			"faces": {
				"north": { "texture": "#stone", "uv": [ 0.0, 0.0, 1.5, 1.0 ] },
				"east": { "texture": "#stone", "uv": [ 0.0, 0.0, 2.0, 1.0 ] },
				"south": { "texture": "#stone", "uv": [ 0.0, 0.0, 1.5, 1.0 ] },
				"west": { "texture": "#stone", "uv": [ 0.0, 0.0, 2.0, 1.0 ] },
				"up": { "texture": "#stone", "uv": [ 0.0, 0.0, 1.5, 2.0 ] },
				"down": { "texture": "#stone", "uv": [ 0.0, 0.0, 1.5, 2.0 ] }
			},
			"children": [
				{
					"name": "Cube1",
					"from": [ 0.2, 0.15, 2.0 ], 
					"to": [ 1.5, 0.85, 2.6 ], 
					"rotationOrigin": [ 0.0, 0.0, 2.0 ],
					"faces": {
						"north": { "texture": "#stone", "uv": [ 0.0, 0.0, 1.0, 0.5 ], "enabled": false },
						"east": { "texture": "#stone", "uv": [ 0.0, 0.0, 0.5, 0.5 ] },
						"south": { "texture": "#stone", "uv": [ 0.0, 0.0, 1.0, 0.5 ] },
						"west": { "texture": "#stone", "uv": [ 0.0, 0.0, 0.5, 0.5 ] },
						"up": { "texture": "#stone", "uv": [ 0.0, 0.0, 1.0, 0.5 ] },
						"down": { "texture": "#stone", "uv": [ 0.0, 0.0, 1.0, 0.5 ] }
					}
				},
				{
					"name": "Cube3",
					"from": [ 0.1, 0.1, -0.6 ], 
					"to": [ 1.5, 0.9, 0.0 ], 
					"rotationOrigin": [ 0.0, 0.0, -1.0 ],
					"faces": {
						"north": { "texture": "#stone", "uv": [ 0.0, 0.0, 1.25, 0.75 ] },
						"east": { "texture": "#stone", "uv": [ 0.0, 0.0, 0.5, 0.75 ] },
						"south": { "texture": "#stone", "uv": [ 0.0, 0.0, 1.25, 0.75 ], "enabled": false },
						"west": { "texture": "#stone", "uv": [ 0.0, 0.0, 0.5, 0.75 ] },
						"up": { "texture": "#stone", "uv": [ 0.0, 0.0, 1.25, 0.5 ] },
						"down": { "texture": "#stone", "uv": [ 0.0, 0.0, 1.25, 0.5 ] }
					},
					"children": [
						{
							"name": "Cube4",
							"from": [ 0.1, 0.2, -0.6 ], 
							"to": [ 1.3, 0.6, 0.0 ], 
							"rotationOrigin": [ 0.0, 0.0, -1.0 ],
							"faces": {
								"north": { "texture": "#stone", "uv": [ 0.0, 0.0, 1.0, 0.25 ] },
								"east": { "texture": "#stone", "uv": [ 0.0, 0.0, 0.5, 0.25 ] },
								"south": { "texture": "#stone", "uv": [ 0.0, 0.0, 1.0, 0.25 ], "enabled": false },
								"west": { "texture": "#stone", "uv": [ 0.0, 0.0, 0.5, 0.25 ] },
								"up": { "texture": "#stone", "uv": [ 0.0, 0.0, 1.0, 0.5 ] },
								"down": { "texture": "#stone", "uv": [ 0.0, 0.0, 1.0, 0.5 ] }
							}
						}
					]
				}
			]
		}
	]}