{
	"editor": {
		"allAngles": false,
		"singleTexture": false
	},
	"textureWidth": 16,
	"textureHeight": 16,
	"textures": {
		"stone": "item/tool/material/granite",
		"bone": "block/bone",
		"sinew": "block/sinew"
	},
	"elements": [
		{
			"name": "bone1",
			"from": [ 0.0, 7.5, 7.5 ], 
			"to": [ 13.0, 8.5, 8.5 ], 
			"rotationOrigin": [ 6.0, 8.0, 8.0 ],
			"rotationX": -180.0,
			"faces": {
				"north": { "texture": "#bone", "uv": [ 0.0, 5.0, 13.0, 6.0 ] },
				"east": { "texture": "#bone", "uv": [ 13.0, 5.0, 14.0, 6.0 ] },
				"south": { "texture": "#bone", "uv": [ 1.0, 6.0, 14.0, 7.0 ] },
				"west": { "texture": "#bone", "uv": [ 14.0, 5.0, 15.0, 6.0 ] },
				"up": { "texture": "#bone", "uv": [ 0.0, 4.0, 13.0, 5.0 ] },
				"down": { "texture": "#bone", "uv": [ 2.0, 6.0, 15.0, 7.0 ] }
			},
			"children": [
				{
					"name": "flint1",
					"from": [ 11.5, -0.5, -2.5 ], 
					"to": [ 12.0, 1.5, 0.5 ], 
					"rotationOrigin": [ 0.0, 0.0, 0.0 ],
					"rotationY": -15.0,
					"faces": {
						"north": { "texture": "#stone", "uv": [ 0.0, 0.0, 0.5, 2.0 ] },
						"east": { "texture": "#stone", "uv": [ 0.0, 0.0, 3.0, 2.0 ] },
						"south": { "texture": "#stone", "uv": [ 0.0, 0.0, 0.5, 2.0 ] },
						"west": { "texture": "#stone", "uv": [ 0.0, 0.0, 3.0, 2.0 ] },
						"up": { "texture": "#stone", "uv": [ 0.0, 0.0, 0.5, 3.0 ] },
						"down": { "texture": "#stone", "uv": [ 0.0, 0.0, 0.5, 3.0 ] }
					},
					"children": [
						{
							"name": "flint2",
							"from": [ 1.0, 0.2, 2.5 ], 
							"to": [ 1.4, 1.8, 4.0 ], 
							"rotationOrigin": [ 0.0, 0.0, 0.0 ],
							"rotationY": -22.5,
							"faces": {
								"north": { "texture": "#stone", "uv": [ 0.0, 0.0, 0.25, 1.5 ] },
								"east": { "texture": "#stone", "uv": [ 0.0, 0.0, 1.5, 1.5 ] },
								"south": { "texture": "#stone", "uv": [ 0.0, 0.0, 0.25, 1.5 ] },
								"west": { "texture": "#stone", "uv": [ 0.0, 0.0, 1.5, 1.5 ] },
								"up": { "texture": "#stone", "uv": [ 0.0, 0.0, 0.25, 1.5 ] },
								"down": { "texture": "#stone", "uv": [ 0.0, 0.0, 0.0, 1.5 ] }
							}
						},
						{
							"name": "sinew1",
							"from": [ -1.2, 0.3, 0.0 ], 
							"to": [ 1.6, 1.7, 1.0 ], 
							"rotationOrigin": [ 0.0, 0.3, 0.0 ],
							"rotationY": -45.0,
							"faces": {
								"north": { "texture": "#sinew", "uv": [ 3.0, 3.0, 11.5, 7.0 ], "autoUv": false },
								"east": { "texture": "#sinew", "uv": [ 2.0, 1.0, 5.0, 3.0 ], "autoUv": false },
								"south": { "texture": "#sinew", "uv": [ 2.0, 3.0, 11.5, 8.0 ], "autoUv": false },
								"west": { "texture": "#sinew", "uv": [ 0.0, 1.0, 2.0, 4.0 ], "autoUv": false },
								"up": { "texture": "#sinew", "uv": [ 3.0, 2.0, 11.5, 7.0 ], "autoUv": false },
								"down": { "texture": "#sinew", "uv": [ 1.0, 3.0, 9.5, 8.0 ], "autoUv": false }
							}
						}
					]
				},
				{
					"name": "bone2",
					"from": [ 10.5, 0.0, 1.0 ], 
					"to": [ 12.5, 1.0, 2.0 ], 
					"rotationOrigin": [ 11.5, 0.0, 1.0 ],
					"faces": {
						"north": { "texture": "#bone", "uv": [ 0.0, 0.0, 2.0, 1.0 ], "enabled": false },
						"east": { "texture": "#bone", "uv": [ 7.0, 11.0, 8.0, 12.0 ] },
						"south": { "texture": "#bone", "uv": [ 1.0, 3.0, 3.0, 4.0 ] },
						"west": { "texture": "#bone", "uv": [ 4.0, 4.0, 5.0, 5.0 ] },
						"up": { "texture": "#bone", "uv": [ 8.0, 4.0, 10.0, 5.0 ] },
						"down": { "texture": "#bone", "uv": [ 6.0, 6.0, 8.0, 7.0 ] }
					}
				},
				{
					"name": "sine2",
					"from": [ 9.9, -0.1, -0.2 ], 
					"to": [ 10.5, 1.1, 1.2 ], 
					"rotationOrigin": [ 9.9, -0.1, -0.2 ],
					"faces": {
						"north": { "texture": "#sinew", "uv": [ 2.0, 1.0, 6.5, 4.0 ], "autoUv": false },
						"east": { "texture": "#sinew", "uv": [ 0.0, 0.0, 1.0, 1.0 ] },
						"south": { "texture": "#sinew", "uv": [ 4.0, 3.0, 8.5, 6.0 ], "autoUv": false },
						"west": { "texture": "#sinew", "uv": [ 0.0, 0.0, 1.0, 1.0 ] },
						"up": { "texture": "#sinew", "uv": [ 3.0, 2.0, 7.5, 5.0 ], "autoUv": false },
						"down": { "texture": "#sinew", "uv": [ 2.0, 3.0, 6.5, 6.0 ], "autoUv": false }
					}
				}
			]
		}
	]}