{
	"editor": {
		"allAngles": true,
		"singleTexture": false
	},
	"textureWidth": 16,
	"textureHeight": 8,
	"textures": {
		"stone": "item/tool/material/granite",
		"bone": "block/bone",
		"sinew": "block/sinew"
	},
	"elements": [
		{
			"name": "bone1",
			"from": [ 3.0, 7.6, 7.7 ], 
			"to": [ 12.0, 8.4, 8.5 ], 
			"rotationOrigin": [ 5.0, 0.1, 8.2 ],
			"faces": {
				"north": { "texture": "#bone", "uv": [ 0.0, 5.0, 9.0, 5.75 ] },
				"east": { "texture": "#bone", "uv": [ 3.0, 0.0, 3.5, 0.75 ] },
				"south": { "texture": "#bone", "uv": [ 3.0, 3.5, 12.0, 4.25 ] },
				"west": { "texture": "#bone", "uv": [ 0.0, 3.0, 0.5, 3.75 ], "enabled": false },
				"up": { "texture": "#bone", "uv": [ 0.0, 4.5, 9.0, 5.25 ] },
				"down": { "texture": "#bone", "uv": [ 3.0, 4.5, 12.0, 5.25 ] }
			},
			"children": [
				{
					"name": "stone1",
					"from": [ 8.0, 0.1, -0.8 ], 
					"to": [ 10.5, 0.6, 1.6 ], 
					"rotationOrigin": [ -4.0, 0.1, 0.7 ],
					"faces": {
						"north": { "texture": "#stone", "uv": [ 1.0, 2.0, 3.5, 2.5 ] },
						"east": { "texture": "#stone", "uv": [ 2.0, 2.0, 4.25, 2.5 ] },
						"south": { "texture": "#stone", "uv": [ 3.0, 2.0, 5.5, 2.5 ] },
						"west": { "texture": "#stone", "uv": [ 2.0, 2.0, 4.25, 2.5 ] },
						"up": { "texture": "#stone", "uv": [ 0.0, 2.0, 2.25, 4.5 ], "rotation": 90 },
						"down": { "texture": "#stone", "uv": [ 2.0, 2.0, 4.5, 4.25 ] }
					}
				},
				{
					"name": "stone2",
					"from": [ 10.5, 0.1, -0.6 ], 
					"to": [ 11.5, 0.6, 1.4 ], 
					"rotationOrigin": [ -5.5, 0.1, 0.4 ],
					"faces": {
						"north": { "texture": "#stone", "uv": [ 2.0, 2.0, 3.0, 2.5 ] },
						"east": { "texture": "#stone", "uv": [ 3.0, 4.0, 5.0, 4.5 ] },
						"south": { "texture": "#stone", "uv": [ 1.0, 4.0, 2.0, 4.5 ] },
						"west": { "texture": "#stone", "uv": [ 1.0, 2.0, 3.0, 2.5 ], "enabled": false },
						"up": { "texture": "#stone", "uv": [ 0.5, 1.0, 2.5, 2.0 ], "rotation": 90 },
						"down": { "texture": "#stone", "uv": [ 1.6, 3.0, 3.6, 4.0 ], "rotation": 90 }
					}
				},
				{
					"name": "stone3",
					"from": [ 11.5, 0.1, -0.3 ], 
					"to": [ 12.0, 0.6, 1.2 ], 
					"rotationOrigin": [ -4.5, 0.1, 0.7 ],
					"faces": {
						"north": { "texture": "#stone", "uv": [ 1.0, 3.0, 1.5, 3.5 ] },
						"east": { "texture": "#stone", "uv": [ 4.0, 5.0, 5.5, 5.5 ] },
						"south": { "texture": "#stone", "uv": [ 1.0, 2.0, 1.5, 2.5 ] },
						"west": { "texture": "#stone", "uv": [ 1.0, 2.0, 2.5, 2.5 ], "enabled": false },
						"up": { "texture": "#stone", "uv": [ 1.5, 2.0, 3.0, 2.5 ], "rotation": 90 },
						"down": { "texture": "#stone", "uv": [ 2.6, 5.0, 4.1, 5.5 ], "rotation": 90 }
					}
				},
				{
					"name": "stone4",
					"from": [ 6.0, 0.1, -0.2 ], 
					"to": [ 8.0, 0.6, 1.0 ], 
					"rotationOrigin": [ -10.0, 0.1, 0.8 ],
					"faces": {
						"north": { "texture": "#stone", "uv": [ 2.0, 2.0, 4.0, 2.5 ] },
						"east": { "texture": "#stone", "uv": [ 3.0, 4.0, 4.0, 4.5 ], "enabled": false },
						"south": { "texture": "#stone", "uv": [ 1.0, 4.0, 3.0, 4.5 ] },
						"west": { "texture": "#stone", "uv": [ 1.0, 2.0, 2.0, 2.5 ] },
						"up": { "texture": "#stone", "uv": [ 0.5, 1.0, 1.5, 3.0 ], "rotation": 90 },
						"down": { "texture": "#stone", "uv": [ 1.6, 3.0, 2.6, 5.0 ], "rotation": 90 }
					},
					"children": [
						{
							"name": "sinew",
							"from": [ 0.2, -0.2, -0.1 ], 
							"to": [ 1.8, 0.8, 1.3 ], 
							"rotationOrigin": [ 0.2, -0.2, -0.1 ],
							"faces": {
								"north": { "texture": "#sinew", "uv": [ 0.0, 2.0, 6.5, 5.0 ], "autoUv": false },
								"east": { "texture": "#sinew", "uv": [ 0.0, 0.0, 1.0, 1.0 ] },
								"south": { "texture": "#sinew", "uv": [ 0.0, 1.0, 6.5, 4.0 ], "autoUv": false },
								"west": { "texture": "#sinew", "uv": [ 0.0, 0.0, 5.0, 3.0 ], "autoUv": false },
								"up": { "texture": "#sinew", "uv": [ 0.0, 2.0, 6.5, 6.0 ], "autoUv": false },
								"down": { "texture": "#sinew", "uv": [ 0.0, 1.0, 6.5, 4.25 ], "autoUv": false }
							}
						}
					]
				},
				{
					"name": "bone2",
					"from": [ -0.3, -0.5, -0.1 ], 
					"to": [ 0.7, 0.5, 0.9 ], 
					"rotationOrigin": [ 0.7, -0.5, -0.1 ],
					"rotationZ": 3.0,
					"faces": {
						"north": { "texture": "#bone", "uv": [ 0.0, 0.0, 1.0, 1.0 ] },
						"east": { "texture": "#bone", "uv": [ 0.0, 0.0, 1.0, 1.0 ] },
						"south": { "texture": "#bone", "uv": [ 0.0, 0.0, 1.0, 1.0 ] },
						"west": { "texture": "#bone", "uv": [ 0.0, 0.0, 1.0, 1.0 ] },
						"up": { "texture": "#bone", "uv": [ 0.0, 0.0, 1.0, 1.0 ] },
						"down": { "texture": "#bone", "uv": [ 0.0, 0.0, 1.0, 1.0 ] }
					},
					"children": [
						{
							"name": "Cube1",
							"from": [ 0.0, 0.7, -0.1 ], 
							"to": [ 1.4, 1.7, 1.1 ], 
							"rotationOrigin": [ 1.0, 0.7, -0.1 ],
							"rotationZ": -28.0,
							"faces": {
								"north": { "texture": "#bone", "uv": [ 0.0, 0.0, 1.0, 1.0 ] },
								"east": { "texture": "#bone", "uv": [ 0.0, 0.0, 1.0, 1.0 ] },
								"south": { "texture": "#bone", "uv": [ 0.0, 0.0, 1.0, 1.0 ] },
								"west": { "texture": "#bone", "uv": [ 0.0, 0.0, 1.0, 1.0 ] },
								"up": { "texture": "#bone", "uv": [ 0.0, 0.0, 1.0, 1.0 ] },
								"down": { "texture": "#bone", "uv": [ 0.0, 0.0, 1.0, 1.0 ] }
							}
						}
					]
				}
			]
		}
	]}