{
	"editor": {
		"allAngles": true,
		"singleTexture": true
	},
	"textureWidth": 32,
	"textureHeight": 32,
	"textures": {
	},
	"elements": [
		{
			"name": "body",
			"from": [ 5.0, 3.3, 6.0 ], 
			"to": [ 9.0, 7.3, 10.0 ], 
			"unwrapMode": 5,
			"unwrapRotation": 1,
			"uv": [ 1.0, 9.0 ],
			"rotationOrigin": [ 7.0, 5.5, 8.0 ],
			"rotationZ": 2.0,
			"faces": {
				"north": { "texture": "#wolf-pup2", "uv": [ 1.0, 13.0, 5.0, 17.0 ], "rotation": 270 },
				"east": { "texture": "#wolf-pup2", "uv": [ 5.0, 9.0, 9.0, 13.0 ], "rotation": 180 },
				"south": { "texture": "#wolf-pup2", "uv": [ 9.0, 13.0, 13.0, 17.0 ], "rotation": 90 },
				"west": { "texture": "#wolf-pup2", "uv": [ 5.0, 17.0, 9.0, 21.0 ] },
				"up": { "texture": "#wolf-pup2", "uv": [ 5.0, 13.0, 9.0, 17.0 ], "rotation": 90 },
				"down": { "texture": "#wolf-pup2", "uv": [ 13.0, 13.0, 17.0, 17.0 ], "rotation": 270 }
			},
			"children": [
				{
					"name": "neck",
					"from": [ -1.9, 1.1, 0.5 ], 
					"to": [ 2.1, 4.1, 3.5 ], 
					"unwrapMode": 5,
					"unwrapRotation": 1,
					"uv": [ 11.5, 1.0 ],
					"rotationOrigin": [ -0.1, 2.6, 2.0 ],
					"rotationZ": -35.0,
					"faces": {
						"north": { "texture": "#wolf-pup2", "uv": [ 11.5, 1.0, 14.5, 5.0 ], "rotation": 270 },
						"east": { "texture": "#wolf-pup2", "uv": [ 14.5, 1.0, 17.5, 4.0 ], "rotation": 180, "enabled": false },
						"south": { "texture": "#wolf-pup2", "uv": [ 17.5, 1.0, 20.5, 5.0 ], "rotation": 90 },
						"west": { "texture": "#wolf-pup2", "uv": [ 14.5, 5.0, 17.5, 8.0 ] },
						"up": { "texture": "#wolf-pup2", "uv": [ 14.5, 1.0, 17.5, 5.0 ], "rotation": 90 },
						"down": { "texture": "#wolf-pup2", "uv": [ 20.5, 1.0, 23.5, 5.0 ], "rotation": 270 }
					},
					"children": [
						{
							"name": "head",
							"from": [ -1.2, -0.3, -0.1 ], 
							"to": [ 1.3, 2.9, 3.1 ], 
							"unwrapMode": 4,
							"uv": [ 0.0, 0.0 ],
							"rotationOrigin": [ 0.2, 1.3, 1.4 ],
							"rotationZ": 34.0,
							"faces": {
								"north": { "texture": "#wolf-pup2", "uv": [ 0.0, 2.5, 2.5, 5.5 ] },
								"east": { "texture": "#wolf-pup2", "uv": [ 8.0, 2.5, 11.0, 5.5 ] },
								"south": { "texture": "#wolf-pup2", "uv": [ 5.5, 2.5, 8.0, 5.5 ] },
								"west": { "texture": "#wolf-pup2", "uv": [ 2.5, 2.5, 5.5, 5.5 ] },
								"up": { "texture": "#wolf-pup2", "uv": [ 2.5, 0.0, 5.5, 2.5 ], "rotation": 90 },
								"down": { "texture": "#wolf-pup2", "uv": [ 2.5, 5.5, 5.5, 8.0 ], "rotation": 90 }
							},
							"children": [
								{
									"name": "mouth",
									"from": [ -1.8, 1.3, 0.8 ], 
									"to": [ 1.2, 2.3, 2.4 ], 
									"unwrapMode": 5,
									"unwrapRotation": 1,
									"uv": [ 26.0, 1.0 ],
									"rotationOrigin": [ 1.2, 1.8, 1.6 ],
									"rotationZ": 22.0,
									"faces": {
										"north": { "texture": "#wolf-pup2", "uv": [ 26.0, 2.0, 27.0, 5.0 ], "rotation": 270 },
										"east": { "texture": "#wolf-pup2", "uv": [ 27.0, 1.0, 28.5, 2.0 ], "rotation": 180 },
										"south": { "texture": "#wolf-pup2", "uv": [ 28.5, 2.0, 29.5, 5.0 ], "rotation": 90 },
										"west": { "texture": "#wolf-pup2", "uv": [ 27.0, 5.0, 28.5, 6.0 ] },
										"up": { "texture": "#wolf-pup2", "uv": [ 27.0, 2.0, 28.5, 5.0 ], "rotation": 90 },
										"down": { "texture": "#wolf-pup2", "uv": [ 29.5, 2.0, 31.0, 5.0 ], "rotation": 270 }
									},
									"children": [
										{
											"name": "nose",
											"from": [ -0.1, 0.6, 0.5 ], 
											"to": [ 0.4, 1.1, 1.1 ], 
											"uv": [ 0.0, 0.0 ],
											"rotationOrigin": [ 0.4, 0.9, 0.7 ],
											"faces": {
												"north": { "texture": "#wolf-pup2", "uv": [ 0.0, 0.5, 0.5, 1.0 ] },
												"east": { "texture": "#wolf-pup2", "uv": [ 0.5, 0.5, 1.0, 1.0 ] },
												"south": { "texture": "#wolf-pup2", "uv": [ 1.0, 0.5, 1.5, 1.0 ] },
												"west": { "texture": "#wolf-pup2", "uv": [ 1.5, 0.5, 2.0, 1.0 ] },
												"up": { "texture": "#wolf-pup2", "uv": [ 0.0, 0.0, 0.5, 0.5 ] },
												"down": { "texture": "#wolf-pup2", "uv": [ 0.5, 0.0, 1.0, 0.5 ] }
											}
										}
									]
								},
								{
									"name": "jaw",
									"from": [ -1.2, 0.5, 1.1 ], 
									"to": [ 1.8, 1.1, 2.1 ], 
									"unwrapMode": 5,
									"unwrapRotation": 1,
									"uv": [ 27.0, 8.0 ],
									"rotationOrigin": [ 1.8, 0.8, 1.6 ],
									"rotationZ": 9.0,
									"faces": {
										"north": { "texture": "#wolf-pup2", "uv": [ 27.0, 8.5, 27.5, 11.5 ], "rotation": 270 },
										"east": { "texture": "#wolf-pup2", "uv": [ 27.5, 8.0, 28.5, 8.5 ], "rotation": 180 },
										"south": { "texture": "#wolf-pup2", "uv": [ 28.5, 8.5, 29.0, 11.5 ], "rotation": 90 },
										"west": { "texture": "#wolf-pup2", "uv": [ 27.5, 11.5, 28.5, 12.0 ] },
										"up": { "texture": "#wolf-pup2", "uv": [ 27.5, 8.5, 28.5, 11.5 ], "rotation": 90 },
										"down": { "texture": "#wolf-pup2", "uv": [ 29.0, 8.5, 30.0, 11.5 ], "rotation": 270 }
									}
								},
								{
									"name": "R ear",
									"from": [ 1.2, 2.4, -0.1 ], 
									"to": [ 1.7, 4.4, 1.4 ], 
									"unwrapMode": 4,
									"uv": [ 10.0, 9.0 ],
									"rotationOrigin": [ 1.7, 2.4, 0.7 ],
									"rotationX": -20.0,
									"rotationY": 10.0,
									"rotationZ": 13.0,
									"faces": {
										"north": { "texture": "#wolf-pup2", "uv": [ 10.0, 9.5, 10.5, 11.5 ] },
										"east": { "texture": "#wolf-pup2", "uv": [ 12.5, 9.5, 14.0, 11.5 ] },
										"south": { "texture": "#wolf-pup2", "uv": [ 12.0, 9.5, 12.5, 11.5 ] },
										"west": { "texture": "#wolf-pup2", "uv": [ 10.5, 9.5, 12.0, 11.5 ] },
										"up": { "texture": "#wolf-pup2", "uv": [ 10.5, 9.0, 12.0, 9.5 ], "rotation": 90 },
										"down": { "texture": "#wolf-pup2", "uv": [ 10.5, 11.5, 12.0, 12.0 ], "rotation": 90 }
									}
								},
								{
									"name": "L ear",
									"from": [ 1.2, 2.4, 1.8 ], 
									"to": [ 1.7, 4.4, 3.3 ], 
									"unwrapMode": 4,
									"uv": [ 15.0, 9.0 ],
									"rotationOrigin": [ 1.7, 2.4, 2.5 ],
									"rotationX": 20.0,
									"rotationY": -10.0,
									"rotationZ": 13.0,
									"faces": {
										"north": { "texture": "#wolf-pup2", "uv": [ 15.0, 9.5, 15.5, 11.5 ] },
										"east": { "texture": "#wolf-pup2", "uv": [ 17.5, 9.5, 19.0, 11.5 ] },
										"south": { "texture": "#wolf-pup2", "uv": [ 17.0, 9.5, 17.5, 11.5 ] },
										"west": { "texture": "#wolf-pup2", "uv": [ 15.5, 9.5, 17.0, 11.5 ] },
										"up": { "texture": "#wolf-pup2", "uv": [ 15.5, 9.0, 17.0, 9.5 ], "rotation": 90 },
										"down": { "texture": "#wolf-pup2", "uv": [ 15.5, 11.5, 17.0, 12.0 ], "rotation": 90 }
									}
								}
							]
						}
					]
				},
				{
					"name": "R front leg",
					"from": [ 0.4, -0.8, 0.3 ], 
					"to": [ 2.0, 1.2, 1.9 ], 
					"unwrapMode": 4,
					"uv": [ 1.0, 21.5 ],
					"rotationOrigin": [ 1.2, 1.2, 1.1 ],
					"rotationZ": 3.0,
					"faces": {
						"north": { "texture": "#wolf-pup2", "uv": [ 1.0, 23.0, 2.5, 25.0 ] },
						"east": { "texture": "#wolf-pup2", "uv": [ 5.5, 23.0, 7.0, 25.0 ] },
						"south": { "texture": "#wolf-pup2", "uv": [ 4.0, 23.0, 5.5, 25.0 ] },
						"west": { "texture": "#wolf-pup2", "uv": [ 2.5, 23.0, 4.0, 25.0 ] },
						"up": { "texture": "#wolf-pup2", "uv": [ 2.5, 21.5, 4.0, 23.0 ], "rotation": 90 },
						"down": { "texture": "#wolf-pup2", "uv": [ 2.5, 25.0, 4.0, 26.5 ], "rotation": 90 }
					},
					"children": [
						{
							"name": "R front feet",
							"from": [ 0.1, -2.5, 0.2 ], 
							"to": [ 1.3, 0.5, 1.4 ], 
							"unwrapMode": 4,
							"uv": [ 1.0, 27.0 ],
							"rotationOrigin": [ 0.8, 0.5, 0.8 ],
							"rotationZ": -5.0,
							"faces": {
								"north": { "texture": "#wolf-pup2", "uv": [ 1.0, 28.0, 2.0, 31.0 ] },
								"east": { "texture": "#wolf-pup2", "uv": [ 4.0, 28.0, 5.0, 31.0 ] },
								"south": { "texture": "#wolf-pup2", "uv": [ 3.0, 28.0, 4.0, 31.0 ] },
								"west": { "texture": "#wolf-pup2", "uv": [ 2.0, 28.0, 3.0, 31.0 ] },
								"up": { "texture": "#wolf-pup2", "uv": [ 2.0, 27.0, 3.0, 28.0 ], "rotation": 90 },
								"down": { "texture": "#wolf-pup2", "uv": [ 2.0, 31.0, 3.0, 32.0 ], "rotation": 90 }
							}
						}
					]
				},
				{
					"name": "L front leg",
					"from": [ 0.4, -0.8, 2.2 ], 
					"to": [ 2.0, 1.2, 3.8 ], 
					"unwrapMode": 4,
					"uv": [ 7.0, 21.5 ],
					"rotationOrigin": [ 1.2, 1.2, 3.0 ],
					"rotationZ": 3.0,
					"faces": {
						"north": { "texture": "#wolf-pup2", "uv": [ 7.0, 23.0, 8.5, 25.0 ] },
						"east": { "texture": "#wolf-pup2", "uv": [ 11.5, 23.0, 13.0, 25.0 ] },
						"south": { "texture": "#wolf-pup2", "uv": [ 10.0, 23.0, 11.5, 25.0 ] },
						"west": { "texture": "#wolf-pup2", "uv": [ 8.5, 23.0, 10.0, 25.0 ] },
						"up": { "texture": "#wolf-pup2", "uv": [ 8.5, 21.5, 10.0, 23.0 ], "rotation": 90 },
						"down": { "texture": "#wolf-pup2", "uv": [ 8.5, 25.0, 10.0, 26.5 ], "rotation": 90 }
					},
					"children": [
						{
							"name": "L front feet",
							"from": [ 0.1, -2.4, 0.2 ], 
							"to": [ 1.3, 0.6, 1.4 ], 
							"unwrapMode": 4,
							"uv": [ 5.0, 27.0 ],
							"rotationOrigin": [ 0.8, 0.6, 0.8 ],
							"rotationZ": -5.0,
							"faces": {
								"north": { "texture": "#wolf-pup2", "uv": [ 5.0, 28.0, 6.0, 31.0 ] },
								"east": { "texture": "#wolf-pup2", "uv": [ 8.0, 28.0, 9.0, 31.0 ] },
								"south": { "texture": "#wolf-pup2", "uv": [ 7.0, 28.0, 8.0, 31.0 ] },
								"west": { "texture": "#wolf-pup2", "uv": [ 6.0, 28.0, 7.0, 31.0 ] },
								"up": { "texture": "#wolf-pup2", "uv": [ 6.0, 27.0, 7.0, 28.0 ], "rotation": 90 },
								"down": { "texture": "#wolf-pup2", "uv": [ 6.0, 31.0, 7.0, 32.0 ], "rotation": 90 }
							}
						}
					]
				},
				{
					"name": "abdomen",
					"from": [ 3.0, 0.2, 0.2 ], 
					"to": [ 7.0, 3.8, 3.8 ], 
					"unwrapMode": 5,
					"unwrapRotation": 1,
					"uv": [ 17.5, 9.5 ],
					"rotationOrigin": [ 3.0, 1.9, 2.0 ],
					"rotationZ": -3.0,
					"faces": {
						"north": { "texture": "#wolf-pup2", "uv": [ 17.5, 13.0, 21.0, 17.0 ], "rotation": 270 },
						"east": { "texture": "#wolf-pup2", "uv": [ 21.0, 9.5, 24.5, 13.0 ], "rotation": 180 },
						"south": { "texture": "#wolf-pup2", "uv": [ 24.5, 13.0, 28.0, 17.0 ], "rotation": 90 },
						"west": { "texture": "#wolf-pup2", "uv": [ 21.0, 17.0, 24.5, 20.5 ] },
						"up": { "texture": "#wolf-pup2", "uv": [ 21.0, 13.0, 24.5, 17.0 ], "rotation": 90 },
						"down": { "texture": "#wolf-pup2", "uv": [ 28.0, 13.0, 31.5, 17.0 ], "rotation": 270 }
					},
					"children": [
						{
							"name": "L back leg",
							"from": [ 2.0, -0.6, 2.3 ], 
							"to": [ 4.0, 3.0, 3.9 ], 
							"unwrapMode": 4,
							"uv": [ 25.0, 21.0 ],
							"rotationOrigin": [ 3.0, 3.0, 3.1 ],
							"rotationX": 2.0,
							"rotationZ": 10.0,
							"faces": {
								"north": { "texture": "#wolf-pup2", "uv": [ 25.0, 23.0, 27.0, 26.5 ] },
								"east": { "texture": "#wolf-pup2", "uv": [ 30.5, 23.0, 32.0, 26.5 ] },
								"south": { "texture": "#wolf-pup2", "uv": [ 28.5, 23.0, 30.5, 26.5 ] },
								"west": { "texture": "#wolf-pup2", "uv": [ 27.0, 23.0, 28.5, 26.5 ] },
								"up": { "texture": "#wolf-pup2", "uv": [ 27.0, 21.0, 28.5, 23.0 ], "rotation": 90 },
								"down": { "texture": "#wolf-pup2", "uv": [ 27.0, 26.5, 28.5, 28.5 ], "rotation": 90 }
							},
							"children": [
								{
									"name": "L back feet",
									"from": [ 0.5, -3.0, 0.1 ], 
									"to": [ 1.7, 1.0, 1.3 ], 
									"unwrapMode": 4,
									"uv": [ 14.0, 26.0 ],
									"rotationOrigin": [ 1.1, 1.0, 0.8 ],
									"rotationX": -2.0,
									"rotationZ": -10.0,
									"faces": {
										"north": { "texture": "#wolf-pup2", "uv": [ 14.0, 27.0, 15.0, 31.0 ] },
										"east": { "texture": "#wolf-pup2", "uv": [ 17.0, 27.0, 18.0, 31.0 ] },
										"south": { "texture": "#wolf-pup2", "uv": [ 16.0, 27.0, 17.0, 31.0 ] },
										"west": { "texture": "#wolf-pup2", "uv": [ 15.0, 27.0, 16.0, 31.0 ] },
										"up": { "texture": "#wolf-pup2", "uv": [ 15.0, 26.0, 16.0, 27.0 ], "rotation": 90 },
										"down": { "texture": "#wolf-pup2", "uv": [ 15.0, 31.0, 16.0, 32.0 ], "rotation": 90 }
									}
								}
							]
						},
						{
							"name": "R back leg",
							"from": [ 2.0, -0.6, -0.2 ], 
							"to": [ 4.0, 3.0, 1.4 ], 
							"unwrapMode": 4,
							"uv": [ 17.0, 21.0 ],
							"rotationOrigin": [ 3.0, 3.0, 0.7 ],
							"rotationX": -2.0,
							"rotationZ": 10.0,
							"faces": {
								"north": { "texture": "#wolf-pup2", "uv": [ 17.0, 23.0, 19.0, 26.5 ] },
								"east": { "texture": "#wolf-pup2", "uv": [ 22.5, 23.0, 24.0, 26.5 ] },
								"south": { "texture": "#wolf-pup2", "uv": [ 20.5, 23.0, 22.5, 26.5 ] },
								"west": { "texture": "#wolf-pup2", "uv": [ 19.0, 23.0, 20.5, 26.5 ] },
								"up": { "texture": "#wolf-pup2", "uv": [ 19.0, 21.0, 20.5, 23.0 ], "rotation": 90 },
								"down": { "texture": "#wolf-pup2", "uv": [ 19.0, 26.5, 20.5, 28.5 ], "rotation": 90 }
							},
							"children": [
								{
									"name": "R back feet",
									"from": [ 0.5, -3.0, 0.3 ], 
									"to": [ 1.7, 1.0, 1.5 ], 
									"unwrapMode": 4,
									"uv": [ 10.0, 26.0 ],
									"rotationOrigin": [ 1.1, 1.0, 0.9 ],
									"rotationX": 2.0,
									"rotationZ": -10.0,
									"faces": {
										"north": { "texture": "#wolf-pup2", "uv": [ 10.0, 27.0, 11.0, 31.0 ] },
										"east": { "texture": "#wolf-pup2", "uv": [ 13.0, 27.0, 14.0, 31.0 ] },
										"south": { "texture": "#wolf-pup2", "uv": [ 12.0, 27.0, 13.0, 31.0 ] },
										"west": { "texture": "#wolf-pup2", "uv": [ 11.0, 27.0, 12.0, 31.0 ] },
										"up": { "texture": "#wolf-pup2", "uv": [ 11.0, 26.0, 12.0, 27.0 ], "rotation": 90 },
										"down": { "texture": "#wolf-pup2", "uv": [ 11.0, 31.0, 12.0, 32.0 ], "rotation": 90 }
									}
								}
							]
						},
						{
							"name": "tail",
							"from": [ 3.1, 2.7, 1.2 ], 
							"to": [ 5.1, 3.7, 2.4 ], 
							"unwrapMode": 5,
							"unwrapRotation": 1,
							"uv": [ 16.0, 17.0 ],
							"rotationOrigin": [ 3.1, 3.2, 1.8 ],
							"rotationZ": -44.0,
							"faces": {
								"north": { "texture": "#wolf-pup2", "uv": [ 16.0, 18.0, 17.0, 20.0 ], "rotation": 270 },
								"east": { "texture": "#wolf-pup2", "uv": [ 17.0, 17.0, 18.0, 18.0 ], "rotation": 180 },
								"south": { "texture": "#wolf-pup2", "uv": [ 18.0, 18.0, 19.0, 20.0 ], "rotation": 90 },
								"west": { "texture": "#wolf-pup2", "uv": [ 17.0, 20.0, 18.0, 21.0 ] },
								"up": { "texture": "#wolf-pup2", "uv": [ 17.0, 18.0, 18.0, 20.0 ], "rotation": 90 },
								"down": { "texture": "#wolf-pup2", "uv": [ 19.0, 18.0, 20.0, 20.0 ], "rotation": 270 }
							},
							"children": [
								{
									"name": "tail end",
									"from": [ 1.8, 0.0, 0.1 ], 
									"to": [ 4.8, 1.0, 1.1 ], 
									"unwrapMode": 5,
									"unwrapRotation": 1,
									"uv": [ 11.0, 17.0 ],
									"rotationOrigin": [ 1.8, 0.5, 0.6 ],
									"rotationZ": 20.0,
									"faces": {
										"north": { "texture": "#wolf-pup2", "uv": [ 11.0, 18.0, 12.0, 21.0 ], "rotation": 270 },
										"east": { "texture": "#wolf-pup2", "uv": [ 12.0, 17.0, 13.0, 18.0 ], "rotation": 180 },
										"south": { "texture": "#wolf-pup2", "uv": [ 13.0, 18.0, 14.0, 21.0 ], "rotation": 90 },
										"west": { "texture": "#wolf-pup2", "uv": [ 12.0, 21.0, 13.0, 22.0 ] },
										"up": { "texture": "#wolf-pup2", "uv": [ 12.0, 18.0, 13.0, 21.0 ], "rotation": 90 },
										"down": { "texture": "#wolf-pup2", "uv": [ 14.0, 18.0, 15.0, 21.0 ], "rotation": 270 }
									}
								}
							]
						}
					]
				}
			]
		}
	],
	"animations": [
		{
			"name": "Walk",
			"code": "walk",
			"quantityframes": 48,
			"onActivityStopped": "EaseOut",
			"onAnimationEnd": "Repeat",
			"keyframes": [
				{
					"frame": 0,
					"elements": {
						"body": { "offsetX": 0.0, "offsetY": 0.0, "offsetZ": 0.0, "rotationX": -3.0, "rotationY": 0.0, "rotationZ": -3.0 },
						"neck": { "offsetX": 0.0, "offsetY": 0.0, "offsetZ": 0.0, "rotationX": 2.0, "rotationY": 0.0, "rotationZ": 0.0 },
						"head": { "offsetX": 0.0, "offsetY": 0.0, "offsetZ": 0.0, "rotationX": 2.0, "rotationY": 0.0, "rotationZ": 0.0 },
						"R ear": { "offsetX": 0.0, "offsetY": 0.0, "offsetZ": 0.0, "rotationX": 0.0, "rotationY": 0.0, "rotationZ": 0.0 },
						"L ear": { "offsetX": 0.0, "offsetY": 0.0, "offsetZ": 0.0, "rotationX": 0.0, "rotationY": 0.0, "rotationZ": 0.0 },
						"abdomen": { "rotationX": 4.0, "rotationY": 0.0, "rotationZ": 4.0 },
						"tail": { "rotationX": 0.0, "rotationY": 0.0, "rotationZ": 5.0 },
						"tail end": { "rotationX": 0.0, "rotationY": 0.0, "rotationZ": 4.0 }
					}
				},
				{
					"frame": 2,
					"elements": {
						"body": {  },
						"abdomen": {  },
						"L back leg": { "offsetX": 0.0, "offsetY": 0.5, "offsetZ": 0.0, "rotationX": 0.0, "rotationY": 0.0, "rotationZ": -14.0 },
						"L back feet": { "rotationX": 0.0, "rotationY": 0.0, "rotationZ": -6.0 },
						"R back leg": { "offsetX": 0.0, "offsetY": 0.0, "offsetZ": 0.0, "rotationX": 0.0, "rotationY": 0.0, "rotationZ": -6.0 },
						"R back feet": { "rotationX": 0.0, "rotationY": 0.0, "rotationZ": -3.0 }
					}
				},
				{
					"frame": 9,
					"elements": {
						"body": {  },
						"L front leg": { "offsetX": 0.0, "offsetY": -0.3, "offsetZ": 0.0, "rotationX": -1.0, "rotationY": 4.0, "rotationZ": -33.0 },
						"L front feet": { "rotationX": 0.0, "rotationY": 0.0, "rotationZ": 5.0 },
						"R front leg": { "offsetX": 0.0, "offsetY": 0.0, "offsetZ": 0.0, "rotationX": 0.0, "rotationY": 4.0, "rotationZ": 14.0 },
						"R front feet": { "rotationX": 0.0, "rotationY": 0.0, "rotationZ": 8.0 }
					}
				},
				{
					"frame": 11,
					"elements": {
						"body": { "offsetX": 0.0, "offsetY": 0.0, "offsetZ": 0.0, "rotationX": 2.0, "rotationY": -4.0, "rotationZ": 2.0 },
						"neck": { "offsetX": 0.0, "offsetY": 0.0, "offsetZ": 0.0, "rotationX": -1.0, "rotationY": 2.0, "rotationZ": -1.0 },
						"head": { "offsetX": 0.0, "offsetY": 0.0, "offsetZ": 0.0, "rotationX": 0.0, "rotationY": 0.0, "rotationZ": 0.0 },
						"R ear": { "offsetX": 0.0, "offsetY": 0.0, "offsetZ": 0.0, "rotationX": 0.0, "rotationY": 0.0, "rotationZ": -8.0 },
						"L ear": { "offsetX": 0.0, "offsetY": 0.0, "offsetZ": 0.0, "rotationX": 0.0, "rotationY": 0.0, "rotationZ": -8.0 },
						"abdomen": { "rotationX": -1.0, "rotationY": 3.0, "rotationZ": -2.0 },
						"tail": { "rotationX": -4.0, "rotationY": 10.0, "rotationZ": 0.0 },
						"tail end": { "rotationX": 2.0, "rotationY": -2.0, "rotationZ": 0.0 }
					}
				},
				{
					"frame": 13,
					"elements": {
						"body": {  },
						"abdomen": {  },
						"L back leg": { "offsetX": 0.0, "offsetY": 0.0, "offsetZ": 0.0, "rotationX": 0.0, "rotationY": 0.0, "rotationZ": -25.0 },
						"L back feet": { "rotationX": 0.0, "rotationY": 0.0, "rotationZ": 8.0 },
						"R back leg": { "offsetX": 0.0, "offsetY": -0.5, "offsetZ": 0.0, "rotationX": 0.0, "rotationY": 0.0, "rotationZ": 22.0 },
						"R back feet": { "rotationX": 0.0, "rotationY": 0.0, "rotationZ": 0.0 }
					}
				},
				{
					"frame": 22,
					"elements": {
						"body": {  },
						"L front leg": { "offsetX": 0.0, "offsetY": 0.0, "offsetZ": 0.0, "rotationX": -1.0, "rotationY": 0.0, "rotationZ": 11.0 },
						"L front feet": { "rotationX": 0.0, "rotationY": 0.0, "rotationZ": 8.0 },
						"R front leg": { "offsetX": 0.0, "offsetY": 0.5, "offsetZ": 0.0, "rotationX": 4.0, "rotationY": 0.0, "rotationZ": -47.0 },
						"R front feet": { "rotationX": 0.0, "rotationY": 0.0, "rotationZ": 64.0 }
					}
				},
				{
					"frame": 24,
					"elements": {
						"body": { "offsetX": 0.0, "offsetY": 0.0, "offsetZ": 0.0, "rotationX": 3.0, "rotationY": 0.0, "rotationZ": -3.0 },
						"neck": { "offsetX": 0.0, "offsetY": 0.0, "offsetZ": 0.0, "rotationX": -2.0, "rotationY": 0.0, "rotationZ": 0.0 },
						"head": { "offsetX": 0.0, "offsetY": 0.0, "offsetZ": 0.0, "rotationX": -5.0, "rotationY": 0.0, "rotationZ": 0.0 },
						"R ear": { "offsetX": 0.0, "offsetY": 0.0, "offsetZ": 0.0, "rotationX": 0.0, "rotationY": 0.0, "rotationZ": 0.0 },
						"L ear": { "offsetX": 0.0, "offsetY": 0.0, "offsetZ": 0.0, "rotationX": 0.0, "rotationY": 0.0, "rotationZ": 0.0 },
						"abdomen": { "rotationX": -4.0, "rotationY": 0.0, "rotationZ": 4.0 },
						"tail": { "rotationX": 0.0, "rotationY": 0.0, "rotationZ": 5.0 },
						"tail end": { "rotationX": 0.0, "rotationY": 0.0, "rotationZ": 4.0 }
					}
				},
				{
					"frame": 26,
					"elements": {
						"body": {  },
						"abdomen": {  },
						"L back leg": { "offsetX": 0.0, "offsetY": 0.0, "offsetZ": 0.0, "rotationX": 0.0, "rotationY": 0.0, "rotationZ": 0.0 },
						"L back feet": { "rotationX": 0.0, "rotationY": 0.0, "rotationZ": -11.0 },
						"R back leg": { "offsetX": 0.0, "offsetY": 0.5, "offsetZ": 0.0, "rotationX": 0.0, "rotationY": 0.0, "rotationZ": -11.0 },
						"R back feet": { "rotationX": 0.0, "rotationY": 0.0, "rotationZ": -11.0 }
					}
				},
				{
					"frame": 33,
					"elements": {
						"body": {  },
						"L front leg": { "offsetX": 0.0, "offsetY": -0.5, "offsetZ": 0.0, "rotationX": 0.0, "rotationY": -4.0, "rotationZ": 14.0 },
						"L front feet": { "rotationX": 0.0, "rotationY": 0.0, "rotationZ": 14.0 },
						"R front leg": { "offsetX": 0.0, "offsetY": -0.2, "offsetZ": 0.0, "rotationX": 1.0, "rotationY": -4.0, "rotationZ": -33.0 },
						"R front feet": { "rotationX": 0.0, "rotationY": 0.0, "rotationZ": 5.0 }
					}
				},
				{
					"frame": 35,
					"elements": {
						"body": { "offsetX": 0.0, "offsetY": 0.0, "offsetZ": 0.0, "rotationX": -2.0, "rotationY": 4.0, "rotationZ": 2.0 },
						"neck": { "offsetX": 0.0, "offsetY": 0.0, "offsetZ": 0.0, "rotationX": 1.0, "rotationY": -2.0, "rotationZ": -1.0 },
						"head": { "offsetX": 0.0, "offsetY": 0.0, "offsetZ": 0.0, "rotationX": 0.0, "rotationY": 0.0, "rotationZ": 0.0 },
						"R ear": { "offsetX": 0.0, "offsetY": 0.0, "offsetZ": 0.0, "rotationX": 0.0, "rotationY": 0.0, "rotationZ": -8.0 },
						"L ear": { "offsetX": 0.0, "offsetY": 0.0, "offsetZ": 0.0, "rotationX": 0.0, "rotationY": 0.0, "rotationZ": -8.0 },
						"abdomen": { "rotationX": 1.0, "rotationY": -3.0, "rotationZ": -1.0 },
						"tail": { "rotationX": 4.0, "rotationY": -10.0, "rotationZ": 0.0 },
						"tail end": { "rotationX": -2.0, "rotationY": 2.0, "rotationZ": 0.0 }
					}
				},
				{
					"frame": 37,
					"elements": {
						"body": {  },
						"abdomen": {  },
						"L back leg": { "offsetX": 0.0, "offsetY": -0.5, "offsetZ": 0.0, "rotationX": 0.0, "rotationY": 0.0, "rotationZ": 17.0 },
						"L back feet": { "rotationX": 0.0, "rotationY": 0.0, "rotationZ": 3.0 },
						"R back leg": { "offsetX": 0.0, "offsetY": 0.0, "offsetZ": 0.0, "rotationX": 0.0, "rotationY": 0.0, "rotationZ": -25.0 },
						"R back feet": { "rotationX": 0.0, "rotationY": 0.0, "rotationZ": 8.0 }
					}
				},
				{
					"frame": 46,
					"elements": {
						"body": {  },
						"L front leg": { "offsetX": 0.0, "offsetY": 0.5, "offsetZ": 0.0, "rotationX": -4.0, "rotationY": 0.0, "rotationZ": -42.0 },
						"L front feet": { "rotationX": 0.0, "rotationY": 0.0, "rotationZ": 58.0 },
						"R front leg": { "offsetX": 0.0, "offsetY": 0.0, "offsetZ": 0.0, "rotationX": 1.0, "rotationY": 0.0, "rotationZ": 11.0 },
						"R front feet": { "rotationX": 0.0, "rotationY": 0.0, "rotationZ": 3.0 }
					}
				}
			]
		},

		{
			"name": "Sniff",
			"code": "sniff",
			"quantityframes": 120,
			"onActivityStopped": "PlayTillEnd",
			"onAnimationEnd": "Repeat",
			"keyframes": [
				{
					"frame": 0,
					"elements": {
						"body": { "offsetX": 0.0, "offsetY": 0.0, "offsetZ": 0.0, "rotationX": 0.0, "rotationY": 0.0, "rotationZ": 0.0 },
						"neck": { "offsetX": 0.0, "offsetY": 0.0, "offsetZ": 0.0, "rotationX": 0.0, "rotationY": 0.0, "rotationZ": 0.0 },
						"head": { "offsetX": 0.0, "offsetY": 0.0, "offsetZ": 0.0, "rotationX": 0.0, "rotationY": 0.0, "rotationZ": 0.0 },
						"L ear": { "offsetX": 0.0, "offsetY": 0.0, "offsetZ": 0.0, "rotationX": 0.0, "rotationY": 0.0, "rotationZ": 0.0 },
						"R ear": { "offsetX": 0.0, "offsetY": 0.0, "offsetZ": 0.0, "rotationX": 0.0, "rotationY": 0.0, "rotationZ": 0.0 },
						"L front leg": { "offsetX": 0.0, "offsetY": 0.0, "offsetZ": 0.0, "rotationX": 0.0, "rotationY": 0.0, "rotationZ": 0.0 },
						"L front feet": { "rotationX": 0.0, "rotationY": 0.0, "rotationZ": 0.0 },
						"R front leg": { "offsetX": 0.0, "offsetY": 0.0, "offsetZ": 0.0, "rotationX": 0.0, "rotationY": 0.0, "rotationZ": 0.0 },
						"R front feet": { "rotationX": 0.0, "rotationY": 0.0, "rotationZ": 0.0 },
						"abdomen": {  },
						"R back leg": { "offsetX": 0.0, "offsetY": 0.0, "offsetZ": 0.0, "rotationX": 0.0, "rotationY": 0.0, "rotationZ": 0.0 },
						"R back feet": { "rotationX": 0.0, "rotationY": 0.0, "rotationZ": 0.0 },
						"L back leg": { "offsetX": 0.0, "offsetY": 0.0, "offsetZ": 0.0, "rotationX": 0.0, "rotationY": 0.0, "rotationZ": 0.0 },
						"L back feet": { "rotationX": 0.0, "rotationY": 0.0, "rotationZ": 0.0 },
						"tail": { "rotationX": 0.0, "rotationY": 0.0, "rotationZ": 0.0 },
						"tail end": { "rotationX": 0.0, "rotationY": 0.0, "rotationZ": 0.0 }
					}
				},
				{
					"frame": 18,
					"elements": {
						"body": { "offsetX": -1.0, "offsetY": -1.0, "offsetZ": 0.0, "rotationX": 0.0, "rotationY": 0.0, "rotationZ": 8.0 },
						"neck": { "offsetX": 0.0, "offsetY": 0.0, "offsetZ": 0.0, "rotationX": 0.0, "rotationY": 0.0, "rotationZ": 28.0 },
						"head": { "offsetX": 0.0, "offsetY": 0.0, "offsetZ": 0.0, "rotationX": 0.0, "rotationY": 0.0, "rotationZ": -42.0 },
						"L ear": { "offsetX": 0.0, "offsetY": 0.0, "offsetZ": 0.0, "rotationX": 0.0, "rotationY": 0.0, "rotationZ": -25.0 },
						"R ear": { "offsetX": 0.0, "offsetY": 0.0, "offsetZ": 0.0, "rotationX": 0.0, "rotationY": 0.0, "rotationZ": -25.0 },
						"L front leg": { "offsetX": 0.0, "offsetY": 0.0, "offsetZ": 1.0, "rotationX": 0.0, "rotationY": 11.0, "rotationZ": 33.0 },
						"L front feet": { "rotationX": 0.0, "rotationY": 0.0, "rotationZ": -83.0 },
						"R front leg": { "offsetX": 0.0, "offsetY": 0.0, "offsetZ": -1.0, "rotationX": 0.0, "rotationY": -11.0, "rotationZ": 33.0 },
						"R front feet": { "rotationX": 0.0, "rotationY": 0.0, "rotationZ": -91.0 },
						"abdomen": {  },
						"R back leg": { "offsetX": 0.0, "offsetY": 0.1, "offsetZ": 0.0, "rotationX": 11.0, "rotationY": -5.0, "rotationZ": 21.0 },
						"R back feet": { "rotationX": 0.0, "rotationY": 0.0, "rotationZ": -30.0 },
						"L back leg": { "offsetX": 0.1, "offsetY": 0.2, "offsetZ": 0.0, "rotationX": -8.0, "rotationY": 3.0, "rotationZ": 15.0 },
						"L back feet": { "rotationX": 0.0, "rotationY": 0.0, "rotationZ": -30.0 },
						"tail": { "rotationX": 0.0, "rotationY": 0.0, "rotationZ": 22.0 },
						"tail end": { "rotationX": 0.0, "rotationY": 0.0, "rotationZ": 22.0 }
					}
				},
				{
					"frame": 23,
					"elements": {
						"body": { "offsetX": -1.0, "offsetY": -1.0, "offsetZ": 0.0, "rotationX": 0.0, "rotationY": 0.0, "rotationZ": 8.0 },
						"neck": { "offsetX": 0.0, "offsetY": 0.0, "offsetZ": 0.0, "rotationX": 0.0, "rotationY": 0.0, "rotationZ": 28.0 },
						"head": { "offsetX": 0.0, "offsetY": 0.0, "offsetZ": 0.0, "rotationX": 0.0, "rotationY": 0.0, "rotationZ": -42.0 },
						"L ear": { "offsetX": 0.0, "offsetY": 0.0, "offsetZ": 0.0, "rotationX": 0.0, "rotationY": 0.0, "rotationZ": -25.0 },
						"R ear": { "offsetX": 0.0, "offsetY": 0.0, "offsetZ": 0.0, "rotationX": 0.0, "rotationY": 0.0, "rotationZ": -25.0 },
						"L front leg": { "offsetX": 0.0, "offsetY": 0.0, "offsetZ": 1.0, "rotationX": 0.0, "rotationY": 11.0, "rotationZ": 33.0 },
						"R front leg": { "offsetX": 0.0, "offsetY": 0.0, "offsetZ": -1.0, "rotationX": 0.0, "rotationY": -11.0, "rotationZ": 33.0 },
						"abdomen": {  },
						"L back leg": { "offsetX": 0.1, "offsetY": 0.2, "offsetZ": 0.0, "rotationX": -8.0, "rotationY": 3.0, "rotationZ": 15.0 },
						"L back feet": { "rotationX": 0.0, "rotationY": 0.0, "rotationZ": -30.0 },
						"R back leg": { "offsetX": 0.0, "offsetY": 0.1, "offsetZ": 0.0, "rotationX": 11.0, "rotationY": -5.0, "rotationZ": 21.0 },
						"R back feet": { "rotationX": 0.0, "rotationY": 0.0, "rotationZ": -30.0 },
						"tail": { "rotationX": 0.0, "rotationY": 0.0, "rotationZ": 22.0 },
						"tail end": { "rotationX": 0.0, "rotationY": 0.0, "rotationZ": 22.0 }
					}
				},
				{
					"frame": 38,
					"elements": {
						"body": { "offsetX": -1.0, "offsetY": -1.0, "offsetZ": 0.0, "rotationX": -6.0, "rotationY": 3.0, "rotationZ": 8.0 },
						"neck": { "offsetX": 0.0, "offsetY": 0.0, "offsetZ": 0.0, "rotationX": 0.0, "rotationY": 28.0, "rotationZ": 28.0 },
						"head": { "offsetX": 0.0, "offsetY": 0.0, "offsetZ": 0.0, "rotationX": 0.0, "rotationY": 16.0, "rotationZ": -42.0 },
						"L ear": { "offsetX": 0.0, "offsetY": 0.0, "offsetZ": 0.0, "rotationX": 0.0, "rotationY": 0.0, "rotationZ": -25.0 },
						"R ear": { "offsetX": 0.0, "offsetY": 0.0, "offsetZ": 0.0, "rotationX": 0.0, "rotationY": 0.0, "rotationZ": -25.0 },
						"L front leg": { "offsetX": 0.0, "offsetY": 0.0, "offsetZ": 1.0, "rotationX": 6.0, "rotationY": -8.0, "rotationZ": 33.0 },
						"R front leg": { "offsetX": 0.0, "offsetY": 0.0, "offsetZ": -1.0, "rotationX": 6.0, "rotationY": -22.0, "rotationZ": 33.0 },
						"abdomen": {  },
						"L back leg": { "offsetX": 0.1, "offsetY": 0.2, "offsetZ": 0.0, "rotationX": -5.0, "rotationY": 3.0, "rotationZ": 12.0 },
						"L back feet": { "rotationX": 0.0, "rotationY": 0.0, "rotationZ": -25.0 },
						"R back leg": { "offsetX": 0.0, "offsetY": 0.1, "offsetZ": 0.0, "rotationX": 15.0, "rotationY": -5.0, "rotationZ": 24.0 },
						"R back feet": { "rotationX": 0.0, "rotationY": 0.0, "rotationZ": -35.0 },
						"tail": { "rotationX": 5.0, "rotationY": -5.0, "rotationZ": 12.0 },
						"tail end": { "rotationX": 0.0, "rotationY": -5.0, "rotationZ": 11.0 }
					}
				},
				{
					"frame": 41,
					"elements": {
						"body": { "offsetX": -1.0, "offsetY": -1.0, "offsetZ": 0.0, "rotationX": -6.0, "rotationY": 3.0, "rotationZ": 8.0 },
						"neck": { "offsetX": 0.0, "offsetY": 0.0, "offsetZ": 0.0, "rotationX": 0.0, "rotationY": 28.0, "rotationZ": 28.0 },
						"head": { "offsetX": 0.0, "offsetY": 0.0, "offsetZ": 0.0, "rotationX": 0.0, "rotationY": 16.0, "rotationZ": -42.0 },
						"L ear": { "offsetX": 0.0, "offsetY": 0.0, "offsetZ": 0.0, "rotationX": 0.0, "rotationY": 0.0, "rotationZ": -25.0 },
						"R ear": { "offsetX": 0.0, "offsetY": 0.0, "offsetZ": 0.0, "rotationX": 0.0, "rotationY": 0.0, "rotationZ": -25.0 },
						"L front leg": { "offsetX": 0.0, "offsetY": 0.0, "offsetZ": 1.0, "rotationX": 6.0, "rotationY": -8.0, "rotationZ": 33.0 },
						"R front leg": { "offsetX": 0.0, "offsetY": 0.0, "offsetZ": -1.0, "rotationX": 6.0, "rotationY": -22.0, "rotationZ": 33.0 }
					}
				},
				{
					"frame": 45,
					"elements": {
						"body": { "offsetX": -1.0, "offsetY": -1.0, "offsetZ": 0.0, "rotationX": -6.0, "rotationY": 3.0, "rotationZ": 8.0 },
						"neck": { "offsetX": 0.0, "offsetY": 0.0, "offsetZ": 0.0, "rotationX": 0.0, "rotationY": 28.0, "rotationZ": 28.0 },
						"head": { "offsetX": 0.0, "offsetY": 0.0, "offsetZ": 0.0, "rotationX": 0.0, "rotationY": 16.0, "rotationZ": -58.0 },
						"L ear": { "offsetX": 0.0, "offsetY": 0.0, "offsetZ": 0.0, "rotationX": 0.0, "rotationY": 0.0, "rotationZ": -15.0 },
						"R ear": { "offsetX": 0.0, "offsetY": 0.0, "offsetZ": 0.0, "rotationX": 0.0, "rotationY": 0.0, "rotationZ": -15.0 },
						"L front leg": { "offsetX": 0.0, "offsetY": 0.0, "offsetZ": 1.0, "rotationX": 6.0, "rotationY": -8.0, "rotationZ": 33.0 },
						"R front leg": { "offsetX": 0.0, "offsetY": 0.0, "offsetZ": -1.0, "rotationX": 6.0, "rotationY": -22.0, "rotationZ": 33.0 }
					}
				},
				{
					"frame": 49,
					"elements": {
						"body": { "offsetX": -1.0, "offsetY": -1.0, "offsetZ": 0.0, "rotationX": -6.0, "rotationY": 3.0, "rotationZ": 8.0 },
						"neck": { "offsetX": 0.0, "offsetY": 0.0, "offsetZ": 0.0, "rotationX": 0.0, "rotationY": 28.0, "rotationZ": 28.0 },
						"head": { "offsetX": 0.0, "offsetY": 0.0, "offsetZ": 0.0, "rotationX": 0.0, "rotationY": 16.0, "rotationZ": -42.0 },
						"L ear": { "offsetX": 0.0, "offsetY": 0.0, "offsetZ": 0.0, "rotationX": 0.0, "rotationY": 0.0, "rotationZ": -25.0 },
						"R ear": { "offsetX": 0.0, "offsetY": 0.0, "offsetZ": 0.0, "rotationX": 0.0, "rotationY": 0.0, "rotationZ": -25.0 }
					}
				},
				{
					"frame": 53,
					"elements": {
						"body": { "offsetX": -1.0, "offsetY": -1.0, "offsetZ": 0.0, "rotationX": -6.0, "rotationY": 3.0, "rotationZ": 8.0 },
						"neck": { "offsetX": 0.0, "offsetY": 0.0, "offsetZ": 0.0, "rotationX": 0.0, "rotationY": 28.0, "rotationZ": 28.0 },
						"head": { "offsetX": 0.0, "offsetY": 0.0, "offsetZ": 0.0, "rotationX": 0.0, "rotationY": 16.0, "rotationZ": -58.0 },
						"L ear": { "offsetX": 0.0, "offsetY": 0.0, "offsetZ": 0.0, "rotationX": 0.0, "rotationY": 0.0, "rotationZ": -15.0 },
						"R ear": { "offsetX": 0.0, "offsetY": 0.0, "offsetZ": 0.0, "rotationX": 0.0, "rotationY": 0.0, "rotationZ": -15.0 },
						"L front leg": { "offsetX": 0.0, "offsetY": 0.0, "offsetZ": 1.0, "rotationX": 6.0, "rotationY": -8.0, "rotationZ": 33.0 },
						"R front leg": { "offsetX": 0.0, "offsetY": 0.0, "offsetZ": -1.0, "rotationX": 6.0, "rotationY": -22.0, "rotationZ": 33.0 }
					}
				},
				{
					"frame": 57,
					"elements": {
						"body": { "offsetX": -1.0, "offsetY": -1.0, "offsetZ": 0.0, "rotationX": -6.0, "rotationY": 3.0, "rotationZ": 8.0 },
						"neck": { "offsetX": 0.0, "offsetY": 0.0, "offsetZ": 0.0, "rotationX": 0.0, "rotationY": 28.0, "rotationZ": 28.0 },
						"head": { "offsetX": 0.0, "offsetY": 0.0, "offsetZ": 0.0, "rotationX": 0.0, "rotationY": 16.0, "rotationZ": -42.0 },
						"L ear": { "offsetX": 0.0, "offsetY": 0.0, "offsetZ": 0.0, "rotationX": 0.0, "rotationY": 0.0, "rotationZ": -25.0 },
						"R ear": { "offsetX": 0.0, "offsetY": 0.0, "offsetZ": 0.0, "rotationX": 0.0, "rotationY": 0.0, "rotationZ": -25.0 },
						"L front leg": { "offsetX": 0.0, "offsetY": 0.0, "offsetZ": 1.0, "rotationX": 6.0, "rotationY": -8.0, "rotationZ": 33.0 },
						"R front leg": { "offsetX": 0.0, "offsetY": 0.0, "offsetZ": -1.0, "rotationX": 6.0, "rotationY": -22.0, "rotationZ": 33.0 },
						"abdomen": {  },
						"L back leg": { "offsetX": 0.1, "offsetY": 0.2, "offsetZ": 0.0, "rotationX": -5.0, "rotationY": 3.0, "rotationZ": 12.0 },
						"L back feet": { "rotationX": 0.0, "rotationY": 0.0, "rotationZ": -25.0 },
						"R back leg": { "offsetX": 0.0, "offsetY": 0.1, "offsetZ": 0.0, "rotationX": 15.0, "rotationY": -5.0, "rotationZ": 24.0 },
						"R back feet": { "rotationX": 0.0, "rotationY": 0.0, "rotationZ": -35.0 },
						"tail": { "rotationX": 5.0, "rotationY": -5.0, "rotationZ": 12.0 },
						"tail end": { "rotationX": 0.0, "rotationY": -5.0, "rotationZ": 11.0 }
					}
				},
				{
					"frame": 73,
					"elements": {
						"body": { "offsetX": -1.0, "offsetY": -1.0, "offsetZ": 0.0, "rotationX": 6.0, "rotationY": -3.0, "rotationZ": 8.0 },
						"neck": { "offsetX": 0.0, "offsetY": 0.0, "offsetZ": 0.0, "rotationX": 0.0, "rotationY": -28.0, "rotationZ": 28.0 },
						"head": { "offsetX": 0.0, "offsetY": 0.0, "offsetZ": 0.0, "rotationX": 0.0, "rotationY": -16.0, "rotationZ": -42.0 },
						"L ear": { "offsetX": 0.0, "offsetY": 0.0, "offsetZ": 0.0, "rotationX": 0.0, "rotationY": 0.0, "rotationZ": -25.0 },
						"R ear": { "offsetX": 0.0, "offsetY": 0.0, "offsetZ": 0.0, "rotationX": 0.0, "rotationY": 0.0, "rotationZ": -25.0 },
						"L front leg": { "offsetX": 0.0, "offsetY": 0.0, "offsetZ": 1.0, "rotationX": -6.0, "rotationY": 21.0, "rotationZ": 33.0 },
						"R front leg": { "offsetX": 0.0, "offsetY": 0.0, "offsetZ": -1.0, "rotationX": -6.0, "rotationY": 2.0, "rotationZ": 35.0 },
						"abdomen": {  },
						"L back leg": { "offsetX": 0.2, "offsetY": 0.3, "offsetZ": 0.0, "rotationX": -12.0, "rotationY": 3.0, "rotationZ": 19.0 },
						"L back feet": { "rotationX": 0.0, "rotationY": 0.0, "rotationZ": -35.0 },
						"R back leg": { "offsetX": 0.0, "offsetY": 0.1, "offsetZ": 0.0, "rotationX": 6.0, "rotationY": -5.0, "rotationZ": 17.0 },
						"R back feet": { "rotationX": 0.0, "rotationY": 0.0, "rotationZ": -25.0 },
						"tail": { "rotationX": -5.0, "rotationY": 5.0, "rotationZ": 12.0 },
						"tail end": { "rotationX": 0.0, "rotationY": 5.0, "rotationZ": 11.0 }
					}
				},
				{
					"frame": 76,
					"elements": {
						"body": { "offsetX": -1.0, "offsetY": -1.0, "offsetZ": 0.0, "rotationX": 6.0, "rotationY": -3.0, "rotationZ": 8.0 },
						"neck": { "offsetX": 0.0, "offsetY": 0.0, "offsetZ": 0.0, "rotationX": 0.0, "rotationY": -28.0, "rotationZ": 28.0 },
						"head": { "offsetX": 0.0, "offsetY": 0.0, "offsetZ": 0.0, "rotationX": 0.0, "rotationY": -16.0, "rotationZ": -42.0 },
						"L ear": { "offsetX": 0.0, "offsetY": 0.0, "offsetZ": 0.0, "rotationX": 0.0, "rotationY": 0.0, "rotationZ": -25.0 },
						"R ear": { "offsetX": 0.0, "offsetY": 0.0, "offsetZ": 0.0, "rotationX": 0.0, "rotationY": 0.0, "rotationZ": -25.0 },
						"L front leg": { "offsetX": 0.0, "offsetY": 0.0, "offsetZ": 1.0, "rotationX": -6.0, "rotationY": 21.0, "rotationZ": 33.0 },
						"R front leg": { "offsetX": 0.0, "offsetY": 0.0, "offsetZ": -1.0, "rotationX": -6.0, "rotationY": 2.0, "rotationZ": 35.0 }
					}
				},
				{
					"frame": 80,
					"elements": {
						"body": { "offsetX": -1.0, "offsetY": -1.0, "offsetZ": 0.0, "rotationX": 6.0, "rotationY": -3.0, "rotationZ": 8.0 },
						"neck": { "offsetX": 0.0, "offsetY": 0.0, "offsetZ": 0.0, "rotationX": 0.0, "rotationY": -28.0, "rotationZ": 28.0 },
						"head": { "offsetX": 0.0, "offsetY": 0.0, "offsetZ": 0.0, "rotationX": 0.0, "rotationY": -16.0, "rotationZ": -58.0 },
						"L ear": { "offsetX": 0.0, "offsetY": 0.0, "offsetZ": 0.0, "rotationX": 0.0, "rotationY": 0.0, "rotationZ": -25.0 },
						"R ear": { "offsetX": 0.0, "offsetY": 0.0, "offsetZ": 0.0, "rotationX": 0.0, "rotationY": 0.0, "rotationZ": -25.0 },
						"L front leg": { "offsetX": 0.0, "offsetY": 0.0, "offsetZ": 1.0, "rotationX": -6.0, "rotationY": 21.0, "rotationZ": 33.0 },
						"R front leg": { "offsetX": 0.0, "offsetY": 0.0, "offsetZ": -1.0, "rotationX": -6.0, "rotationY": 2.0, "rotationZ": 35.0 }
					}
				},
				{
					"frame": 84,
					"elements": {
						"body": { "offsetX": -1.0, "offsetY": -1.0, "offsetZ": 0.0, "rotationX": 6.0, "rotationY": -3.0, "rotationZ": 8.0 },
						"neck": { "offsetX": 0.0, "offsetY": 0.0, "offsetZ": 0.0, "rotationX": 0.0, "rotationY": -28.0, "rotationZ": 28.0 },
						"head": { "offsetX": 0.0, "offsetY": 0.0, "offsetZ": 0.0, "rotationX": 0.0, "rotationY": -16.0, "rotationZ": -42.0 },
						"L ear": { "offsetX": 0.0, "offsetY": 0.0, "offsetZ": 0.0, "rotationX": 0.0, "rotationY": 0.0, "rotationZ": -25.0 },
						"R ear": { "offsetX": 0.0, "offsetY": 0.0, "offsetZ": 0.0, "rotationX": 0.0, "rotationY": 0.0, "rotationZ": -25.0 },
						"L front leg": { "offsetX": 0.0, "offsetY": 0.0, "offsetZ": 1.0, "rotationX": -6.0, "rotationY": 21.0, "rotationZ": 33.0 },
						"R front leg": { "offsetX": 0.0, "offsetY": 0.0, "offsetZ": -1.0, "rotationX": -6.0, "rotationY": 2.0, "rotationZ": 35.0 }
					}
				},
				{
					"frame": 88,
					"elements": {
						"body": { "offsetX": -1.0, "offsetY": -1.0, "offsetZ": 0.0, "rotationX": 6.0, "rotationY": -3.0, "rotationZ": 8.0 },
						"neck": { "offsetX": 0.0, "offsetY": 0.0, "offsetZ": 0.0, "rotationX": 0.0, "rotationY": -28.0, "rotationZ": 28.0 },
						"head": { "offsetX": 0.0, "offsetY": 0.0, "offsetZ": 0.0, "rotationX": 0.0, "rotationY": -16.0, "rotationZ": -58.0 },
						"L ear": { "offsetX": 0.0, "offsetY": 0.0, "offsetZ": 0.0, "rotationX": 0.0, "rotationY": 0.0, "rotationZ": -25.0 },
						"R ear": { "offsetX": 0.0, "offsetY": 0.0, "offsetZ": 0.0, "rotationX": 0.0, "rotationY": 0.0, "rotationZ": -25.0 },
						"L front leg": { "offsetX": 0.0, "offsetY": 0.0, "offsetZ": 1.0, "rotationX": -6.0, "rotationY": 21.0, "rotationZ": 33.0 },
						"R front leg": { "offsetX": 0.0, "offsetY": 0.0, "offsetZ": -1.0, "rotationX": -6.0, "rotationY": 2.0, "rotationZ": 35.0 }
					}
				},
				{
					"frame": 92,
					"elements": {
						"body": { "offsetX": -1.0, "offsetY": -1.0, "offsetZ": 0.0, "rotationX": 6.0, "rotationY": -3.0, "rotationZ": 8.0 },
						"neck": { "offsetX": 0.0, "offsetY": 0.0, "offsetZ": 0.0, "rotationX": 0.0, "rotationY": -28.0, "rotationZ": 28.0 },
						"head": { "offsetX": 0.0, "offsetY": 0.0, "offsetZ": 0.0, "rotationX": 0.0, "rotationY": -16.0, "rotationZ": -42.0 },
						"L ear": { "offsetX": 0.0, "offsetY": 0.0, "offsetZ": 0.0, "rotationX": 0.0, "rotationY": 0.0, "rotationZ": -25.0 },
						"R ear": { "offsetX": 0.0, "offsetY": 0.0, "offsetZ": 0.0, "rotationX": 0.0, "rotationY": 0.0, "rotationZ": -25.0 },
						"L front leg": { "offsetX": 0.0, "offsetY": 0.0, "offsetZ": 1.0, "rotationX": -6.0, "rotationY": 21.0, "rotationZ": 33.0 },
						"L front feet": { "rotationX": 0.0, "rotationY": 0.0, "rotationZ": -83.0 },
						"R front leg": { "offsetX": 0.0, "offsetY": 0.0, "offsetZ": -1.0, "rotationX": -6.0, "rotationY": 2.0, "rotationZ": 35.0 },
						"R front feet": { "rotationX": 0.0, "rotationY": 0.0, "rotationZ": -91.0 },
						"abdomen": {  },
						"R back leg": { "offsetX": 0.0, "offsetY": 0.1, "offsetZ": 0.0, "rotationX": 6.0, "rotationY": -5.0, "rotationZ": 17.0 },
						"R back feet": { "rotationX": 0.0, "rotationY": 0.0, "rotationZ": -25.0 },
						"L back leg": { "offsetX": 0.2, "offsetY": 0.3, "offsetZ": 0.0, "rotationX": -12.0, "rotationY": 3.0, "rotationZ": 19.0 },
						"L back feet": { "rotationX": 0.0, "rotationY": 0.0, "rotationZ": -35.0 },
						"tail": { "rotationX": -5.0, "rotationY": 5.0, "rotationZ": 12.0 },
						"tail end": { "rotationX": 0.0, "rotationY": 5.0, "rotationZ": 11.0 }
					}
				}
			]
		},

		{
			"name": "Flop",
			"code": "flop",
			"quantityframes": 85,
			"onActivityStopped": "Stop",
			"onAnimationEnd": "Stop",
			"keyframes": [
				{
					"frame": 0,
					"elements": {
						"body": { "offsetX": 0.0, "offsetY": 0.0, "offsetZ": 0.0, "rotationX": 0.0, "rotationY": 0.0, "rotationZ": 0.0 },
						"neck": { "offsetX": 0.0, "offsetY": 0.0, "offsetZ": 0.0, "rotationX": 0.0, "rotationY": 0.0, "rotationZ": 0.0 },
						"head": { "offsetX": 0.0, "offsetY": 0.0, "offsetZ": 0.0, "rotationX": 0.0, "rotationY": 0.0, "rotationZ": 0.0 },
						"R ear": { "offsetX": 0.0, "offsetY": 0.0, "offsetZ": 0.0, "rotationX": 0.0, "rotationY": 0.0, "rotationZ": 0.0 },
						"L ear": { "offsetX": 0.0, "offsetY": 0.0, "offsetZ": 0.0, "rotationX": 0.0, "rotationY": 0.0, "rotationZ": 0.0 },
						"R front leg": { "offsetX": 0.0, "offsetY": 0.0, "offsetZ": 0.0, "rotationX": 0.0, "rotationY": 0.0, "rotationZ": 0.0 },
						"R front feet": { "rotationX": 0.0, "rotationY": 0.0, "rotationZ": 0.0 },
						"L front leg": { "offsetX": 0.0, "offsetY": 0.0, "offsetZ": 0.0, "rotationX": 0.0, "rotationY": 0.0, "rotationZ": 0.0 },
						"L front feet": { "rotationX": 0.0, "rotationY": 0.0, "rotationZ": 0.0 },
						"abdomen": { "rotationX": 0.0, "rotationY": 0.0, "rotationZ": 0.0 },
						"L back leg": { "offsetX": 0.0, "offsetY": 0.0, "offsetZ": 0.0, "rotationX": 0.0, "rotationY": 0.0, "rotationZ": 0.0 },
						"L back feet": { "offsetX": 0.0, "offsetY": 0.0, "offsetZ": 0.0, "rotationX": 0.0, "rotationY": 0.0, "rotationZ": 0.0 },
						"R back leg": { "offsetX": 0.0, "offsetY": 0.0, "offsetZ": 0.0, "rotationX": 0.0, "rotationY": 0.0, "rotationZ": 0.0 },
						"R back feet": { "offsetX": 0.0, "offsetY": 0.0, "offsetZ": 0.0, "rotationX": 0.0, "rotationY": 0.0, "rotationZ": 0.0 },
						"tail": { "rotationX": 0.0, "rotationY": 0.0, "rotationZ": 0.0 },
						"tail end": { "rotationX": 0.0, "rotationY": 0.0, "rotationZ": 0.0 }
					}
				},
				{
					"frame": 8,
					"elements": {
						"body": { "offsetX": 4.0, "offsetY": 0.0, "offsetZ": 0.0, "rotationX": 0.0, "rotationY": 0.0, "rotationZ": -19.0 },
						"neck": { "offsetX": 0.0, "offsetY": 0.0, "offsetZ": 0.0, "rotationX": 0.0, "rotationY": 0.0, "rotationZ": 19.0 },
						"head": { "offsetX": 0.0, "offsetY": 0.0, "offsetZ": 0.0, "rotationX": 0.0, "rotationY": 0.0, "rotationZ": -25.0 },
						"R ear": { "offsetX": 0.0, "offsetY": 0.0, "offsetZ": 0.0, "rotationX": 0.0, "rotationY": 0.0, "rotationZ": 14.0 },
						"L ear": { "offsetX": 0.0, "offsetY": 0.0, "offsetZ": 0.0, "rotationX": 0.0, "rotationY": 0.0, "rotationZ": 14.0 },
						"R front leg": { "offsetX": 0.0, "offsetY": 0.0, "offsetZ": 0.0, "rotationX": 0.0, "rotationY": 0.0, "rotationZ": 5.0 },
						"R front feet": { "rotationX": 0.0, "rotationY": 0.0, "rotationZ": -36.0 },
						"L front leg": { "offsetX": 0.0, "offsetY": 0.0, "offsetZ": 0.0, "rotationX": 0.0, "rotationY": 0.0, "rotationZ": 5.0 },
						"L front feet": { "rotationX": 0.0, "rotationY": 0.0, "rotationZ": -30.0 },
						"abdomen": { "rotationX": 0.0, "rotationY": 0.0, "rotationZ": -11.0 },
						"L back leg": { "offsetX": 0.0, "offsetY": 0.5, "offsetZ": 0.0, "rotationX": 0.0, "rotationY": 0.0, "rotationZ": 8.0 },
						"L back feet": { "offsetX": 0.0, "offsetY": 0.5, "offsetZ": 0.0, "rotationX": 0.0, "rotationY": 0.0, "rotationZ": -55.0 },
						"R back leg": { "offsetX": 0.0, "offsetY": 0.5, "offsetZ": 0.0, "rotationX": 0.0, "rotationY": 0.0, "rotationZ": 8.0 },
						"R back feet": { "offsetX": 0.0, "offsetY": 0.5, "offsetZ": 0.0, "rotationX": 0.0, "rotationY": 0.0, "rotationZ": -55.0 },
						"tail": { "rotationX": 0.0, "rotationY": 0.0, "rotationZ": 42.0 },
						"tail end": { "rotationX": 0.0, "rotationY": 0.0, "rotationZ": 17.0 }
					}
				},
				{
					"frame": 16,
					"elements": {
						"body": { "offsetX": -1.0, "offsetY": 2.0, "offsetZ": 0.0, "rotationX": 0.0, "rotationY": 0.0, "rotationZ": -8.0 },
						"neck": { "offsetX": 0.0, "offsetY": 0.0, "offsetZ": 0.0, "rotationX": 0.0, "rotationY": 0.0, "rotationZ": 39.0 },
						"head": { "offsetX": 0.0, "offsetY": 0.0, "offsetZ": 0.0, "rotationX": 0.0, "rotationY": 0.0, "rotationZ": -44.0 },
						"R ear": { "offsetX": 0.0, "offsetY": 0.0, "offsetZ": 0.0, "rotationX": 0.0, "rotationY": 0.0, "rotationZ": -42.0 },
						"L ear": { "offsetX": 0.0, "offsetY": 0.0, "offsetZ": 0.0, "rotationX": 0.0, "rotationY": 0.0, "rotationZ": -42.0 },
						"R front leg": { "offsetX": 0.0, "offsetY": 0.0, "offsetZ": 0.0, "rotationX": 0.0, "rotationY": 0.0, "rotationZ": 55.0 },
						"R front feet": { "rotationX": 0.0, "rotationY": 0.0, "rotationZ": -3.0 },
						"L front leg": { "offsetX": 0.0, "offsetY": 0.0, "offsetZ": 0.0, "rotationX": 0.0, "rotationY": 0.0, "rotationZ": 64.0 },
						"L front feet": { "rotationX": 0.0, "rotationY": 0.0, "rotationZ": -8.0 },
						"abdomen": {  },
						"L back leg": { "offsetX": 0.0, "offsetY": 0.0, "offsetZ": 0.0, "rotationX": 0.0, "rotationY": 0.0, "rotationZ": 42.0 },
						"L back feet": { "offsetX": 0.0, "offsetY": 0.0, "offsetZ": 0.0, "rotationX": 0.0, "rotationY": 0.0, "rotationZ": -6.0 },
						"R back leg": { "offsetX": 0.0, "offsetY": 0.0, "offsetZ": 0.0, "rotationX": 0.0, "rotationY": 0.0, "rotationZ": 39.0 },
						"R back feet": { "offsetX": 0.0, "offsetY": 0.0, "offsetZ": 0.0, "rotationX": 0.0, "rotationY": 0.0, "rotationZ": 11.0 },
						"tail": { "rotationX": 0.0, "rotationY": 0.0, "rotationZ": 22.0 },
						"tail end": { "rotationX": 0.0, "rotationY": 0.0, "rotationZ": 0.0 }
					}
				},
				{
					"frame": 24,
					"elements": {
						"body": { "offsetX": -6.0, "offsetY": -0.7, "offsetZ": 0.0, "rotationX": 0.0, "rotationY": 0.0, "rotationZ": 20.0 },
						"neck": { "offsetX": 0.0, "offsetY": 0.0, "offsetZ": 0.0, "rotationX": 0.0, "rotationY": 0.0, "rotationZ": 25.0 },
						"head": { "offsetX": 0.0, "offsetY": 0.0, "offsetZ": 0.0, "rotationX": 0.0, "rotationY": 0.0, "rotationZ": -55.0 },
						"R ear": { "offsetX": 0.0, "offsetY": 0.0, "offsetZ": 0.0, "rotationX": 0.0, "rotationY": 0.0, "rotationZ": -14.0 },
						"L ear": { "offsetX": 0.0, "offsetY": 0.0, "offsetZ": 0.0, "rotationX": 0.0, "rotationY": 0.0, "rotationZ": -14.0 },
						"R front leg": { "offsetX": 0.0, "offsetY": 0.0, "offsetZ": 0.0, "rotationX": 6.0, "rotationY": 3.0, "rotationZ": 60.0 },
						"L front leg": { "offsetX": 0.0, "offsetY": 0.0, "offsetZ": 0.0, "rotationX": -19.0, "rotationY": 0.0, "rotationZ": 61.0 },
						"abdomen": { "rotationX": 0.0, "rotationY": 0.0, "rotationZ": 14.0 },
						"L back leg": { "rotationX": -11.0, "rotationY": 11.0, "rotationZ": 3.0 },
						"L back feet": { "rotationX": 0.0, "rotationY": 0.0, "rotationZ": -2.0 },
						"R back leg": { "rotationX": 2.0, "rotationY": -8.0, "rotationZ": 3.0 },
						"R back feet": { "rotationX": 0.0, "rotationY": 0.0, "rotationZ": -8.0 },
						"tail": { "rotationX": 0.0, "rotationY": 0.0, "rotationZ": 45.0 },
						"tail end": { "rotationX": 0.0, "rotationY": 0.0, "rotationZ": -30.0 }
					}
				},
				{
					"frame": 37,
					"elements": {
						"body": { "offsetX": -8.0, "offsetY": 0.0, "offsetZ": 0.0, "rotationX": 0.0, "rotationY": 0.0, "rotationZ": 20.0 },
						"neck": { "offsetX": 0.0, "offsetY": 0.0, "offsetZ": 0.0, "rotationX": 0.0, "rotationY": 0.0, "rotationZ": 25.0 },
						"head": { "offsetX": 0.0, "offsetY": 0.0, "offsetZ": 0.0, "rotationX": 0.0, "rotationY": 0.0, "rotationZ": -55.0 },
						"R ear": { "offsetX": 0.0, "offsetY": 0.0, "offsetZ": 0.0, "rotationX": 0.0, "rotationY": 0.0, "rotationZ": -14.0 },
						"L ear": { "offsetX": 0.0, "offsetY": 0.0, "offsetZ": 0.0, "rotationX": 0.0, "rotationY": 0.0, "rotationZ": -14.0 },
						"R front leg": { "offsetX": 0.0, "offsetY": 0.0, "offsetZ": 0.0, "rotationX": 6.0, "rotationY": 3.0, "rotationZ": 60.0 },
						"L front leg": { "offsetX": 0.0, "offsetY": 0.0, "offsetZ": 0.0, "rotationX": -19.0, "rotationY": 0.0, "rotationZ": 61.0 }
					}
				},
				{
					"frame": 57,
					"elements": {
						"body": { "offsetX": -8.0, "offsetY": 0.0, "offsetZ": 0.0, "rotationX": 0.0, "rotationY": 0.0, "rotationZ": 20.0 },
						"neck": { "offsetX": 0.0, "offsetY": 0.0, "offsetZ": 0.0, "rotationX": 0.0, "rotationY": 0.0, "rotationZ": 25.0 },
						"head": { "offsetX": 0.0, "offsetY": 0.0, "offsetZ": 0.0, "rotationX": 0.0, "rotationY": 0.0, "rotationZ": -55.0 },
						"R ear": { "offsetX": 0.0, "offsetY": 0.0, "offsetZ": 0.0, "rotationX": 0.0, "rotationY": 0.0, "rotationZ": -14.0 },
						"L ear": { "offsetX": 0.0, "offsetY": 0.0, "offsetZ": 0.0, "rotationX": 0.0, "rotationY": 0.0, "rotationZ": -14.0 },
						"R front leg": { "offsetX": 0.0, "offsetY": 0.0, "offsetZ": 0.0, "rotationX": 6.0, "rotationY": 3.0, "rotationZ": 60.0 },
						"R front feet": { "rotationX": 0.0, "rotationY": 0.0, "rotationZ": -3.0 },
						"L front leg": { "offsetX": 0.0, "offsetY": 0.0, "offsetZ": 0.0, "rotationX": -19.0, "rotationY": 0.0, "rotationZ": 61.0 },
						"L front feet": { "rotationX": 0.0, "rotationY": 0.0, "rotationZ": -8.0 },
						"abdomen": { "rotationX": 0.0, "rotationY": 0.0, "rotationZ": 14.0 },
						"L back leg": { "offsetX": 0.0, "offsetY": 0.0, "offsetZ": 0.0, "rotationX": -11.0, "rotationY": 11.0, "rotationZ": 3.0 },
						"L back feet": { "rotationX": 0.0, "rotationY": 0.0, "rotationZ": -2.0 },
						"R back leg": { "offsetX": 0.0, "offsetY": 0.0, "offsetZ": 0.0, "rotationX": 2.0, "rotationY": -8.0, "rotationZ": 3.0 },
						"R back feet": { "rotationX": 0.0, "rotationY": 0.0, "rotationZ": -8.0 },
						"tail": { "rotationX": 0.0, "rotationY": 0.0, "rotationZ": 45.0 },
						"tail end": { "rotationX": 0.0, "rotationY": 0.0, "rotationZ": -30.0 }
					}
				},
				{
					"frame": 63,
					"elements": {
						"body": {  },
						"abdomen": {  },
						"R back leg": { "offsetX": 0.0, "offsetY": -0.2, "offsetZ": 0.0 }
					}
				},
				{
					"frame": 67,
					"elements": {
						"body": { "offsetX": -5.0, "offsetY": 0.0, "offsetZ": 0.0, "rotationX": 0.0, "rotationY": 0.0, "rotationZ": 0.0 },
						"L front leg": { "rotationX": 0.0, "rotationY": 0.0, "rotationZ": 19.0 },
						"L front feet": { "rotationX": 0.0, "rotationY": 0.0, "rotationZ": -33.0 },
						"R front leg": { "offsetX": 0.0, "offsetY": 0.0, "offsetZ": 0.0, "rotationX": 0.0, "rotationY": 0.0, "rotationZ": 17.0 },
						"R front feet": { "rotationX": 0.0, "rotationY": 0.0, "rotationZ": -39.0 },
						"neck": { "rotationX": 0.0, "rotationY": 0.0, "rotationZ": 11.0 },
						"head": { "rotationX": 0.0, "rotationY": 0.0, "rotationZ": 8.0 },
						"abdomen": {  },
						"L back leg": { "offsetX": 0.0, "offsetY": -0.2, "offsetZ": 0.0, "rotationX": 0.0, "rotationY": 0.0, "rotationZ": -8.0 },
						"L back feet": { "rotationX": 0.0, "rotationY": 0.0, "rotationZ": -7.0 },
						"R back leg": { "offsetX": 0.0, "offsetY": -0.7, "offsetZ": 0.0, "rotationX": 0.0, "rotationY": 0.0, "rotationZ": 11.0 },
						"R back feet": { "rotationX": 0.0, "rotationY": 0.0, "rotationZ": 3.0 }
					}
				},
				{
					"frame": 70,
					"elements": {
						"body": {  },
						"L front leg": { "rotationX": 0.0, "rotationY": 0.0, "rotationZ": -3.0 },
						"L front feet": { "rotationX": 0.0, "rotationY": 0.0, "rotationZ": -11.0 },
						"R front leg": { "offsetX": 0.0, "offsetY": 0.3, "offsetZ": 0.0 }
					}
				},
				{
					"frame": 72,
					"elements": {
						"body": {  },
						"abdomen": {  },
						"L back leg": { "offsetX": 0.0, "offsetY": 0.0, "offsetZ": 0.0 }
					}
				},
				{
					"frame": 73,
					"elements": {
						"body": {  },
						"R front leg": { "offsetX": 0.0, "offsetY": -0.2, "offsetZ": 0.0, "rotationX": 0.0, "rotationY": 0.0, "rotationZ": 39.0 },
						"R front feet": { "rotationX": 0.0, "rotationY": 0.0, "rotationZ": -19.0 },
						"L front leg": { "offsetX": 0.0, "offsetY": -0.1, "offsetZ": 0.0, "rotationX": 0.0, "rotationY": 0.0, "rotationZ": -19.0 },
						"L front feet": { "rotationX": 0.0, "rotationY": 0.0, "rotationZ": 0.0 }
					}
				},
				{
					"frame": 76,
					"elements": {
						"body": {  },
						"abdomen": {  },
						"L back leg": { "offsetX": 0.0, "offsetY": -0.7, "offsetZ": 0.0, "rotationX": 0.0, "rotationY": 0.0, "rotationZ": 22.0 }
					}
				},
				{
					"frame": 79,
					"elements": {
						"body": {  },
						"L front leg": { "offsetX": 0.0, "offsetY": 0.3, "offsetZ": 0.0 },
						"abdomen": {  },
						"R back leg": { "offsetX": 0.0, "offsetY": 0.3, "offsetZ": 0.0 },
						"R back feet": { "rotationX": 0.0, "rotationY": 0.0, "rotationZ": -19.0 }
					}
				}
			]
		},

		{
			"name": "Run",
			"code": "run",
			"quantityframes": 40,
			"onActivityStopped": "EaseOut",
			"onAnimationEnd": "Repeat",
			"keyframes": [
				{
					"frame": 0,
					"elements": {
						"body": { "offsetX": 3.0, "offsetY": 0.3, "offsetZ": 0.0, "rotationX": 0.0, "rotationY": 0.0, "rotationZ": -22.0 },
						"R front leg": { "offsetX": 0.0, "offsetY": -0.3, "offsetZ": 0.0, "rotationX": 0.0, "rotationY": 0.0, "rotationZ": 19.0 },
						"R front feet": { "rotationX": 0.0, "rotationY": 0.0, "rotationZ": -33.0 },
						"L front leg": { "offsetX": 0.0, "offsetY": -0.2, "offsetZ": 0.0, "rotationX": 0.0, "rotationY": 0.0, "rotationZ": 28.0 },
						"L front feet": { "rotationX": 0.0, "rotationY": 0.0, "rotationZ": -36.0 },
						"neck": { "offsetX": 0.0, "offsetY": 0.0, "offsetZ": 0.0, "rotationX": 0.0, "rotationY": 0.0, "rotationZ": 25.0 },
						"head": { "offsetX": 0.0, "offsetY": 0.0, "offsetZ": 0.0, "rotationX": 0.0, "rotationY": 0.0, "rotationZ": -17.0 },
						"R ear": { "offsetX": 0.0, "offsetY": 0.0, "offsetZ": 0.0, "rotationX": 0.0, "rotationY": 0.0, "rotationZ": 14.0 },
						"L ear": { "offsetX": 0.0, "offsetY": 0.0, "offsetZ": 0.0, "rotationX": 0.0, "rotationY": 0.0, "rotationZ": 14.0 },
						"abdomen": { "rotationX": 0.0, "rotationY": 0.0, "rotationZ": -8.0 },
						"L back leg": { "offsetX": 0.0, "offsetY": 0.5, "offsetZ": 0.0, "rotationX": 0.0, "rotationY": 0.0, "rotationZ": 6.0 },
						"L back feet": { "offsetX": 0.0, "offsetY": 0.5, "offsetZ": 0.0, "rotationX": 0.0, "rotationY": 0.0, "rotationZ": -33.0 },
						"R back leg": { "offsetX": 0.0, "offsetY": 0.5, "offsetZ": 0.0, "rotationX": 0.0, "rotationY": 0.0, "rotationZ": 0.0 },
						"R back feet": { "offsetX": 0.0, "offsetY": 0.5, "offsetZ": 0.0, "rotationX": 0.0, "rotationY": 0.0, "rotationZ": -33.0 },
						"tail": { "rotationX": 0.0, "rotationY": 0.0, "rotationZ": 28.0 },
						"tail end": { "rotationX": 0.0, "rotationY": 0.0, "rotationZ": 11.0 }
					}
				},
				{
					"frame": 10,
					"elements": {
						"body": { "offsetX": -2.0, "offsetY": 2.0, "offsetZ": 0.0, "rotationX": 0.0, "rotationY": 0.0, "rotationZ": -14.0 },
						"neck": { "offsetX": 0.0, "offsetY": 0.0, "offsetZ": 0.0, "rotationX": 0.0, "rotationY": 0.0, "rotationZ": 36.0 },
						"head": { "offsetX": 0.0, "offsetY": 0.0, "offsetZ": 0.0, "rotationX": 0.0, "rotationY": 0.0, "rotationZ": -19.0 },
						"R ear": { "offsetX": 0.0, "offsetY": 0.0, "offsetZ": 0.0, "rotationX": 0.0, "rotationY": 0.0, "rotationZ": -19.0 },
						"L ear": { "offsetX": 0.0, "offsetY": 0.0, "offsetZ": 0.0, "rotationX": 0.0, "rotationY": 0.0, "rotationZ": -19.0 },
						"R front leg": { "offsetX": 0.0, "offsetY": -0.3, "offsetZ": 0.0, "rotationX": 0.0, "rotationY": 0.0, "rotationZ": 58.0 },
						"R front feet": { "rotationX": 0.0, "rotationY": 0.0, "rotationZ": -11.0 },
						"L front leg": { "offsetX": 0.0, "offsetY": -0.2, "offsetZ": 0.0, "rotationX": 0.0, "rotationY": 0.0, "rotationZ": 61.0 },
						"L front feet": { "rotationX": 0.0, "rotationY": 0.0, "rotationZ": -11.0 },
						"abdomen": { "rotationX": 0.0, "rotationY": 0.0, "rotationZ": 22.0 },
						"L back leg": { "offsetX": 0.0, "offsetY": 0.0, "offsetZ": 0.0, "rotationX": 0.0, "rotationY": 0.0, "rotationZ": 39.0 },
						"L back feet": { "offsetX": 0.0, "offsetY": 0.0, "offsetZ": 0.0, "rotationX": 0.0, "rotationY": 0.0, "rotationZ": 0.0 },
						"R back leg": { "offsetX": 0.0, "offsetY": 0.0, "offsetZ": 0.0, "rotationX": 0.0, "rotationY": 0.0, "rotationZ": 25.0 },
						"R back feet": { "rotationX": 0.0, "rotationY": 0.0, "rotationZ": 0.0 },
						"tail": { "rotationX": 0.0, "rotationY": 0.0, "rotationZ": 11.0 },
						"tail end": { "rotationX": 0.0, "rotationY": 0.0, "rotationZ": -28.0 }
					}
				},
				{
					"frame": 18,
					"elements": {
						"body": { "offsetX": -3.0, "offsetY": 0.0, "offsetZ": 0.0, "rotationX": 0.0, "rotationY": 0.0, "rotationZ": 14.0 },
						"neck": { "offsetX": 0.0, "offsetY": 0.0, "offsetZ": 0.0, "rotationX": 0.0, "rotationY": 0.0, "rotationZ": 44.0 },
						"head": { "offsetX": 0.0, "offsetY": 0.3, "offsetZ": 0.0, "rotationX": 0.0, "rotationY": 0.0, "rotationZ": -64.0 },
						"R ear": { "offsetX": 0.0, "offsetY": 0.0, "offsetZ": 0.0, "rotationX": 0.0, "rotationY": 0.0, "rotationZ": 8.0 },
						"L ear": { "offsetX": 0.0, "offsetY": 0.0, "offsetZ": 0.0, "rotationX": 0.0, "rotationY": 0.0, "rotationZ": 8.0 },
						"R front leg": { "offsetX": 0.0, "offsetY": 0.8, "offsetZ": 0.0, "rotationX": 0.0, "rotationY": 0.0, "rotationZ": -9.0 },
						"R front feet": { "rotationX": 0.0, "rotationY": 0.0, "rotationZ": -3.0 },
						"L front leg": { "offsetX": 0.0, "offsetY": 0.8, "offsetZ": 0.0, "rotationX": 0.0, "rotationY": 0.0, "rotationZ": -6.0 },
						"L front feet": { "rotationX": 0.0, "rotationY": 0.0, "rotationZ": -22.0 },
						"abdomen": { "rotationX": 0.0, "rotationY": 0.0, "rotationZ": 6.0 },
						"L back leg": { "offsetX": 0.0, "offsetY": -0.5, "offsetZ": 0.0, "rotationX": 0.0, "rotationY": 0.0, "rotationZ": -11.0 },
						"L back feet": { "rotationX": 0.0, "rotationY": 0.0, "rotationZ": -14.0 },
						"R back leg": { "offsetX": 0.0, "offsetY": -1.0, "offsetZ": 0.0, "rotationX": 0.0, "rotationY": 0.0, "rotationZ": -22.0 },
						"R back feet": { "rotationX": 0.0, "rotationY": 0.0, "rotationZ": -14.0 },
						"tail": { "rotationX": 0.0, "rotationY": 0.0, "rotationZ": 11.0 },
						"tail end": { "rotationX": 0.0, "rotationY": 0.0, "rotationZ": 0.0 }
					}
				},
				{
					"frame": 30,
					"elements": {
						"body": { "offsetX": -1.0, "offsetY": 0.0, "offsetZ": 0.0, "rotationX": 0.0, "rotationY": 0.0, "rotationZ": -3.0 },
						"neck": { "offsetX": 0.0, "offsetY": 0.0, "offsetZ": 0.0, "rotationX": 0.0, "rotationY": 0.0, "rotationZ": 17.0 },
						"head": { "offsetX": 0.0, "offsetY": 0.3, "offsetZ": 0.0, "rotationX": 0.0, "rotationY": 0.0, "rotationZ": -22.0 },
						"R ear": { "offsetX": 0.0, "offsetY": 0.0, "offsetZ": 0.0, "rotationX": 0.0, "rotationY": 0.0, "rotationZ": 0.0 },
						"L ear": { "offsetX": 0.0, "offsetY": 0.0, "offsetZ": 0.0, "rotationX": 0.0, "rotationY": 0.0, "rotationZ": 0.0 },
						"R front leg": { "offsetX": 0.0, "offsetY": -0.2, "offsetZ": 0.0, "rotationX": 0.0, "rotationY": 0.0, "rotationZ": -3.0 },
						"R front feet": { "rotationX": 0.0, "rotationY": 0.0, "rotationZ": 0.0 },
						"L front leg": { "offsetX": 0.0, "offsetY": -0.2, "offsetZ": 0.0, "rotationX": 0.0, "rotationY": 0.0, "rotationZ": -11.0 },
						"L front feet": { "rotationX": 0.0, "rotationY": 0.0, "rotationZ": 3.0 },
						"abdomen": { "rotationX": 0.0, "rotationY": 0.0, "rotationZ": 0.0 },
						"L back leg": { "offsetX": 0.0, "offsetY": 0.0, "offsetZ": 0.0, "rotationX": 0.0, "rotationY": 0.0, "rotationZ": 8.0 },
						"L back feet": { "offsetX": 0.0, "offsetY": 0.0, "offsetZ": 0.0, "rotationX": 0.0, "rotationY": 0.0, "rotationZ": 0.0 },
						"R back leg": { "offsetX": 0.0, "offsetY": 0.0, "offsetZ": 0.0, "rotationX": 0.0, "rotationY": 0.0, "rotationZ": 0.0 },
						"R back feet": { "rotationX": 0.0, "rotationY": 0.0, "rotationZ": 0.0 },
						"tail": {  },
						"tail end": { "rotationX": 0.0, "rotationY": 0.0, "rotationZ": -8.0 }
					}
				}
			]
		},

		{
			"name": "Howl",
			"code": "howl",
			"quantityframes": 70,
			"onActivityStopped": "PlayTillEnd",
			"onAnimationEnd": "Stop",
			"keyframes": [
				{
					"frame": 0,
					"elements": {
						"body": { "offsetX": 0.0, "offsetY": 0.0, "offsetZ": 0.0, "rotationX": 0.0, "rotationY": 0.0, "rotationZ": 0.0 },
						"L front leg": { "offsetX": 0.0, "offsetY": 0.0, "offsetZ": 0.0, "rotationX": 0.0, "rotationY": 0.0, "rotationZ": 0.0 },
						"L front feet": { "rotationX": 0.0, "rotationY": 0.0, "rotationZ": 0.0 },
						"R front leg": { "offsetX": 0.0, "offsetY": 0.0, "offsetZ": 0.0, "rotationX": 0.0, "rotationY": 0.0, "rotationZ": 0.0 },
						"R front feet": { "rotationX": 0.0, "rotationY": 0.0, "rotationZ": 0.0 },
						"neck": { "offsetX": 0.0, "offsetY": 0.0, "offsetZ": 0.0, "rotationX": 0.0, "rotationY": 0.0, "rotationZ": 0.0 },
						"head": { "offsetX": 0.0, "offsetY": 0.0, "offsetZ": 0.0, "rotationX": 0.0, "rotationY": 0.0, "rotationZ": 0.0 },
						"mouth": { "offsetX": 0.0, "offsetY": 0.0, "offsetZ": 0.0, "rotationX": 0.0, "rotationY": 0.0, "rotationZ": 0.0 },
						"jaw": { "offsetX": 0.0, "offsetY": 0.0, "offsetZ": 0.0, "rotationX": 0.0, "rotationY": 0.0, "rotationZ": 0.0 },
						"L ear": { "offsetX": 0.0, "offsetY": 0.0, "offsetZ": 0.0, "rotationX": 0.0, "rotationY": 0.0, "rotationZ": 0.0 },
						"R ear": { "offsetX": 0.0, "offsetY": 0.0, "offsetZ": 0.0, "rotationX": 0.0, "rotationY": 0.0, "rotationZ": 0.0 },
						"abdomen": { "rotationX": 0.0, "rotationY": 0.0, "rotationZ": 0.0 },
						"L back leg": { "offsetX": 0.0, "offsetY": 0.0, "offsetZ": 0.0, "rotationX": 0.0, "rotationY": 0.0, "rotationZ": 0.0 },
						"L back feet": { "offsetX": 0.0, "offsetY": 0.0, "offsetZ": 0.0, "rotationX": 0.0, "rotationY": 0.0, "rotationZ": 0.0 },
						"R back leg": { "offsetX": 0.0, "offsetY": 0.0, "offsetZ": 0.0, "rotationX": 0.0, "rotationY": 0.0, "rotationZ": 0.0 },
						"R back feet": { "offsetX": 0.0, "offsetY": 0.0, "offsetZ": 0.0, "rotationX": 0.0, "rotationY": 0.0, "rotationZ": 0.0 },
						"tail": { "rotationX": 0.0, "rotationY": 0.0, "rotationZ": 0.0 },
						"tail end": { "rotationX": 0.0, "rotationY": 0.0, "rotationZ": 0.0 }
					}
				},
				{
					"frame": 15,
					"elements": {
						"body": { "offsetX": -1.0, "offsetY": -0.5, "offsetZ": 0.0, "rotationX": 0.0, "rotationY": 0.0, "rotationZ": 11.0 },
						"L front leg": { "offsetX": 0.0, "offsetY": 0.8, "offsetZ": 0.0, "rotationX": 0.0, "rotationY": 0.0, "rotationZ": 11.0 },
						"L front feet": { "rotationX": 0.0, "rotationY": 0.0, "rotationZ": -19.0 },
						"R front leg": { "offsetX": 0.1, "offsetY": 0.1, "offsetZ": 0.0, "rotationX": 0.0, "rotationY": 0.0, "rotationZ": 33.0 },
						"R front feet": { "rotationX": 0.0, "rotationY": 0.0, "rotationZ": -61.0 },
						"neck": { "offsetX": 0.0, "offsetY": 0.0, "offsetZ": 0.0, "rotationX": 0.0, "rotationY": 0.0, "rotationZ": 22.0 },
						"head": { "offsetX": 0.0, "offsetY": 0.0, "offsetZ": 0.0, "rotationX": 0.0, "rotationY": 0.0, "rotationZ": -42.0 },
						"mouth": { "offsetX": 0.0, "offsetY": 0.0, "offsetZ": 0.0, "rotationX": 0.0, "rotationY": 0.0, "rotationZ": 0.0 },
						"jaw": { "offsetX": 0.0, "offsetY": -0.25, "offsetZ": 0.0, "rotationX": 0.0, "rotationY": 0.0, "rotationZ": 8.0 },
						"L ear": { "offsetX": 0.0, "offsetY": 0.0, "offsetZ": 0.0, "rotationX": 0.0, "rotationY": 0.0, "rotationZ": 0.0 },
						"R ear": { "offsetX": 0.0, "offsetY": 0.0, "offsetZ": 0.0, "rotationX": 0.0, "rotationY": 0.0, "rotationZ": 0.0 },
						"abdomen": { "rotationX": 0.0, "rotationY": 0.0, "rotationZ": 0.0 },
						"L back leg": { "offsetX": 0.0, "offsetY": 0.0, "offsetZ": 0.0, "rotationX": 0.0, "rotationY": 0.0, "rotationZ": 0.0 },
						"L back feet": { "offsetX": 0.0, "offsetY": 0.0, "offsetZ": 0.0, "rotationX": 0.0, "rotationY": 0.0, "rotationZ": -8.0 },
						"R back leg": { "offsetX": 0.0, "offsetY": 0.0, "offsetZ": 0.0, "rotationX": 0.0, "rotationY": 0.0, "rotationZ": 0.0 },
						"R back feet": { "offsetX": 0.0, "offsetY": 0.0, "offsetZ": 0.0, "rotationX": 0.0, "rotationY": 0.0, "rotationZ": -5.0 },
						"tail": { "rotationX": 0.0, "rotationY": 0.0, "rotationZ": 11.0 },
						"tail end": { "rotationX": 0.0, "rotationY": 0.0, "rotationZ": -12.0 }
					}
				},
				{
					"frame": 30,
					"elements": {
						"body": { "offsetX": -1.0, "offsetY": -0.7, "offsetZ": 0.0, "rotationX": 0.0, "rotationY": 0.0, "rotationZ": -14.0 },
						"L front leg": { "offsetX": 0.0, "offsetY": 0.2, "offsetZ": 0.0, "rotationX": 0.0, "rotationY": 0.0, "rotationZ": 25.0 },
						"L front feet": { "rotationX": 0.0, "rotationY": 0.0, "rotationZ": 0.0 },
						"neck": { "offsetX": 0.0, "offsetY": 0.0, "offsetZ": 0.0, "rotationX": 0.0, "rotationY": 0.0, "rotationZ": -11.0 },
						"head": { "offsetX": 0.0, "offsetY": 0.0, "offsetZ": 0.0, "rotationX": 0.0, "rotationY": 0.0, "rotationZ": -50.0 },
						"mouth": { "offsetX": 0.0, "offsetY": 0.0, "offsetZ": 0.0, "rotationX": 0.0, "rotationY": 0.0, "rotationZ": 0.0 },
						"jaw": { "offsetX": 0.0, "offsetY": 0.0, "offsetZ": 0.0, "rotationX": 0.0, "rotationY": 0.0, "rotationZ": 3.0 },
						"L ear": { "offsetX": 0.0, "offsetY": 0.0, "offsetZ": 0.0, "rotationX": 0.0, "rotationY": 0.0, "rotationZ": -25.0 },
						"R ear": { "offsetX": 0.0, "offsetY": 0.0, "offsetZ": 0.0, "rotationX": 0.0, "rotationY": 0.0, "rotationZ": -25.0 },
						"R front leg": { "offsetX": 0.0, "offsetY": 0.2, "offsetZ": 0.0, "rotationX": 0.0, "rotationY": 0.0, "rotationZ": 33.0 },
						"R front feet": { "rotationX": 0.0, "rotationY": 0.0, "rotationZ": -17.0 },
						"abdomen": { "rotationX": 0.0, "rotationY": 0.0, "rotationZ": 12.0 },
						"L back leg": { "offsetX": 0.0, "offsetY": 0.4, "offsetZ": 0.0, "rotationX": 0.0, "rotationY": 0.0, "rotationZ": 14.0 },
						"L back feet": { "offsetX": 0.0, "offsetY": 0.4, "offsetZ": 0.0, "rotationX": 0.0, "rotationY": 0.0, "rotationZ": -14.0 },
						"R back leg": { "offsetX": 0.0, "offsetY": 0.4, "offsetZ": 0.0, "rotationX": 0.0, "rotationY": 0.0, "rotationZ": 14.0 },
						"R back feet": { "offsetX": 0.0, "offsetY": 0.4, "offsetZ": 0.0, "rotationX": 0.0, "rotationY": 0.0, "rotationZ": -11.0 },
						"tail": { "rotationX": 0.0, "rotationY": 0.0, "rotationZ": 33.0 },
						"tail end": { "rotationX": 0.0, "rotationY": 0.0, "rotationZ": 0.0 }
					}
				},
				{
					"frame": 38,
					"elements": {
						"body": {  },
						"neck": {  },
						"head": {  },
						"jaw": { "rotationX": 0.0, "rotationY": 0.0, "rotationZ": 5.0 }
					}
				},
				{
					"frame": 42,
					"elements": {
						"body": {  },
						"neck": {  },
						"head": {  },
						"jaw": { "rotationX": 0.0, "rotationY": 0.0, "rotationZ": 8.0 }
					}
				},
				{
					"frame": 48,
					"elements": {
						"body": {  },
						"neck": {  },
						"head": {  },
						"jaw": { "rotationX": 0.0, "rotationY": 0.0, "rotationZ": 5.0 }
					}
				},
				{
					"frame": 50,
					"elements": {
						"body": { "offsetX": -1.0, "offsetY": -0.7, "offsetZ": 0.0, "rotationX": 0.0, "rotationY": 0.0, "rotationZ": -16.0 },
						"L front leg": { "offsetX": 0.0, "offsetY": 0.1, "offsetZ": 0.0, "rotationX": 0.0, "rotationY": 0.0, "rotationZ": 27.0 },
						"neck": { "offsetX": 0.0, "offsetY": 0.0, "offsetZ": 0.0, "rotationX": 0.0, "rotationY": 0.0, "rotationZ": -16.0 },
						"head": { "offsetX": 0.0, "offsetY": 0.0, "offsetZ": 0.0, "rotationX": 0.0, "rotationY": 0.0, "rotationZ": -50.0 },
						"mouth": { "offsetX": 0.0, "offsetY": 0.0, "offsetZ": 0.0, "rotationX": 0.0, "rotationY": 0.0, "rotationZ": 0.0 },
						"jaw": { "offsetX": 0.0, "offsetY": 0.0, "offsetZ": 0.0, "rotationX": 0.0, "rotationY": 0.0, "rotationZ": 3.0 },
						"L ear": { "offsetX": 0.0, "offsetY": 0.0, "offsetZ": 0.0, "rotationX": 0.0, "rotationY": 0.0, "rotationZ": -25.0 },
						"R ear": { "offsetX": 0.0, "offsetY": 0.0, "offsetZ": 0.0, "rotationX": 0.0, "rotationY": 0.0, "rotationZ": -25.0 },
						"R front leg": { "offsetX": 0.0, "offsetY": 0.1, "offsetZ": 0.0, "rotationX": 0.0, "rotationY": 0.0, "rotationZ": 31.0 },
						"abdomen": { "rotationX": 0.0, "rotationY": 0.0, "rotationZ": 12.0 },
						"L back leg": { "offsetX": 0.0, "offsetY": 0.4, "offsetZ": 0.0, "rotationX": 0.0, "rotationY": 0.0, "rotationZ": 16.0 },
						"L back feet": { "offsetX": 0.0, "offsetY": 0.4, "offsetZ": 0.0, "rotationX": 0.0, "rotationY": 0.0, "rotationZ": -14.0 },
						"R back leg": { "offsetX": 0.0, "offsetY": 0.4, "offsetZ": 0.0, "rotationX": 0.0, "rotationY": 0.0, "rotationZ": 16.0 },
						"R back feet": { "offsetX": 0.0, "offsetY": 0.4, "offsetZ": 0.0, "rotationX": 0.0, "rotationY": 0.0, "rotationZ": -11.0 },
						"tail": { "rotationX": 0.0, "rotationY": 0.0, "rotationZ": 33.0 },
						"tail end": { "rotationX": 0.0, "rotationY": 0.0, "rotationZ": 0.0 }
					}
				}
			]
		},

		{
			"name": "Die",
			"code": "die",
			"quantityframes": 80,
			"onActivityStopped": "Stop",
			"onAnimationEnd": "Hold",
			"keyframes": [
				{
					"frame": 0,
					"elements": {
						"body": { "offsetX": 0.0, "offsetY": 0.0, "offsetZ": 0.0, "rotationX": 0.0, "rotationY": 0.0, "rotationZ": 0.0 },
						"neck": { "offsetX": 0.0, "offsetY": 0.0, "offsetZ": 0.0, "rotationX": 0.0, "rotationY": 0.0, "rotationZ": 0.0 },
						"head": { "offsetX": 0.0, "offsetY": 0.0, "offsetZ": 0.0, "rotationX": 0.0, "rotationY": 0.0, "rotationZ": 0.0 },
						"R ear": { "offsetX": 0.0, "offsetY": 0.0, "offsetZ": 0.0, "rotationX": 0.0, "rotationY": 0.0, "rotationZ": 0.0 },
						"L ear": { "offsetX": 0.0, "offsetY": 0.0, "offsetZ": 0.0, "rotationX": 0.0, "rotationY": 0.0, "rotationZ": 0.0 },
						"R front leg": { "offsetX": 0.0, "offsetY": 0.0, "offsetZ": 0.0, "rotationX": 0.0, "rotationY": 0.0, "rotationZ": 0.0 },
						"L front leg": { "offsetX": 0.0, "offsetY": 0.0, "offsetZ": 0.0, "rotationX": 0.0, "rotationY": 0.0, "rotationZ": 0.0 },
						"abdomen": { "rotationX": 0.0, "rotationY": 0.0, "rotationZ": 0.0 },
						"L back leg": { "rotationX": 0.0, "rotationY": 0.0, "rotationZ": 0.0 },
						"L back feet": { "rotationX": 0.0, "rotationY": 0.0, "rotationZ": 0.0 },
						"R back leg": { "offsetX": 0.0, "offsetY": 0.0, "offsetZ": 0.0, "rotationX": 0.0, "rotationY": 0.0, "rotationZ": 0.0 },
						"R back feet": { "offsetX": 0.0, "offsetY": 0.0, "offsetZ": 0.0, "rotationX": 0.0, "rotationY": 0.0, "rotationZ": 0.0 },
						"tail": { "rotationX": 0.0, "rotationY": 0.0, "rotationZ": 0.0 },
						"tail end": { "rotationX": 0.0, "rotationY": 0.0, "rotationZ": 0.0 }
					}
				},
				{
					"frame": 8,
					"elements": {
						"body": { "offsetX": 1.0, "offsetY": -1.0, "offsetZ": 0.0, "rotationX": -5.0, "rotationY": -10.0, "rotationZ": 13.0 },
						"neck": { "offsetX": 0.0, "offsetY": 0.0, "offsetZ": 0.0, "rotationX": -6.0, "rotationY": -25.0, "rotationZ": 13.0 },
						"head": { "offsetX": 0.0, "offsetY": 0.0, "offsetZ": 0.0, "rotationX": -11.0, "rotationY": 25.0, "rotationZ": 11.0 },
						"R ear": { "offsetX": 0.0, "offsetY": 0.0, "offsetZ": 0.0, "rotationX": 0.0, "rotationY": 0.0, "rotationZ": 17.0 },
						"L ear": { "offsetX": 0.0, "offsetY": 0.0, "offsetZ": 0.0, "rotationX": 0.0, "rotationY": 0.0, "rotationZ": 11.0 },
						"R front leg": { "offsetX": 0.0, "offsetY": 1.0, "offsetZ": 0.0, "rotationX": 3.0, "rotationY": -8.0, "rotationZ": -36.0 },
						"L front leg": { "offsetX": 0.0, "offsetY": 1.0, "offsetZ": 0.0, "rotationX": -11.0, "rotationY": 14.0, "rotationZ": -28.0 },
						"abdomen": { "rotationX": 0.0, "rotationY": 0.0, "rotationZ": -11.0 },
						"L back leg": { "rotationX": 0.0, "rotationY": 0.0, "rotationZ": 19.0 },
						"L back feet": { "rotationX": 0.0, "rotationY": 0.0, "rotationZ": -30.0 },
						"R back leg": { "offsetX": 0.0, "offsetY": 0.0, "offsetZ": 0.0, "rotationX": 0.0, "rotationY": 0.0, "rotationZ": 8.0 },
						"R back feet": { "offsetX": 0.0, "offsetY": 0.0, "offsetZ": 0.0, "rotationX": 0.0, "rotationY": 0.0, "rotationZ": -28.0 },
						"tail": { "rotationX": 0.0, "rotationY": 0.0, "rotationZ": 0.0 },
						"tail end": { "rotationX": 0.0, "rotationY": 0.0, "rotationZ": -30.0 }
					}
				},
				{
					"frame": 12,
					"elements": {
						"body": { "offsetX": 1.0, "offsetY": -1.0, "offsetZ": 0.0, "rotationX": -3.0, "rotationY": -8.0, "rotationZ": 11.0 },
						"neck": { "offsetX": 0.0, "offsetY": 0.0, "offsetZ": 0.0, "rotationX": -6.0, "rotationY": -22.0, "rotationZ": 11.0 },
						"head": { "offsetX": 0.0, "offsetY": 0.0, "offsetZ": 0.0, "rotationX": -11.0, "rotationY": 25.0, "rotationZ": 11.0 },
						"R ear": { "offsetX": 0.0, "offsetY": 0.0, "offsetZ": 0.0, "rotationX": 0.0, "rotationY": 0.0, "rotationZ": 17.0 },
						"L ear": { "offsetX": 0.0, "offsetY": 0.0, "offsetZ": 0.0, "rotationX": 0.0, "rotationY": 0.0, "rotationZ": 11.0 },
						"R front leg": { "offsetX": 0.0, "offsetY": 1.0, "offsetZ": 0.0, "rotationX": 3.0, "rotationY": -8.0, "rotationZ": -36.0 },
						"L front leg": { "offsetX": 0.0, "offsetY": 1.0, "offsetZ": 0.0, "rotationX": -11.0, "rotationY": 14.0, "rotationZ": -28.0 }
					}
				},
				{
					"frame": 40,
					"elements": {
						"body": { "offsetX": 1.0, "offsetY": -1.0, "offsetZ": 0.0, "rotationX": -1.0, "rotationY": -6.0, "rotationZ": 8.0 },
						"neck": { "offsetX": 0.0, "offsetY": 0.0, "offsetZ": 0.0, "rotationX": -6.0, "rotationY": -22.0, "rotationZ": 11.0 },
						"head": { "offsetX": 0.0, "offsetY": 0.0, "offsetZ": 0.0, "rotationX": -11.0, "rotationY": 25.0, "rotationZ": 2.0 },
						"R ear": { "offsetX": 0.0, "offsetY": 0.0, "offsetZ": 0.0, "rotationX": 0.0, "rotationY": 0.0, "rotationZ": 0.0 },
						"L ear": { "offsetX": 0.0, "offsetY": 0.0, "offsetZ": 0.0, "rotationX": 0.0, "rotationY": 0.0, "rotationZ": 0.0 },
						"R front leg": { "offsetX": 0.0, "offsetY": 0.8, "offsetZ": 0.0, "rotationX": 6.0, "rotationY": -11.0, "rotationZ": -32.0 },
						"L front leg": { "offsetX": 0.0, "offsetY": 0.8, "offsetZ": 0.0, "rotationX": -11.0, "rotationY": 14.0, "rotationZ": -30.0 },
						"abdomen": { "rotationX": 0.0, "rotationY": 0.0, "rotationZ": -11.0 },
						"L back leg": { "rotationX": 0.0, "rotationY": 0.0, "rotationZ": 33.0 },
						"L back feet": { "rotationX": 0.0, "rotationY": 0.0, "rotationZ": -50.0 },
						"R back leg": { "offsetX": 0.2, "offsetY": 0.2, "offsetZ": 0.0, "rotationX": 0.0, "rotationY": 0.0, "rotationZ": 20.0 },
						"R back feet": { "offsetX": 0.0, "offsetY": 0.2, "offsetZ": 0.0, "rotationX": 0.0, "rotationY": 0.0, "rotationZ": -39.0 },
						"tail": {  },
						"tail end": { "rotationX": 0.0, "rotationY": 0.0, "rotationZ": -36.0 }
					}
				},
				{
					"frame": 56,
					"elements": {
						"body": { "offsetX": -4.0, "offsetY": -2.0, "offsetZ": -2.0, "rotationX": -11.0, "rotationY": -14.0, "rotationZ": 5.0 },
						"neck": { "offsetX": 0.0, "offsetY": -0.5, "offsetZ": 0.0, "rotationX": 25.0, "rotationY": 3.0, "rotationZ": 28.0 },
						"head": { "offsetX": 0.0, "offsetY": 0.4, "offsetZ": 0.0, "rotationX": -25.0, "rotationY": 14.0, "rotationZ": -22.0 },
						"R ear": { "offsetX": 0.0, "offsetY": 0.0, "offsetZ": 0.0, "rotationX": 0.0, "rotationY": 0.0, "rotationZ": 50.0 },
						"L ear": { "offsetX": 0.0, "offsetY": 0.0, "offsetZ": 0.0, "rotationX": 0.0, "rotationY": 0.0, "rotationZ": 53.0 },
						"R front leg": { "offsetX": 0.0, "offsetY": 1.5, "offsetZ": 0.0, "rotationX": -8.0, "rotationY": -17.0, "rotationZ": 64.0 },
						"L front leg": { "offsetX": 0.0, "offsetY": 1.4, "offsetZ": 0.0, "rotationX": -28.0, "rotationY": -3.0, "rotationZ": 72.0 },
						"abdomen": { "rotationX": 0.0, "rotationY": 0.0, "rotationZ": -6.0 },
						"L back leg": { "rotationX": 0.0, "rotationY": 0.0, "rotationZ": 42.0 },
						"L back feet": { "rotationX": 0.0, "rotationY": 0.0, "rotationZ": 6.0 },
						"R back leg": { "offsetX": 0.0, "offsetY": 0.0, "offsetZ": 0.0, "rotationX": -50.0, "rotationY": 25.0, "rotationZ": 39.0 },
						"R back feet": { "rotationX": 0.0, "rotationY": 0.0, "rotationZ": 0.0 },
						"tail": {  },
						"tail end": { "rotationX": 0.0, "rotationY": 0.0, "rotationZ": -11.0 }
					}
				},
				{
					"frame": 79,
					"elements": {
						"body": { "offsetX": -4.0, "offsetY": -2.0, "offsetZ": -2.0, "rotationX": -11.0, "rotationY": -14.0, "rotationZ": 5.0 },
						"neck": { "offsetX": 0.0, "offsetY": -0.5, "offsetZ": 0.0, "rotationX": 25.0, "rotationY": 3.0, "rotationZ": 28.0 },
						"head": { "offsetX": 0.0, "offsetY": 0.4, "offsetZ": 0.0, "rotationX": -25.0, "rotationY": 14.0, "rotationZ": -22.0 },
						"R ear": { "offsetX": 0.0, "offsetY": 0.0, "offsetZ": 0.0, "rotationX": 0.0, "rotationY": 0.0, "rotationZ": 50.0 },
						"L ear": { "offsetX": 0.0, "offsetY": 0.0, "offsetZ": 0.0, "rotationX": 0.0, "rotationY": 0.0, "rotationZ": 53.0 },
						"R front leg": { "offsetX": 0.0, "offsetY": 1.5, "offsetZ": 0.0, "rotationX": -8.0, "rotationY": -17.0, "rotationZ": 64.0 },
						"L front leg": { "offsetX": 0.0, "offsetY": 1.4, "offsetZ": 0.0, "rotationX": -28.0, "rotationY": -3.0, "rotationZ": 72.0 },
						"abdomen": { "rotationX": 0.0, "rotationY": 0.0, "rotationZ": -6.0 },
						"L back leg": { "rotationX": 0.0, "rotationY": 0.0, "rotationZ": 42.0 },
						"L back feet": { "rotationX": 0.0, "rotationY": 0.0, "rotationZ": 6.0 },
						"R back leg": { "offsetX": 0.0, "offsetY": 0.0, "offsetZ": 0.0, "rotationX": -50.0, "rotationY": 25.0, "rotationZ": 39.0 },
						"R back feet": { "rotationX": 0.0, "rotationY": 0.0, "rotationZ": 0.0 },
						"tail": {  },
						"tail end": { "rotationX": 0.0, "rotationY": 0.0, "rotationZ": -11.0 }
					}
				}
			]
		},

		{
			"name": "Hurt",
			"code": "hurt",
			"quantityframes": 30,
			"onActivityStopped": "PlayTillEnd",
			"onAnimationEnd": "Stop",
			"keyframes": [
				{
					"frame": 0,
					"elements": {
						"body": { "offsetX": 0.0, "offsetY": 0.0, "offsetZ": 0.0, "rotationX": 0.0, "rotationY": 0.0, "rotationZ": 0.0 },
						"neck": { "offsetX": 0.0, "offsetY": 0.0, "offsetZ": 0.0, "rotationX": 0.0, "rotationY": 0.0, "rotationZ": 0.0 },
						"head": { "rotationX": 0.0, "rotationY": 0.0, "rotationZ": 0.0 },
						"R ear": { "rotationX": 0.0, "rotationY": 0.0, "rotationZ": 0.0 },
						"L ear": { "rotationX": 0.0, "rotationY": 0.0, "rotationZ": 0.0 },
						"R front leg": { "rotationX": 0.0, "rotationY": 0.0, "rotationZ": 0.0 },
						"L front leg": { "rotationX": 0.0, "rotationY": 0.0, "rotationZ": 0.0 },
						"abdomen": { "rotationX": 0.0, "rotationY": 0.0, "rotationZ": 0.0 },
						"L back leg": { "offsetX": 0.0, "offsetY": 0.0, "offsetZ": 0.0, "rotationX": 0.0, "rotationY": 0.0, "rotationZ": 0.0 },
						"L back feet": { "rotationX": 0.0, "rotationY": 0.0, "rotationZ": 0.0 },
						"R back leg": { "offsetX": 0.0, "offsetY": 0.0, "offsetZ": 0.0, "rotationX": 0.0, "rotationY": 0.0, "rotationZ": 0.0 },
						"R back feet": { "rotationX": 0.0, "rotationY": 0.0, "rotationZ": 0.0 },
						"tail": {  },
						"tail end": { "rotationX": 0.0, "rotationY": 0.0, "rotationZ": 0.0 }
					}
				},
				{
					"frame": 5,
					"elements": {
						"body": { "offsetX": 1.0, "offsetY": 0.0, "offsetZ": 0.0, "rotationX": 0.0, "rotationY": 0.0, "rotationZ": 8.0 },
						"neck": { "offsetX": 0.0, "offsetY": 0.0, "offsetZ": 0.0, "rotationX": 0.0, "rotationY": 0.0, "rotationZ": 15.0 },
						"head": { "rotationX": 0.0, "rotationY": 0.0, "rotationZ": -35.0 },
						"R ear": { "rotationX": 0.0, "rotationY": 0.0, "rotationZ": -22.0 },
						"L ear": { "rotationX": 0.0, "rotationY": 0.0, "rotationZ": -22.0 },
						"R front leg": { "rotationX": 0.0, "rotationY": 0.0, "rotationZ": -30.0 },
						"L front leg": { "rotationX": 0.0, "rotationY": 0.0, "rotationZ": -28.0 },
						"abdomen": { "rotationX": 0.0, "rotationY": 0.0, "rotationZ": 6.0 },
						"L back leg": { "offsetX": 0.0, "offsetY": -1.0, "offsetZ": 0.0, "rotationX": 0.0, "rotationY": 0.0, "rotationZ": -11.0 },
						"L back feet": { "rotationX": 0.0, "rotationY": 0.0, "rotationZ": -17.0 },
						"R back leg": { "offsetX": 0.0, "offsetY": -1.0, "offsetZ": 0.0, "rotationX": 0.0, "rotationY": 0.0, "rotationZ": -6.0 },
						"R back feet": { "rotationX": 0.0, "rotationY": 0.0, "rotationZ": -22.0 },
						"tail": {  },
						"tail end": { "rotationX": 0.0, "rotationY": 0.0, "rotationZ": -39.0 }
					}
				}
			]
		},

		{
			"name": "Idle",
			"code": "idle",
			"quantityframes": 30,
			"onActivityStopped": "Rewind",
			"onAnimationEnd": "Repeat",
			"keyframes": [
				{
					"frame": 0,
					"elements": {
						"body": { "offsetX": 0.0, "offsetY": 0.0, "offsetZ": 0.0, "rotationX": 0.0, "rotationY": 0.0, "rotationZ": 0.0 },
						"neck": { "rotationX": 0.0, "rotationY": 0.0, "rotationZ": 0.0 },
						"head": { "rotationX": 0.0, "rotationY": 0.0, "rotationZ": 0.0 },
						"R front leg": { "offsetX": 0.0, "offsetY": 0.0, "offsetZ": 0.0, "rotationX": 0.0, "rotationY": 0.0, "rotationZ": 0.0 },
						"L front leg": { "offsetX": 0.0, "offsetY": 0.0, "offsetZ": 0.0, "rotationX": 0.0, "rotationY": 0.0, "rotationZ": 0.0 },
						"abdomen": { "rotationX": 0.0, "rotationY": 0.0, "rotationZ": 0.0 },
						"tail": {  },
						"tail end": { "rotationX": 0.0, "rotationY": 2.0, "rotationZ": 0.0 }
					}
				},
				{
					"frame": 15,
					"elements": {
						"body": { "offsetX": 0.0, "offsetY": 0.0, "offsetZ": 0.0, "rotationX": 0.0, "rotationY": 0.0, "rotationZ": -1.0 },
						"neck": { "rotationX": 0.0, "rotationY": 0.0, "rotationZ": 1.0 },
						"head": { "rotationX": 0.0, "rotationY": 0.0, "rotationZ": 0.0 },
						"R front leg": { "offsetX": 0.0, "offsetY": 0.0, "offsetZ": 0.0, "rotationX": 0.0, "rotationY": 0.0, "rotationZ": 1.0 },
						"L front leg": { "offsetX": 0.0, "offsetY": 0.0, "offsetZ": 0.0, "rotationX": 0.0, "rotationY": 0.0, "rotationZ": 1.0 },
						"abdomen": { "rotationX": 0.0, "rotationY": 0.0, "rotationZ": 1.0 },
						"tail": {  },
						"tail end": { "rotationX": 0.0, "rotationY": -2.0, "rotationZ": 0.0 }
					}
				}
			]
		},

		{
			"name": "Sleep",
			"code": "sleep",
			"quantityframes": 60,
			"onActivityStopped": "Rewind",
			"onAnimationEnd": "Repeat",
			"keyframes": [
				{
					"frame": 0,
					"elements": {
						"body": { "offsetX": 0.0, "offsetY": -3.0, "offsetZ": 0.0 },
						"L front leg": { "offsetX": 1.0, "offsetY": 0.0, "offsetZ": 1.0, "rotationX": 0.0, "rotationY": 0.0, "rotationZ": -91.0 },
						"L front feet": { "rotationX": 36.0, "rotationY": 0.0, "rotationZ": 0.0 },
						"R front leg": { "offsetX": 1.0, "offsetY": 0.0, "offsetZ": -1.0, "rotationX": 0.0, "rotationY": 0.0, "rotationZ": -90.0 },
						"R front feet": { "rotationX": -25.0, "rotationY": 0.0, "rotationZ": 0.0 },
						"neck": { "rotationX": 0.0, "rotationY": 30.0, "rotationZ": 17.0 },
						"head": {  },
						"jaw": { "rotationX": 0.0, "rotationY": 0.0, "rotationZ": 0.0 },
						"abdomen": {  },
						"L back leg": { "offsetX": 3.0, "offsetY": 0.9, "offsetZ": 1.0, "rotationX": 0.0, "rotationY": 0.0, "rotationZ": -90.0 },
						"L back feet": { "rotationX": -19.0, "rotationY": 0.0, "rotationZ": 0.0 },
						"R back leg": { "offsetX": 3.0, "offsetY": 0.9, "offsetZ": -1.0, "rotationX": 0.0, "rotationY": 0.0, "rotationZ": -90.0 },
						"R back feet": { "offsetX": 0.0, "offsetY": 0.0, "offsetZ": 0.0, "rotationX": 17.0, "rotationY": 0.0, "rotationZ": 0.0 },
						"tail": { "offsetX": 0.0, "offsetY": 1.3, "offsetZ": 0.0, "rotationX": 0.0, "rotationY": 0.0, "rotationZ": -53.0 },
						"tail end": { "rotationX": 0.0, "rotationY": 0.0, "rotationZ": 55.0 }
					}
				},
				{
					"frame": 25,
					"elements": {
						"body": { "offsetX": 0.0, "offsetY": -3.0, "offsetZ": 0.0 },
						"neck": { "rotationX": 0.0, "rotationY": 30.0, "rotationZ": 14.0 },
						"head": {  },
						"jaw": { "rotationX": 0.0, "rotationY": 0.0, "rotationZ": 11.0 },
						"R front leg": { "offsetX": 1.0, "offsetY": 0.0, "offsetZ": -1.0, "rotationX": 0.0, "rotationY": 0.0, "rotationZ": -90.0 },
						"R front feet": { "rotationX": -25.0, "rotationY": 0.0, "rotationZ": 0.0 },
						"L front leg": { "offsetX": 1.0, "offsetY": 0.0, "offsetZ": 1.0, "rotationX": 0.0, "rotationY": 0.0, "rotationZ": -91.0 },
						"L front feet": { "rotationX": 36.0, "rotationY": 0.0, "rotationZ": 0.0 },
						"abdomen": {  },
						"L back leg": { "offsetX": 3.0, "offsetY": 0.9, "offsetZ": 1.0, "rotationX": 0.0, "rotationY": 0.0, "rotationZ": -90.0 },
						"L back feet": { "rotationX": -19.0, "rotationY": 0.0, "rotationZ": 0.0 },
						"R back leg": { "offsetX": 3.0, "offsetY": 0.9, "offsetZ": -1.0, "rotationX": 0.0, "rotationY": 0.0, "rotationZ": -90.0 },
						"R back feet": { "offsetX": 0.0, "offsetY": 0.0, "offsetZ": 0.0, "rotationX": 17.0, "rotationY": 0.0, "rotationZ": 0.0 },
						"tail": { "offsetX": 0.0, "offsetY": 1.3, "offsetZ": 0.0, "rotationX": 0.0, "rotationY": 0.0, "rotationZ": -53.0 },
						"tail end": { "rotationX": 0.0, "rotationY": 0.0, "rotationZ": 55.0 }
					}
				},
				{
					"frame": 59,
					"elements": {
						"body": {  },
						"neck": { "rotationX": 0.0, "rotationY": 30.0, "rotationZ": 17.0 }
					}
				}
			]
		},

		{
			"name": "Eat",
			"code": "eat",
			"quantityframes": 30,
			"onActivityStopped": "Rewind",
			"onAnimationEnd": "Repeat",
			"keyframes": [
				{
					"frame": 0,
					"elements": {
						"body": {  },
						"neck": { "rotationX": 0.0, "rotationY": 0.0, "rotationZ": 30.0 },
						"head": { "rotationX": 0.0, "rotationY": 0.0, "rotationZ": 11.0 },
						"jaw": { "rotationX": 0.0, "rotationY": 0.0, "rotationZ": 0.0 },
						"abdomen": {  },
						"tail": { "rotationX": 0.0, "rotationY": 0.0, "rotationZ": 0.0 },
						"tail end": { "rotationX": 0.0, "rotationY": 0.0, "rotationZ": -51.0 }
					}
				},
				{
					"frame": 15,
					"elements": {
						"body": {  },
						"neck": {  },
						"head": {  },
						"jaw": { "rotationX": 0.0, "rotationY": 0.0, "rotationZ": 9.0 }
					}
				}
			]
		}
	]
}