{
	"editor": {
		"allAngles": false,
		"singleTexture": false
	},
	"textureWidth": 16,
	"textureHeight": 16,
	"textures": {

	},
	"elements": [
		{
			"name": "StalkMidNW",
			"from": [ 4.5, -15.0, 6.5 ], 
			"to": [ 7.5, -1.0, 9.5 ], 
			"rotationOrigin": [ 0.0, 0.0, 0.0 ],
			"rotationZ": 90.0,
			"faces": {
				"north": { "texture": "#texture", "uv": [ 3.0, 0.0, 6.0, 14.0 ] },
				"east": { "texture": "#texture", "uv": [ 1.0, 0.0, 4.0, 14.0 ] },
				"south": { "texture": "#texture", "uv": [ 5.0, 0.0, 8.0, 14.0 ] },
				"west": { "texture": "#texture", "uv": [ 1.0, 0.0, 4.0, 14.0 ] },
				"up": { "texture": "#texture", "uv": [ 8.0, 11.0, 11.0, 14.0 ] },
				"down": { "texture": "#texture", "uv": [ 8.0, 11.0, 11.0, 14.0 ] }
			}
		},
		{
			"name": "StalkMidNE",
			"from": [ 7.5, -13.0, 5.5 ], 
			"to": [ 10.5, 0.0, 8.5 ], 
			"rotationOrigin": [ 0.0, 0.0, 0.0 ],
			"rotationZ": 90.0,
			"faces": {
				"north": { "texture": "#texture", "uv": [ 0.0, 0.0, 3.0, 13.0 ] },
				"east": { "texture": "#texture", "uv": [ 1.0, 0.0, 4.0, 13.0 ] },
				"south": { "texture": "#texture", "uv": [ 2.0, 0.0, 5.0, 13.0 ] },
				"west": { "texture": "#texture", "uv": [ 2.0, 0.0, 5.0, 13.0 ] },
				"up": { "texture": "#texture", "uv": [ 8.0, 11.0, 11.0, 14.0 ] },
				"down": { "texture": "#texture", "uv": [ 8.0, 11.0, 11.0, 14.0 ] }
			}
		},
		{
			"name": "StalkMidSE",
			"from": [ 6.5, -16.0, 8.5 ], 
			"to": [ 9.5, -1.0, 11.5 ], 
			"rotationOrigin": [ 0.0, 0.0, 0.0 ],
			"rotationZ": 90.0,
			"faces": {
				"north": { "texture": "#texture", "uv": [ 4.0, 0.0, 7.0, 15.0 ] },
				"east": { "texture": "#texture", "uv": [ 4.0, 0.0, 7.0, 15.0 ] },
				"south": { "texture": "#texture", "uv": [ 5.0, 0.0, 8.0, 15.0 ] },
				"west": { "texture": "#texture", "uv": [ 1.0, 0.0, 4.0, 15.0 ] },
				"up": { "texture": "#texture", "uv": [ 8.0, 11.0, 11.0, 14.0 ] },
				"down": { "texture": "#texture", "uv": [ 8.0, 11.0, 11.0, 14.0 ] }
			}
		}
	]}