{
	"editor": {
		"allAngles": false,
		"singleTexture": false
	},
	"textureWidth": 16,
	"textureHeight": 16,
	"textures": {
		"material": "game:block/metal/lantern/copper",
		"candle": "game:block/candle",
		"lining": "game:block/metal/lantern/lining-gold",
		"quartz": "game:block/glass/quartz",
		"material-deco": "game:block/metal/lantern/copper-deco",
		"Glasscase": "game:block/Glasscase"
	},
	"elements": [
		{
			"name": "Base1",
			"from": [ 4.0, 0.0, 4.0 ], 
			"to": [ 12.0, 1.0, 12.0 ], 
			"faces": {
				"north": { "texture": "#material", "uv": [ 5.0, 1.0, 13.0, 2.0 ] },
				"east": { "texture": "#material", "uv": [ 3.0, 15.0, 11.0, 16.0 ] },
				"south": { "texture": "#material", "uv": [ 2.0, 1.0, 10.0, 2.0 ] },
				"west": { "texture": "#material", "uv": [ 3.0, 1.0, 11.0, 2.0 ] },
				"up": { "texture": "#material", "uv": [ 4.0, 4.0, 12.0, 12.0 ] },
				"down": { "texture": "#material", "uv": [ 5.0, 6.0, 13.0, 14.0 ] }
			},
			"children": [
				{
					"name": "candle",
					"from": [ 3.0, 2.0, 3.0 ], 
					"to": [ 5.0, 6.0, 5.0 ], 
					"faces": {
						"north": { "texture": "#candle", "uv": [ 0.0, 12.0, 2.0, 16.0 ] },
						"east": { "texture": "#candle", "uv": [ 2.0, 12.0, 4.0, 16.0 ] },
						"south": { "texture": "#candle", "uv": [ 4.0, 12.0, 6.0, 16.0 ] },
						"west": { "texture": "#candle", "uv": [ 6.0, 12.0, 8.0, 16.0 ] },
						"up": { "texture": "#candle", "uv": [ 14.0, 0.0, 16.0, 2.0 ] },
						"down": { "texture": "#candle", "uv": [ 0.0, 0.0, 2.0, 2.0 ], "enabled": false }
					},
					"children": [
						{
							"name": "top",
							"from": [ 0.8, 4.0, 0.8 ], 
							"to": [ 1.2, 4.5, 1.2 ], 
							"faces": {
								"north": { "texture": "#candle", "uv": [ 0.0, 0.0, 0.0, 0.5 ], "glow": 128 },
								"east": { "texture": "#candle", "uv": [ 0.0, 0.0, 0.0, 0.5 ], "glow": 128 },
								"south": { "texture": "#candle", "uv": [ 0.0, 0.0, 0.0, 0.5 ], "glow": 128 },
								"west": { "texture": "#candle", "uv": [ 0.0, 0.0, 0.0, 0.5 ], "glow": 128 },
								"up": { "texture": "#candle", "uv": [ 0.0, 0.0, 0.0, 0.0 ], "glow": 128 },
								"down": { "texture": "#candle", "uv": [ 0.0, 0.0, 0.0, 0.0 ], "enabled": false }
							}
						}
					]
				},
				{
					"name": "base2",
					"from": [ 1.0, 1.0, 1.0 ], 
					"to": [ 7.0, 2.0, 7.0 ], 
					"faces": {
						"north": { "texture": "#material", "uv": [ 8.0, 0.0, 14.0, 1.0 ] },
						"east": { "texture": "#material", "uv": [ 2.0, 14.0, 8.0, 15.0 ] },
						"south": { "texture": "#material", "uv": [ 1.0, 0.0, 7.0, 1.0 ] },
						"west": { "texture": "#material", "uv": [ 5.0, 14.0, 11.0, 15.0 ] },
						"up": { "texture": "#lining", "uv": [ 5.0, 3.0, 11.0, 9.0 ] },
						"down": { "texture": "#material", "uv": [ 5.0, 5.0, 11.0, 11.0 ], "enabled": false }
					},
					"children": [
						{
							"name": "pillar 1",
							"from": [ 0.0, 1.0, 0.0 ], 
							"to": [ 1.0, 7.0, 1.0 ], 
							"faces": {
								"north": { "texture": "#material", "uv": [ 1.0, 5.0, 2.0, 11.0 ] },
								"east": { "texture": "#lining", "uv": [ 7.0, 4.0, 8.0, 10.0 ] },
								"south": { "texture": "#lining", "uv": [ 6.0, 3.0, 7.0, 9.0 ] },
								"west": { "texture": "#material", "uv": [ 14.0, 5.0, 15.0, 11.0 ] },
								"up": { "texture": "#material", "uv": [ 0.0, 0.0, 1.0, 1.0 ], "enabled": false },
								"down": { "texture": "#material", "uv": [ 0.0, 0.0, 1.0, 1.0 ], "enabled": false }
							}
						},
						{
							"name": "pillar 2",
							"from": [ 5.0, 1.0, 0.0 ], 
							"to": [ 6.0, 7.0, 1.0 ], 
							"faces": {
								"north": { "texture": "#material", "uv": [ 14.0, 2.0, 15.0, 8.0 ] },
								"east": { "texture": "#material", "uv": [ 1.0, 8.0, 2.0, 14.0 ] },
								"south": { "texture": "#lining", "uv": [ 6.0, 8.0, 7.0, 14.0 ] },
								"west": { "texture": "#lining", "uv": [ 10.0, 5.0, 11.0, 11.0 ] },
								"up": { "texture": "#material", "uv": [ 0.0, 0.0, 1.0, 1.0 ], "enabled": false },
								"down": { "texture": "#material", "uv": [ 0.0, 0.0, 1.0, 1.0 ], "enabled": false }
							}
						},
						{
							"name": "pillar 3",
							"from": [ 5.0, 1.0, 5.0 ], 
							"to": [ 6.0, 7.0, 6.0 ], 
							"faces": {
								"north": { "texture": "#lining", "uv": [ 5.0, 7.0, 6.0, 13.0 ] },
								"east": { "texture": "#material", "uv": [ 14.0, 8.0, 15.0, 14.0 ] },
								"south": { "texture": "#material", "uv": [ 1.0, 2.0, 2.0, 8.0 ] },
								"west": { "texture": "#lining", "uv": [ 10.0, 3.0, 11.0, 9.0 ] },
								"up": { "texture": "#material", "uv": [ 0.0, 0.0, 1.0, 1.0 ], "enabled": false },
								"down": { "texture": "#material", "uv": [ 0.0, 0.0, 1.0, 1.0 ], "enabled": false }
							}
						},
						{
							"name": "pillar 4",
							"from": [ 0.0, 1.0, 5.0 ], 
							"to": [ 1.0, 7.0, 6.0 ], 
							"faces": {
								"north": { "texture": "#lining", "uv": [ 8.0, 3.0, 9.0, 9.0 ] },
								"east": { "texture": "#lining", "uv": [ 6.0, 3.0, 7.0, 9.0 ] },
								"south": { "texture": "#material", "uv": [ 0.0, 3.0, 1.0, 9.0 ] },
								"west": { "texture": "#material", "uv": [ 1.0, 4.0, 2.0, 10.0 ] },
								"up": { "texture": "#material", "uv": [ 0.0, 0.0, 1.0, 1.0 ], "enabled": false },
								"down": { "texture": "#material", "uv": [ 0.0, 0.0, 1.0, 1.0 ], "enabled": false }
							}
						},
						{
							"name": "glass N",
							"from": [ 1.0, 1.0, 0.5 ], 
							"to": [ 5.0, 7.0, 0.5 ], 
							"renderPass": 3,
							"faces": {
								"north": { "texture": "#quartz", "uv": [ 7.0, 8.0, 11.0, 14.0 ], "glow": 128 },
								"east": { "texture": "#null", "uv": [ 0.0, 0.0, 0.0, 6.0 ], "enabled": false },
								"south": { "texture": "#null", "uv": [ 0.0, 0.0, 4.0, 6.0 ], "enabled": false },
								"west": { "texture": "#null", "uv": [ 0.0, 0.0, 0.0, 6.0 ], "enabled": false },
								"up": { "texture": "#quartz", "uv": [ 0.0, 0.0, 4.0, 0.0 ], "enabled": false },
								"down": { "texture": "#null", "uv": [ 0.0, 0.0, 4.0, 0.0 ], "enabled": false }
							}
						},
						{
							"name": "glass S",
							"from": [ 1.0, 1.0, 5.5 ], 
							"to": [ 5.0, 7.0, 5.5 ], 
							"renderPass": 3,
							"faces": {
								"north": { "texture": "#quartz", "uv": [ 8.0, 6.0, 12.0, 12.0 ], "glow": 128 },
								"east": { "texture": "#null", "uv": [ 0.0, 0.0, 0.0, 6.0 ], "enabled": false },
								"south": { "texture": "#null", "uv": [ 0.0, 0.0, 4.0, 6.0 ], "enabled": false },
								"west": { "texture": "#null", "uv": [ 0.0, 0.0, 0.0, 6.0 ], "enabled": false },
								"up": { "texture": "#quartz", "uv": [ 0.0, 0.0, 4.0, 0.0 ], "enabled": false },
								"down": { "texture": "#null", "uv": [ 0.0, 0.0, 4.0, 0.0 ], "enabled": false }
							}
						},
						{
							"name": "glass W",
							"from": [ 0.5, 1.0, 1.0 ], 
							"to": [ 0.5, 7.0, 5.0 ], 
							"renderPass": 3,
							"faces": {
								"north": { "texture": "#quartz", "uv": [ 8.0, 6.0, 8.0, 12.0 ], "enabled": false },
								"east": { "texture": "#null", "uv": [ 0.0, 0.0, 4.0, 6.0 ], "enabled": false },
								"south": { "texture": "#null", "uv": [ 0.0, 0.0, 0.0, 6.0 ], "enabled": false },
								"west": { "texture": "#quartz", "uv": [ 4.0, 2.0, 8.0, 8.0 ], "glow": 128 },
								"up": { "texture": "#quartz", "uv": [ 0.0, 0.0, 0.0, 4.0 ], "enabled": false },
								"down": { "texture": "#null", "uv": [ 0.0, 0.0, 0.0, 4.0 ], "enabled": false }
							}
						},
						{
							"name": "glass E",
							"from": [ 5.5, 1.0, 1.0 ], 
							"to": [ 5.5, 7.0, 5.0 ], 
							"renderPass": 3,
							"faces": {
								"north": { "texture": "#quartz", "uv": [ 8.0, 6.0, 8.0, 12.0 ], "enabled": false },
								"east": { "texture": "#null", "uv": [ 0.0, 0.0, 4.0, 6.0 ], "enabled": false },
								"south": { "texture": "#null", "uv": [ 0.0, 0.0, 0.0, 6.0 ], "enabled": false },
								"west": { "texture": "#quartz", "uv": [ 1.0, 4.0, 5.0, 10.0 ], "glow": 128 },
								"up": { "texture": "#quartz", "uv": [ 0.0, 0.0, 0.0, 4.0 ], "enabled": false },
								"down": { "texture": "#null", "uv": [ 0.0, 0.0, 0.0, 4.0 ], "enabled": false }
							}
						},
						{
							"name": "deco N",
							"from": [ 1.0, 1.0, 0.4 ], 
							"to": [ 5.0, 7.0, 0.4 ], 
							"renderPass": 1,
							"faces": {
								"north": { "texture": "#material-deco", "uv": [ 2.0, 9.0, 6.0, 15.0 ] },
								"east": { "texture": "#null", "uv": [ 0.0, 0.0, 0.0, 6.0 ], "enabled": false },
								"south": { "texture": "#null", "uv": [ 0.0, 0.0, 4.0, 6.0 ], "enabled": false },
								"west": { "texture": "#null", "uv": [ 0.0, 0.0, 0.0, 6.0 ], "enabled": false },
								"up": { "texture": "#quartz", "uv": [ 0.0, 0.0, 4.0, 0.0 ], "enabled": false },
								"down": { "texture": "#null", "uv": [ 0.0, 0.0, 4.0, 0.0 ], "enabled": false }
							}
						},
						{
							"name": "deco S",
							"from": [ 1.0, 1.0, 5.6 ], 
							"to": [ 5.0, 7.0, 5.6 ], 
							"renderPass": 1,
							"faces": {
								"north": { "texture": "#material-deco", "uv": [ 2.0, 1.5, 6.0, 7.5 ] },
								"east": { "texture": "#null", "uv": [ 0.0, 0.0, 0.0, 6.0 ], "enabled": false },
								"south": { "texture": "#null", "uv": [ 0.0, 0.0, 4.0, 6.0 ], "enabled": false },
								"west": { "texture": "#null", "uv": [ 0.0, 0.0, 0.0, 6.0 ], "enabled": false },
								"up": { "texture": "#quartz", "uv": [ 0.0, 0.0, 4.0, 0.0 ], "enabled": false },
								"down": { "texture": "#null", "uv": [ 0.0, 0.0, 4.0, 0.0 ], "enabled": false }
							}
						},
						{
							"name": "deco W",
							"from": [ 0.4, 1.0, 1.0 ], 
							"to": [ 0.4, 7.0, 5.0 ], 
							"renderPass": 1,
							"faces": {
								"north": { "texture": "#material-deco", "uv": [ 8.0, 6.0, 8.0, 12.0 ], "enabled": false },
								"east": { "texture": "#null", "uv": [ 0.0, 0.0, 4.0, 6.0 ], "enabled": false },
								"south": { "texture": "#null", "uv": [ 0.0, 0.0, 0.0, 6.0 ], "enabled": false },
								"west": { "texture": "#material-deco", "uv": [ 10.0, 1.5, 14.0, 7.5 ] },
								"up": { "texture": "#quartz", "uv": [ 0.0, 0.0, 0.0, 4.0 ], "enabled": false },
								"down": { "texture": "#null", "uv": [ 0.0, 0.0, 0.0, 4.0 ], "enabled": false }
							}
						},
						{
							"name": "deco E",
							"from": [ 5.6, 1.0, 1.0 ], 
							"to": [ 5.6, 7.0, 5.0 ], 
							"renderPass": 1,
							"faces": {
								"north": { "texture": "#material-deco", "uv": [ 8.0, 6.0, 8.0, 12.0 ], "enabled": false },
								"east": { "texture": "#null", "uv": [ 0.0, 0.0, 4.0, 6.0 ], "enabled": false },
								"south": { "texture": "#null", "uv": [ 0.0, 0.0, 0.0, 6.0 ], "enabled": false },
								"west": { "texture": "#material-deco", "uv": [ 10.0, 9.0, 14.0, 15.0 ] },
								"up": { "texture": "#quartz", "uv": [ 0.0, 0.0, 0.0, 4.0 ], "enabled": false },
								"down": { "texture": "#null", "uv": [ 0.0, 0.0, 0.0, 4.0 ], "enabled": false }
							}
						}
					]
				},
				{
					"name": "top 1",
					"from": [ 1.0, 8.0, 1.0 ], 
					"to": [ 7.0, 9.0, 7.0 ], 
					"faces": {
						"north": { "texture": "#material", "uv": [ 1.0, 15.0, 7.0, 16.0 ] },
						"east": { "texture": "#material", "uv": [ 8.0, 15.0, 14.0, 16.0 ] },
						"south": { "texture": "#material", "uv": [ 6.0, 1.0, 12.0, 2.0 ] },
						"west": { "texture": "#material", "uv": [ 1.0, 15.0, 7.0, 16.0 ] },
						"up": { "texture": "#material", "uv": [ 5.0, 3.0, 11.0, 9.0 ], "enabled": false },
						"down": { "texture": "#lining", "uv": [ 4.0, 8.0, 10.0, 14.0 ] }
					}
				},
				{
					"name": "top 2",
					"from": [ 0.0, 9.0, 0.0 ], 
					"to": [ 8.0, 10.0, 8.0 ], 
					"faces": {
						"north": { "texture": "#material", "uv": [ 2.0, 1.5, 10.0, 2.5 ] },
						"east": { "texture": "#material", "uv": [ 2.0, 14.0, 10.0, 15.0 ] },
						"south": { "texture": "#material", "uv": [ 3.0, 14.0, 11.0, 15.0 ] },
						"west": { "texture": "#material", "uv": [ 7.0, 0.0, 15.0, 1.0 ] },
						"up": { "texture": "#material", "uv": [ 5.0, 3.0, 13.0, 11.0 ] },
						"down": { "texture": "#material", "uv": [ 4.0, 6.0, 12.0, 14.0 ] }
					}
				},
				{
					"name": "top 3",
					"from": [ 2.0, 10.0, 2.0 ], 
					"to": [ 6.0, 11.0, 6.0 ], 
					"faces": {
						"north": { "texture": "#material", "uv": [ 4.0, 4.0, 8.0, 5.0 ] },
						"east": { "texture": "#material", "uv": [ 7.0, 8.0, 11.0, 9.0 ] },
						"south": { "texture": "#material", "uv": [ 7.0, 6.0, 11.0, 7.0 ] },
						"west": { "texture": "#material", "uv": [ 6.0, 5.0, 10.0, 6.0 ] },
						"up": { "texture": "#material", "uv": [ 6.0, 4.0, 10.0, 8.0 ] },
						"down": { "texture": "#material", "uv": [ 0.0, 0.0, 4.0, 4.0 ], "enabled": false }
					}
				}
			]
		},
		{
			"name": "Cube1",
			"from": [ 0.0, 0.0, 0.0 ], 
			"to": [ 16.0, 0.4, 16.0 ], 
			"faces": {
				"north": { "texture": "#material", "uv": [ 0.0, 0.0, 16.0, 0.0 ] },
				"east": { "texture": "#material", "uv": [ 0.0, 0.0, 16.0, 0.0 ] },
				"south": { "texture": "#material", "uv": [ 0.0, 0.0, 16.0, 0.0 ] },
				"west": { "texture": "#material", "uv": [ 0.0, 0.0, 16.0, 0.0 ] },
				"up": { "texture": "#material", "uv": [ 0.0, 0.0, 16.0, 16.0 ] },
				"down": { "texture": "#material", "uv": [ 0.0, 0.0, 16.0, 16.0 ] }
			},
			"children": [
				{
					"name": "Cube21",
					"from": [ 0.0, 15.6, 0.0 ], 
					"to": [ 16.0, 16.0, 16.0 ], 
					"faces": {
						"north": { "texture": "#Glasscase", "uv": [ 0.0, 0.0, 16.0, 0.0 ] },
						"east": { "texture": "#Glasscase", "uv": [ 0.0, 0.0, 16.0, 0.0 ] },
						"south": { "texture": "#Glasscase", "uv": [ 0.0, 0.0, 16.0, 0.0 ] },
						"west": { "texture": "#Glasscase", "uv": [ 0.0, 0.0, 16.0, 0.0 ] },
						"up": { "texture": "#Glasscase", "uv": [ 0.0, 0.0, 16.0, 16.0 ] },
						"down": { "texture": "#Glasscase", "uv": [ 0.0, 0.0, 16.0, 16.0 ] }
					}
				},
				{
					"name": "Cube22",
					"from": [ -15.6, 15.6, 0.0 ], 
					"to": [ -0.41, 16.0, 16.0 ], 
					"rotationOrigin": [ 0.0, 0.0, 0.0 ],
					"rotationZ": -90.0,
					"faces": {
						"north": { "texture": "#Glasscase", "uv": [ 0.0, 0.0, 15.0, 0.0 ] },
						"east": { "texture": "#Glasscase", "uv": [ 0.0, 0.0, 16.0, 0.0 ] },
						"south": { "texture": "#Glasscase", "uv": [ 0.0, 0.0, 15.0, 0.0 ] },
						"west": { "texture": "#Glasscase", "uv": [ 0.0, 0.0, 16.0, 0.0 ] },
						"up": { "texture": "#Glasscase", "uv": [ 0.0, 0.0, 15.0, 16.0 ] },
						"down": { "texture": "#Glasscase", "uv": [ 0.0, 0.0, 15.0, 16.0 ] }
					}
				},
				{
					"name": "Cube23",
					"from": [ -15.6, 0.0, 0.0 ], 
					"to": [ -0.41, 0.4, 16.0 ], 
					"rotationOrigin": [ 0.0, 0.0, 0.0 ],
					"rotationZ": -90.0,
					"faces": {
						"north": { "texture": "#Glasscase", "uv": [ 0.0, 0.0, 15.0, 0.0 ] },
						"east": { "texture": "#Glasscase", "uv": [ 0.0, 0.0, 16.0, 0.0 ] },
						"south": { "texture": "#Glasscase", "uv": [ 0.0, 0.0, 15.0, 0.0 ] },
						"west": { "texture": "#Glasscase", "uv": [ 0.0, 0.0, 16.0, 0.0 ] },
						"up": { "texture": "#Glasscase", "uv": [ 0.0, 0.0, 15.0, 16.0 ] },
						"down": { "texture": "#Glasscase", "uv": [ 0.0, 0.0, 15.0, 16.0 ] }
					}
				},
				{
					"name": "Cube24",
					"from": [ -15.6, -0.4, 0.0 ], 
					"to": [ -0.41, 0.0, 16.0 ], 
					"rotationOrigin": [ 0.0, 0.0, 0.0 ],
					"rotationY": 90.0,
					"rotationZ": -90.0,
					"faces": {
						"north": { "texture": "#Glasscase", "uv": [ 0.0, 0.0, 15.0, 0.0 ] },
						"east": { "texture": "#Glasscase", "uv": [ 0.0, 0.0, 16.0, 0.0 ] },
						"south": { "texture": "#Glasscase", "uv": [ 0.0, 0.0, 15.0, 0.0 ] },
						"west": { "texture": "#Glasscase", "uv": [ 0.0, 0.0, 16.0, 0.0 ] },
						"up": { "texture": "#Glasscase", "uv": [ 0.0, 0.0, 15.0, 16.0 ] },
						"down": { "texture": "#Glasscase", "uv": [ 0.0, 0.0, 15.0, 16.0 ] }
					}
				},
				{
					"name": "Cube25",
					"from": [ -15.6, -16.0, 0.0 ], 
					"to": [ -0.41, -15.6, 16.0 ], 
					"rotationOrigin": [ 0.0, 0.0, 0.0 ],
					"rotationY": 90.0,
					"rotationZ": -90.0,
					"faces": {
						"north": { "texture": "#Glasscase", "uv": [ 0.0, 0.0, 15.0, 0.0 ] },
						"east": { "texture": "#Glasscase", "uv": [ 0.0, 0.0, 16.0, 0.0 ] },
						"south": { "texture": "#Glasscase", "uv": [ 0.0, 0.0, 15.0, 0.0 ] },
						"west": { "texture": "#Glasscase", "uv": [ 0.0, 0.0, 16.0, 0.0 ] },
						"up": { "texture": "#Glasscase", "uv": [ 0.0, 0.0, 15.0, 16.0 ] },
						"down": { "texture": "#Glasscase", "uv": [ 0.0, 0.0, 15.0, 16.0 ] }
					}
				}
			]
		}
	]}