{
	"editor": {
		"allAngles": true,
		"singleTexture": true
	},
	"textureWidth": 64,
	"textureHeight": 64,
	"textures": {
	},
	"elements": [
		{
			"name": "Body",
			"from": [ 0.0, 7.0, 4.5 ], 
			"to": [ 9.0, 14.0, 11.5 ], 
			"unwrapMode": 5,
			"unwrapRotation": 1,
			"uv": [ 0.0, 0.0 ],
			"rotationOrigin": [ 6.0, 10.5, 8.5 ],
			"rotationZ": -4.0,
			"faces": {
				"north": { "texture": "#hyena", "uv": [ 0.0, 7.0, 7.0, 16.0 ], "rotation": 270 },
				"east": { "texture": "#hyena", "uv": [ 7.0, 0.0, 14.0, 7.0 ], "rotation": 180 },
				"south": { "texture": "#hyena", "uv": [ 14.0, 7.0, 21.0, 16.0 ], "rotation": 90 },
				"west": { "texture": "#hyena", "uv": [ 7.0, 16.0, 14.0, 23.0 ] },
				"up": { "texture": "#hyena", "uv": [ 7.0, 7.0, 14.0, 16.0 ], "rotation": 90 },
				"down": { "texture": "#hyena", "uv": [ 21.0, 7.0, 28.0, 16.0 ], "rotation": 270 }
			},
			"children": [
				{
					"name": "neck",
					"from": [ -4.0, 1.2, 1.0 ], 
					"to": [ 4.0, 6.2, 6.0 ], 
					"unwrapMode": 5,
					"unwrapRotation": 1,
					"uv": [ 1.0, 23.0 ],
					"rotationOrigin": [ 1.0, 3.7, 3.5 ],
					"rotationZ": -20.0,
					"faces": {
						"north": { "texture": "#hyena", "uv": [ 1.0, 28.0, 6.0, 36.0 ], "rotation": 270 },
						"east": { "texture": "#hyena", "uv": [ 6.0, 23.0, 11.0, 28.0 ], "rotation": 180, "enabled": false },
						"south": { "texture": "#hyena", "uv": [ 11.0, 28.0, 16.0, 36.0 ], "rotation": 90 },
						"west": { "texture": "#hyena", "uv": [ 6.0, 36.0, 11.0, 41.0 ] },
						"up": { "texture": "#hyena", "uv": [ 6.0, 28.0, 11.0, 36.0 ], "rotation": 90 },
						"down": { "texture": "#hyena", "uv": [ 16.0, 28.0, 21.0, 36.0 ], "rotation": 270 }
					},
					"children": [
						{
							"name": "head",
							"from": [ -3.0, 0.5, -0.1 ], 
							"to": [ 1.0, 5.5, 5.1 ], 
							"unwrapMode": 4,
							"uv": [ 45.0, 16.0 ],
							"rotationOrigin": [ 1.0, 3.2, 2.5 ],
							"rotationZ": 30.0,
							"faces": {
								"north": { "texture": "#hyena", "uv": [ 45.0, 20.0, 49.0, 25.0 ] },
								"east": { "texture": "#hyena", "uv": [ 58.0, 20.0, 63.0, 25.0 ] },
								"south": { "texture": "#hyena", "uv": [ 54.0, 20.0, 58.0, 25.0 ] },
								"west": { "texture": "#hyena", "uv": [ 49.0, 20.0, 54.0, 25.0 ] },
								"up": { "texture": "#hyena", "uv": [ 49.0, 16.0, 54.0, 20.0 ], "rotation": 90 },
								"down": { "texture": "#hyena", "uv": [ 49.0, 25.0, 54.0, 29.0 ], "rotation": 90 }
							},
							"children": [
								{
									"name": "mouth",
									"from": [ -3.0, 2.0, 1.0 ], 
									"to": [ 1.0, 5.0, 4.0 ], 
									"unwrapMode": 4,
									"uv": [ 44.0, 31.0 ],
									"rotationOrigin": [ 1.0, 3.0, 2.5 ],
									"rotationZ": 28.0,
									"faces": {
										"north": { "texture": "#hyena", "uv": [ 44.0, 35.0, 48.0, 38.0 ] },
										"east": { "texture": "#hyena", "uv": [ 55.0, 35.0, 58.0, 38.0 ], "enabled": false },
										"south": { "texture": "#hyena", "uv": [ 51.0, 35.0, 55.0, 38.0 ] },
										"west": { "texture": "#hyena", "uv": [ 48.0, 35.0, 51.0, 38.0 ] },
										"up": { "texture": "#hyena", "uv": [ 48.0, 31.0, 51.0, 35.0 ], "rotation": 90 },
										"down": { "texture": "#hyena", "uv": [ 48.0, 38.0, 51.0, 42.0 ], "rotation": 90 }
									},
									"children": [
										{
											"name": "jaw",
											"from": [ 0.3, -1.3, 0.5 ], 
											"to": [ 3.3, -0.3, 2.5 ], 
											"unwrapMode": 4,
											"uv": [ 56.0, 32.0 ],
											"rotationOrigin": [ 3.3, -0.8, 1.5 ],
											"rotationZ": -15.0,
											"faces": {
												"north": { "texture": "#hyena", "uv": [ 56.0, 35.0, 59.0, 36.0 ] },
												"east": { "texture": "#hyena", "uv": [ 64.0, 35.0, 66.0, 36.0 ], "enabled": false },
												"south": { "texture": "#hyena", "uv": [ 61.0, 35.0, 64.0, 36.0 ] },
												"west": { "texture": "#hyena", "uv": [ 59.0, 35.0, 61.0, 36.0 ] },
												"up": { "texture": "#hyena", "uv": [ 59.0, 32.0, 61.0, 35.0 ], "rotation": 90 },
												"down": { "texture": "#hyena", "uv": [ 59.0, 36.0, 61.0, 39.0 ], "rotation": 90 }
											}
										}
									]
								},
								{
									"name": "L ear",
									"from": [ 2.0, 4.0, 3.0 ], 
									"to": [ 3.0, 7.0, 6.0 ], 
									"unwrapMode": 4,
									"uv": [ 28.0, 29.0 ],
									"rotationOrigin": [ 2.5, 4.0, 4.5 ],
									"rotationX": 35.0,
									"rotationY": -10.0,
									"rotationZ": 8.0,
									"faces": {
										"north": { "texture": "#hyena", "uv": [ 28.0, 30.0, 29.0, 33.0 ] },
										"east": { "texture": "#hyena", "uv": [ 33.0, 30.0, 36.0, 33.0 ] },
										"south": { "texture": "#hyena", "uv": [ 32.0, 30.0, 33.0, 33.0 ] },
										"west": { "texture": "#hyena", "uv": [ 29.0, 30.0, 32.0, 33.0 ] },
										"up": { "texture": "#hyena", "uv": [ 29.0, 29.0, 32.0, 30.0 ], "rotation": 90 },
										"down": { "texture": "#hyena", "uv": [ 29.0, 33.0, 32.0, 34.0 ], "rotation": 90 }
									}
								},
								{
									"name": "R ear",
									"from": [ 2.0, 4.0, -1.0 ], 
									"to": [ 3.0, 7.0, 2.0 ], 
									"unwrapMode": 4,
									"uv": [ 28.0, 23.0 ],
									"rotationOrigin": [ 2.5, 4.0, 0.5 ],
									"rotationX": -35.0,
									"rotationY": 10.0,
									"rotationZ": 8.0,
									"faces": {
										"north": { "texture": "#hyena", "uv": [ 28.0, 24.0, 29.0, 27.0 ] },
										"east": { "texture": "#hyena", "uv": [ 33.0, 24.0, 36.0, 27.0 ] },
										"south": { "texture": "#hyena", "uv": [ 32.0, 24.0, 33.0, 27.0 ] },
										"west": { "texture": "#hyena", "uv": [ 29.0, 24.0, 32.0, 27.0 ] },
										"up": { "texture": "#hyena", "uv": [ 29.0, 23.0, 32.0, 24.0 ], "rotation": 90 },
										"down": { "texture": "#hyena", "uv": [ 29.0, 27.0, 32.0, 28.0 ], "rotation": 90 }
									}
								},
								{
									"name": "Hair head",
									"from": [ 1.0, 4.0, 2.6 ], 
									"to": [ 4.0, 6.0, 2.6 ], 
									"uv": [ 57.0, 2.0 ],
									"rotationOrigin": [ 1.0, 4.0, 2.6 ],
									"rotationZ": 15.0,
									"faces": {
										"north": { "texture": "#hyena", "uv": [ 57.0, 2.0, 60.0, 4.0 ] },
										"east": { "texture": "#hyena", "uv": [ 60.0, 2.0, 60.0, 4.0 ], "enabled": false },
										"south": { "texture": "#hyena", "uv": [ 60.0, 2.0, 63.0, 4.0 ] },
										"west": { "texture": "#hyena", "uv": [ 63.0, 2.0, 63.0, 4.0 ], "enabled": false },
										"up": { "texture": "#hyena", "uv": [ 57.0, 2.0, 60.0, 2.0 ], "enabled": false },
										"down": { "texture": "#hyena", "uv": [ 60.0, 2.0, 63.0, 2.0 ], "enabled": false }
									}
								}
							]
						},
						{
							"name": "Hair neck",
							"from": [ -0.7, 4.8, 2.5 ], 
							"to": [ 4.3, 6.8, 2.5 ], 
							"uv": [ 45.0, 2.0 ],
							"rotationOrigin": [ 2.3, 4.8, 2.3 ],
							"rotationZ": 6.0,
							"faces": {
								"north": { "texture": "#hyena", "uv": [ 45.0, 2.0, 50.0, 4.0 ] },
								"east": { "texture": "#hyena", "uv": [ 50.0, 2.0, 50.0, 4.0 ], "enabled": false },
								"south": { "texture": "#hyena", "uv": [ 50.0, 2.0, 55.0, 4.0 ] },
								"west": { "texture": "#hyena", "uv": [ 55.0, 2.0, 55.0, 4.0 ], "enabled": false },
								"up": { "texture": "#hyena", "uv": [ 45.0, 2.0, 50.0, 2.0 ], "enabled": false },
								"down": { "texture": "#hyena", "uv": [ 50.0, 2.0, 55.0, 2.0 ], "enabled": false }
							}
						}
					]
				},
				{
					"name": "abdomen",
					"from": [ 7.0, 0.7, 0.5 ], 
					"to": [ 14.0, 6.7, 6.5 ], 
					"unwrapMode": 5,
					"unwrapRotation": 1,
					"uv": [ 30.0, 1.0 ],
					"rotationOrigin": [ 7.0, 3.7, 3.5 ],
					"rotationZ": -10.0,
					"faces": {
						"north": { "texture": "#hyena", "uv": [ 30.0, 7.0, 36.0, 14.0 ], "rotation": 270 },
						"east": { "texture": "#hyena", "uv": [ 36.0, 1.0, 42.0, 7.0 ], "rotation": 180 },
						"south": { "texture": "#hyena", "uv": [ 42.0, 7.0, 48.0, 14.0 ], "rotation": 90 },
						"west": { "texture": "#hyena", "uv": [ 36.0, 14.0, 42.0, 20.0 ] },
						"up": { "texture": "#hyena", "uv": [ 36.0, 7.0, 42.0, 14.0 ], "rotation": 90 },
						"down": { "texture": "#hyena", "uv": [ 48.0, 7.0, 54.0, 14.0 ], "rotation": 270 }
					},
					"children": [
						{
							"name": "tail",
							"from": [ 6.3, 5.0, 2.5 ], 
							"to": [ 9.3, 6.0, 3.5 ], 
							"unwrapMode": 5,
							"unwrapRotation": 1,
							"uv": [ 57.0, 46.0 ],
							"rotationOrigin": [ 6.3, 5.5, 3.0 ],
							"rotationZ": -54.0,
							"faces": {
								"north": { "texture": "#hyena", "uv": [ 57.0, 47.0, 58.0, 50.0 ], "rotation": 270 },
								"east": { "texture": "#hyena", "uv": [ 58.0, 46.0, 59.0, 47.0 ], "rotation": 180, "enabled": false },
								"south": { "texture": "#hyena", "uv": [ 59.0, 47.0, 60.0, 50.0 ], "rotation": 90 },
								"west": { "texture": "#hyena", "uv": [ 58.0, 50.0, 59.0, 51.0 ], "enabled": false },
								"up": { "texture": "#hyena", "uv": [ 58.0, 47.0, 59.0, 50.0 ], "rotation": 90 },
								"down": { "texture": "#hyena", "uv": [ 60.0, 47.0, 61.0, 50.0 ], "rotation": 270 }
							},
							"children": [
								{
									"name": "Tail end",
									"from": [ 2.5, -0.7, -0.5 ], 
									"to": [ 7.5, 1.3, 1.5 ], 
									"unwrapMode": 5,
									"unwrapRotation": 1,
									"uv": [ 55.0, 52.0 ],
									"rotationOrigin": [ 2.5, 0.3, 0.5 ],
									"rotationZ": -20.0,
									"faces": {
										"north": { "texture": "#hyena", "uv": [ 55.0, 54.0, 57.0, 59.0 ], "rotation": 270 },
										"east": { "texture": "#hyena", "uv": [ 57.0, 52.0, 59.0, 54.0 ], "rotation": 180 },
										"south": { "texture": "#hyena", "uv": [ 59.0, 54.0, 61.0, 59.0 ], "rotation": 90 },
										"west": { "texture": "#hyena", "uv": [ 57.0, 59.0, 59.0, 61.0 ] },
										"up": { "texture": "#hyena", "uv": [ 57.0, 54.0, 59.0, 59.0 ], "rotation": 90 },
										"down": { "texture": "#hyena", "uv": [ 61.0, 54.0, 63.0, 59.0 ], "rotation": 270 }
									}
								}
							]
						},
						{
							"name": "L back leg",
							"from": [ 1.8, -2.4, 3.5 ], 
							"to": [ 4.8, 4.6, 6.5 ], 
							"unwrapMode": 2,
							"uv": [ 37.0, 40.0 ],
							"rotationOrigin": [ 3.3, 4.6, 5.0 ],
							"rotationX": 4.0,
							"rotationZ": 30.0,
							"faces": {
								"north": { "texture": "#hyena", "uv": [ 43.0, 43.0, 46.0, 50.0 ] },
								"east": { "texture": "#hyena", "uv": [ 40.0, 43.0, 43.0, 50.0 ] },
								"south": { "texture": "#hyena", "uv": [ 37.0, 43.0, 40.0, 50.0 ] },
								"west": { "texture": "#hyena", "uv": [ 46.0, 43.0, 49.0, 50.0 ] },
								"up": { "texture": "#hyena", "uv": [ 40.0, 40.0, 43.0, 43.0 ], "rotation": 270 },
								"down": { "texture": "#hyena", "uv": [ 40.0, 50.0, 43.0, 53.0 ], "rotation": 270 }
							},
							"children": [
								{
									"name": "L back feet",
									"from": [ 0.5, -4.5, 0.5 ], 
									"to": [ 2.3, 0.5, 2.3 ], 
									"unwrapMode": 2,
									"uv": [ 25.0, 56.0 ],
									"rotationOrigin": [ 1.4, 0.5, 1.4 ],
									"rotationX": -4.0,
									"rotationZ": -17.0,
									"faces": {
										"north": { "texture": "#hyena", "uv": [ 28.0, 57.5, 29.5, 62.5 ] },
										"east": { "texture": "#hyena", "uv": [ 26.5, 57.5, 28.0, 62.5 ] },
										"south": { "texture": "#hyena", "uv": [ 25.0, 57.5, 26.5, 62.5 ] },
										"west": { "texture": "#hyena", "uv": [ 29.5, 57.5, 31.0, 62.5 ] },
										"up": { "texture": "#hyena", "uv": [ 26.5, 56.0, 28.0, 57.5 ], "rotation": 270 },
										"down": { "texture": "#hyena", "uv": [ 26.5, 62.5, 28.0, 64.0 ], "rotation": 270 }
									}
								}
							]
						},
						{
							"name": "R back leg",
							"from": [ 1.8, -2.4, -0.5 ], 
							"to": [ 4.8, 4.6, 2.5 ], 
							"unwrapMode": 2,
							"uv": [ 24.0, 40.0 ],
							"rotationOrigin": [ 3.3, 4.6, 1.0 ],
							"rotationX": -4.0,
							"rotationZ": 30.0,
							"faces": {
								"north": { "texture": "#hyena", "uv": [ 30.0, 43.0, 33.0, 50.0 ] },
								"east": { "texture": "#hyena", "uv": [ 27.0, 43.0, 30.0, 50.0 ] },
								"south": { "texture": "#hyena", "uv": [ 24.0, 43.0, 27.0, 50.0 ] },
								"west": { "texture": "#hyena", "uv": [ 33.0, 43.0, 36.0, 50.0 ] },
								"up": { "texture": "#hyena", "uv": [ 27.0, 40.0, 30.0, 43.0 ], "rotation": 270 },
								"down": { "texture": "#hyena", "uv": [ 27.0, 50.0, 30.0, 53.0 ], "rotation": 270 }
							},
							"children": [
								{
									"name": "R back feet",
									"from": [ 0.5, -4.5, 0.7 ], 
									"to": [ 2.3, 0.5, 2.5 ], 
									"unwrapMode": 2,
									"uv": [ 38.0, 56.0 ],
									"rotationOrigin": [ 1.4, 0.5, 1.6 ],
									"rotationX": 4.0,
									"rotationZ": -17.0,
									"faces": {
										"north": { "texture": "#hyena", "uv": [ 41.0, 57.5, 42.5, 62.5 ] },
										"east": { "texture": "#hyena", "uv": [ 39.5, 57.5, 41.0, 62.5 ] },
										"south": { "texture": "#hyena", "uv": [ 38.0, 57.5, 39.5, 62.5 ] },
										"west": { "texture": "#hyena", "uv": [ 42.5, 57.5, 44.0, 62.5 ] },
										"up": { "texture": "#hyena", "uv": [ 39.5, 56.0, 41.0, 57.5 ], "rotation": 270 },
										"down": { "texture": "#hyena", "uv": [ 39.5, 62.5, 41.0, 64.0 ], "rotation": 270 }
									}
								}
							]
						}
					]
				},
				{
					"name": "L front leg",
					"from": [ 1.0, -1.4, 4.5 ], 
					"to": [ 4.0, 2.6, 6.5 ], 
					"unwrapMode": 4,
					"uv": [ 12.0, 43.0 ],
					"rotationOrigin": [ 2.5, 2.6, 5.5 ],
					"rotationX": 3.0,
					"rotationZ": 10.0,
					"faces": {
						"north": { "texture": "#hyena", "uv": [ 12.0, 46.0, 15.0, 50.0 ] },
						"east": { "texture": "#hyena", "uv": [ 20.0, 46.0, 22.0, 50.0 ] },
						"south": { "texture": "#hyena", "uv": [ 17.0, 46.0, 20.0, 50.0 ] },
						"west": { "texture": "#hyena", "uv": [ 15.0, 46.0, 17.0, 50.0 ] },
						"up": { "texture": "#hyena", "uv": [ 15.0, 43.0, 17.0, 46.0 ], "rotation": 90 },
						"down": { "texture": "#hyena", "uv": [ 15.0, 50.0, 17.0, 53.0 ], "rotation": 90 }
					},
					"children": [
						{
							"name": "L front feet",
							"from": [ 0.5, -6.0, 0.1 ], 
							"to": [ 2.3, 1.0, 1.9 ], 
							"unwrapMode": 4,
							"uv": [ 13.0, 54.0 ],
							"rotationOrigin": [ 1.5, 1.0, 1.0 ],
							"rotationX": -3.0,
							"rotationZ": -5.0,
							"faces": {
								"north": { "texture": "#hyena", "uv": [ 13.0, 55.5, 14.5, 62.5 ] },
								"east": { "texture": "#hyena", "uv": [ 17.5, 55.5, 19.0, 62.5 ] },
								"south": { "texture": "#hyena", "uv": [ 16.0, 55.5, 17.5, 62.5 ] },
								"west": { "texture": "#hyena", "uv": [ 14.5, 55.5, 16.0, 62.5 ] },
								"up": { "texture": "#hyena", "uv": [ 14.5, 54.0, 16.0, 55.5 ], "rotation": 90 },
								"down": { "texture": "#hyena", "uv": [ 14.5, 62.5, 16.0, 64.0 ], "rotation": 90 }
							}
						}
					]
				},
				{
					"name": "R front leg",
					"from": [ 1.0, -1.4, 0.5 ], 
					"to": [ 4.0, 2.6, 2.5 ], 
					"unwrapMode": 4,
					"uv": [ 1.0, 43.0 ],
					"rotationOrigin": [ 2.5, 2.6, 1.5 ],
					"rotationX": -3.0,
					"rotationZ": 10.0,
					"faces": {
						"north": { "texture": "#hyena", "uv": [ 1.0, 46.0, 4.0, 50.0 ] },
						"east": { "texture": "#hyena", "uv": [ 9.0, 46.0, 11.0, 50.0 ] },
						"south": { "texture": "#hyena", "uv": [ 6.0, 46.0, 9.0, 50.0 ] },
						"west": { "texture": "#hyena", "uv": [ 4.0, 46.0, 6.0, 50.0 ] },
						"up": { "texture": "#hyena", "uv": [ 4.0, 43.0, 6.0, 46.0 ], "rotation": 90 },
						"down": { "texture": "#hyena", "uv": [ 4.0, 50.0, 6.0, 53.0 ], "rotation": 90 }
					},
					"children": [
						{
							"name": "R front feet",
							"from": [ 0.5, -6.0, 0.1 ], 
							"to": [ 2.3, 1.0, 1.9 ], 
							"unwrapMode": 4,
							"uv": [ 2.0, 54.0 ],
							"rotationOrigin": [ 1.4, 1.0, 1.0 ],
							"rotationX": 3.0,
							"rotationZ": -5.0,
							"faces": {
								"north": { "texture": "#hyena", "uv": [ 2.0, 55.5, 3.5, 62.5 ] },
								"east": { "texture": "#hyena", "uv": [ 6.5, 55.5, 8.0, 62.5 ] },
								"south": { "texture": "#hyena", "uv": [ 5.0, 55.5, 6.5, 62.5 ] },
								"west": { "texture": "#hyena", "uv": [ 3.5, 55.5, 5.0, 62.5 ] },
								"up": { "texture": "#hyena", "uv": [ 3.5, 54.0, 5.0, 55.5 ], "rotation": 90 },
								"down": { "texture": "#hyena", "uv": [ 3.5, 62.5, 5.0, 64.0 ], "rotation": 90 }
							}
						}
					]
				},
				{
					"name": "Hair body",
					"from": [ 1.0, 6.3, 3.5 ], 
					"to": [ 7.0, 8.3, 3.5 ], 
					"uv": [ 20.0, 2.0 ],
					"rotationOrigin": [ 1.0, 6.3, 3.5 ],
					"rotationZ": -4.0,
					"faces": {
						"north": { "texture": "#hyena", "uv": [ 20.0, 2.0, 26.0, 4.0 ] },
						"east": { "texture": "#hyena", "uv": [ 26.0, 2.0, 26.0, 4.0 ], "enabled": false },
						"south": { "texture": "#hyena", "uv": [ 26.0, 2.0, 32.0, 4.0 ] },
						"west": { "texture": "#hyena", "uv": [ 26.0, 2.0, 26.0, 4.0 ], "enabled": false },
						"up": { "texture": "#hyena", "uv": [ 20.0, 2.0, 26.0, 2.0 ], "enabled": false },
						"down": { "texture": "#hyena", "uv": [ 26.0, 2.0, 32.0, 2.0 ], "enabled": false }
					}
				}
			]
		}
	],
	"animations": [
		{
			"name": "Walk",
			"code": "walk",
			"quantityframes": 40,
			"onActivityStopped": "EaseOut",
			"onAnimationEnd": "Repeat",
			"keyframes": [
				{
					"frame": 0,
					"elements": {
						"Body": { "offsetX": 0.0, "offsetY": 0.0, "offsetZ": 0.0, "rotationX": -1.0, "rotationY": 0.0, "rotationZ": 0.0 },
						"abdomen": { "offsetX": 0.0, "offsetY": 0.0, "offsetZ": 0.0, "rotationX": 3.0, "rotationY": 0.0, "rotationZ": 0.0 },
						"L back leg": { "offsetX": -1.5, "offsetY": 1.5, "offsetZ": 0.0, "rotationX": 0.0, "rotationY": 0.0, "rotationZ": 11.0 },
						"L back feet": { "offsetX": 0.0, "offsetY": 0.0, "offsetZ": 0.0, "rotationX": 0.0, "rotationY": 0.0, "rotationZ": -22.0 },
						"tail": { "offsetX": 0.0, "offsetY": 0.0, "offsetZ": 0.0, "rotationX": 0.0, "rotationY": 1.0, "rotationZ": 2.0 },
						"R back leg": { "offsetX": -1.0, "offsetY": 0.0, "offsetZ": 0.0, "rotationX": 0.0, "rotationY": 0.0, "rotationZ": 8.0 },
						"R back feet": { "offsetX": 0.0, "offsetY": 0.0, "offsetZ": 0.0, "rotationX": 0.0, "rotationY": 0.0, "rotationZ": 0.0 },
						"neck": { "offsetX": 0.0, "offsetY": 0.0, "offsetZ": 0.0, "rotationX": 0.0, "rotationY": 0.0, "rotationZ": 6.0 },
						"head": { "offsetX": 0.0, "offsetY": 0.0, "offsetZ": 0.0, "rotationX": 0.0, "rotationY": 0.0, "rotationZ": 0.0 },
						"L ear": { "offsetX": -1.0, "offsetY": 0.0, "offsetZ": 0.0, "rotationX": 0.0, "rotationY": 0.0, "rotationZ": -50.0 },
						"R ear": { "offsetX": -1.0, "offsetY": 0.0, "offsetZ": 0.5, "rotationX": 0.0, "rotationY": 0.0, "rotationZ": -50.0 },
						"L front leg": { "offsetX": 2.0, "offsetY": 1.5, "offsetZ": 0.0, "rotationX": 0.0, "rotationY": 0.0, "rotationZ": -35.0 },
						"L front feet": { "offsetX": 0.0, "offsetY": 1.0, "offsetZ": 0.0, "rotationX": 0.0, "rotationY": 0.0, "rotationZ": 57.0 },
						"R front leg": { "offsetX": -1.0, "offsetY": 0.3, "offsetZ": 0.0, "rotationX": 3.0, "rotationY": 0.0, "rotationZ": 0.0 },
						"R front feet": { "offsetX": 0.0, "offsetY": 0.0, "offsetZ": 0.0, "rotationX": 0.0, "rotationY": 0.0, "rotationZ": 0.0 }
					}
				},
				{
					"frame": 10,
					"elements": {
						"Body": { "offsetX": 0.0, "offsetY": 0.4, "offsetZ": 0.0, "rotationX": 0.0, "rotationY": 0.0, "rotationZ": 3.0 },
						"abdomen": { "offsetX": 0.0, "offsetY": 0.0, "offsetZ": 0.0, "rotationX": 0.0, "rotationY": 0.0, "rotationZ": 0.0 },
						"L back leg": { "offsetX": -3.0, "offsetY": -0.5, "offsetZ": 0.0, "rotationX": 0.0, "rotationY": 0.0, "rotationZ": -17.0 },
						"L back feet": { "offsetX": 0.0, "offsetY": 0.0, "offsetZ": 0.0, "rotationX": 0.0, "rotationY": 0.0, "rotationZ": 0.0 },
						"tail": { "offsetX": 0.0, "offsetY": 0.0, "offsetZ": 0.0, "rotationX": 0.0, "rotationY": 0.0, "rotationZ": 8.0 },
						"R back leg": { "offsetX": 0.0, "offsetY": -2.0, "offsetZ": 0.0, "rotationX": 0.0, "rotationY": 0.0, "rotationZ": 15.0 },
						"R back feet": { "offsetX": 0.0, "offsetY": 0.0, "offsetZ": 0.0, "rotationX": 0.0, "rotationY": 0.0, "rotationZ": 0.0 },
						"neck": { "offsetX": 0.0, "offsetY": 0.0, "offsetZ": 0.0, "rotationX": 0.0, "rotationY": 0.0, "rotationZ": 0.0 },
						"head": { "offsetX": 0.0, "offsetY": 0.0, "offsetZ": 0.0, "rotationX": 0.0, "rotationY": 0.0, "rotationZ": 0.0 },
						"L ear": { "offsetX": -1.0, "offsetY": 0.0, "offsetZ": 0.0, "rotationX": 0.0, "rotationY": 0.0, "rotationZ": -40.0 },
						"R ear": { "offsetX": -1.0, "offsetY": 0.0, "offsetZ": 0.5, "rotationX": 0.0, "rotationY": 0.0, "rotationZ": -40.0 },
						"L front leg": { "offsetX": -1.0, "offsetY": -1.0, "offsetZ": 0.0, "rotationX": 0.0, "rotationY": 0.0, "rotationZ": -30.0 },
						"L front feet": { "offsetX": 0.0, "offsetY": 0.0, "offsetZ": 0.0, "rotationX": 0.0, "rotationY": 0.0, "rotationZ": 0.0 },
						"R front leg": { "offsetX": 2.0, "offsetY": -1.6, "offsetZ": 0.0, "rotationX": 0.0, "rotationY": 0.0, "rotationZ": 19.0 },
						"R front feet": { "offsetX": 0.0, "offsetY": 0.0, "offsetZ": 0.0, "rotationX": 0.0, "rotationY": 0.0, "rotationZ": -8.0 }
					}
				},
				{
					"frame": 20,
					"elements": {
						"Body": { "offsetX": 0.0, "offsetY": 0.0, "offsetZ": 0.0, "rotationX": 1.0, "rotationY": 0.0, "rotationZ": 0.0 },
						"abdomen": { "offsetX": 0.0, "offsetY": 0.0, "offsetZ": 0.0, "rotationX": -3.0, "rotationY": 0.0, "rotationZ": 0.0 },
						"L back leg": { "offsetX": -3.0, "offsetY": 0.8, "offsetZ": 0.0, "rotationX": 0.0, "rotationY": 0.0, "rotationZ": 8.0 },
						"L back feet": { "offsetX": 0.0, "offsetY": 0.0, "offsetZ": 0.0, "rotationX": 0.0, "rotationY": 0.0, "rotationZ": 0.0 },
						"tail": { "offsetX": 0.0, "offsetY": 0.0, "offsetZ": 0.0, "rotationX": 0.0, "rotationY": -1.0, "rotationZ": 2.0 },
						"R back leg": { "offsetX": -1.5, "offsetY": 1.5, "offsetZ": 0.0, "rotationX": 0.0, "rotationY": 0.0, "rotationZ": 11.0 },
						"R back feet": { "offsetX": 0.0, "offsetY": 0.0, "offsetZ": 0.0, "rotationX": 0.0, "rotationY": 0.0, "rotationZ": -22.0 },
						"neck": { "offsetX": 0.0, "offsetY": 0.0, "offsetZ": 0.0, "rotationX": 0.0, "rotationY": 0.0, "rotationZ": 6.0 },
						"head": { "offsetX": 0.0, "offsetY": 0.0, "offsetZ": 0.0, "rotationX": 0.0, "rotationY": 0.0, "rotationZ": 0.0 },
						"L ear": { "offsetX": -1.0, "offsetY": 0.0, "offsetZ": 0.0, "rotationX": 0.0, "rotationY": 0.0, "rotationZ": -50.0 },
						"R ear": { "offsetX": -1.0, "offsetY": 0.0, "offsetZ": 0.5, "rotationX": 0.0, "rotationY": 0.0, "rotationZ": -50.0 },
						"L front leg": { "offsetX": -1.0, "offsetY": 0.3, "offsetZ": 0.0, "rotationX": -3.0, "rotationY": 0.0, "rotationZ": 0.0 },
						"L front feet": { "offsetX": 0.0, "offsetY": 0.0, "offsetZ": 0.0, "rotationX": 0.0, "rotationY": 0.0, "rotationZ": 0.0 },
						"R front leg": { "offsetX": 2.0, "offsetY": 1.2, "offsetZ": 0.0, "rotationX": 0.0, "rotationY": 0.0, "rotationZ": -35.0 },
						"R front feet": { "offsetX": 0.0, "offsetY": 1.0, "offsetZ": 0.0, "rotationX": 0.0, "rotationY": 0.0, "rotationZ": 57.0 }
					}
				},
				{
					"frame": 30,
					"elements": {
						"Body": { "offsetX": 0.0, "offsetY": 0.4, "offsetZ": 0.0, "rotationX": 0.0, "rotationY": 0.0, "rotationZ": 3.0 },
						"abdomen": { "offsetX": 0.0, "offsetY": 0.0, "offsetZ": 0.0, "rotationX": 0.0, "rotationY": 0.0, "rotationZ": 0.0 },
						"L back leg": { "offsetX": 0.0, "offsetY": -2.0, "offsetZ": 0.0, "rotationX": 0.0, "rotationY": 0.0, "rotationZ": 15.0 },
						"L back feet": { "offsetX": 0.0, "offsetY": 0.0, "offsetZ": 0.0, "rotationX": 0.0, "rotationY": 0.0, "rotationZ": 0.0 },
						"tail": { "offsetX": 0.0, "offsetY": 0.0, "offsetZ": 0.0, "rotationX": 0.0, "rotationY": 0.0, "rotationZ": 8.0 },
						"R back leg": { "offsetX": -3.0, "offsetY": -0.5, "offsetZ": 0.0, "rotationX": 0.0, "rotationY": 0.0, "rotationZ": -17.0 },
						"R back feet": { "offsetX": 0.0, "offsetY": 0.0, "offsetZ": 0.0, "rotationX": 0.0, "rotationY": 0.0, "rotationZ": 0.0 },
						"neck": { "offsetX": 0.0, "offsetY": 0.0, "offsetZ": 0.0, "rotationX": 0.0, "rotationY": 0.0, "rotationZ": 0.0 },
						"head": { "offsetX": 0.0, "offsetY": 0.0, "offsetZ": 0.0, "rotationX": 0.0, "rotationY": 0.0, "rotationZ": 0.0 },
						"L ear": { "offsetX": -1.0, "offsetY": 0.0, "offsetZ": 0.0, "rotationX": 0.0, "rotationY": 0.0, "rotationZ": -40.0 },
						"R ear": { "offsetX": -1.0, "offsetY": 0.0, "offsetZ": 0.5, "rotationX": 0.0, "rotationY": 0.0, "rotationZ": -40.0 },
						"L front leg": { "offsetX": 2.0, "offsetY": -1.6, "offsetZ": 0.0, "rotationX": 0.0, "rotationY": 0.0, "rotationZ": 19.0 },
						"L front feet": { "offsetX": 0.0, "offsetY": 0.0, "offsetZ": 0.0, "rotationX": 0.0, "rotationY": 0.0, "rotationZ": -8.0 },
						"R front leg": { "offsetX": -1.0, "offsetY": -1.0, "offsetZ": 0.0, "rotationX": 0.0, "rotationY": 0.0, "rotationZ": -30.0 },
						"R front feet": { "offsetX": 0.0, "offsetY": 0.0, "offsetZ": 0.0, "rotationX": 0.0, "rotationY": 0.0, "rotationZ": 0.0 }
					}
				}
			]
		},

		{
			"name": "Sniff",
			"code": "sniff",
			"quantityframes": 120,
			"onActivityStopped": "Stop",
			"onAnimationEnd": "Stop",
			"keyframes": [
				{
					"frame": 0,
					"elements": {
						"Body": { "offsetX": 0.0, "offsetY": 0.0, "offsetZ": 0.0, "rotationX": 0.0, "rotationY": 0.0, "rotationZ": 0.0 },
						"abdomen": { "offsetX": 0.0, "offsetY": 0.0, "offsetZ": 0.0, "rotationX": 0.0, "rotationY": 0.0, "rotationZ": 0.0 },
						"L back leg": { "offsetX": 0.0, "offsetY": 0.0, "offsetZ": 0.0, "rotationX": 0.0, "rotationY": 0.0, "rotationZ": 0.0 },
						"L back feet": { "offsetX": 0.0, "offsetY": 0.0, "offsetZ": 0.0, "rotationX": 0.0, "rotationY": 0.0, "rotationZ": 0.0 },
						"tail": { "offsetX": 0.0, "offsetY": 0.0, "offsetZ": 0.0, "rotationX": 0.0, "rotationY": 0.0, "rotationZ": 0.0 },
						"neck": { "offsetX": 0.0, "offsetY": 0.0, "offsetZ": 0.0, "rotationX": 0.0, "rotationY": 0.0, "rotationZ": 0.0 },
						"head": { "offsetX": 0.0, "offsetY": 0.0, "offsetZ": 0.0, "rotationX": 0.0, "rotationY": 0.0, "rotationZ": 0.0 },
						"L ear": { "offsetX": 0.0, "offsetY": 0.0, "offsetZ": 0.0, "rotationX": 0.0, "rotationY": 0.0, "rotationZ": 0.0 },
						"R ear": { "offsetX": 0.0, "offsetY": 0.0, "offsetZ": 0.0, "rotationX": 0.0, "rotationY": 0.0, "rotationZ": 0.0 },
						"L front leg": { "offsetX": 0.0, "offsetY": 0.0, "offsetZ": 0.0, "rotationX": 0.0, "rotationY": 0.0, "rotationZ": 0.0 },
						"L front feet": { "offsetX": 0.0, "offsetY": 0.0, "offsetZ": 0.0, "rotationX": 0.0, "rotationY": 0.0, "rotationZ": 0.0 },
						"R front leg": { "offsetX": 0.0, "offsetY": 0.0, "offsetZ": 0.0, "rotationX": 0.0, "rotationY": 0.0, "rotationZ": 0.0 },
						"R front feet": { "offsetX": 0.0, "offsetY": 0.0, "offsetZ": 0.0, "rotationX": 0.0, "rotationY": 0.0, "rotationZ": 0.0 }
					}
				},
				{
					"frame": 18,
					"elements": {
						"Body": { "offsetX": -1.0, "offsetY": -1.0, "offsetZ": 0.0, "rotationX": 0.0, "rotationY": 0.0, "rotationZ": 8.0 },
						"abdomen": { "offsetX": 0.0, "offsetY": 0.0, "offsetZ": 0.0, "rotationX": 0.0, "rotationY": 0.0, "rotationZ": 0.0 },
						"L back leg": { "offsetX": 0.0, "offsetY": 0.0, "offsetZ": 0.0, "rotationX": 0.0, "rotationY": 0.0, "rotationZ": 6.0 },
						"L back feet": { "offsetX": 0.0, "offsetY": 0.0, "offsetZ": 0.0, "rotationX": 0.0, "rotationY": 0.0, "rotationZ": -11.0 },
						"tail": { "offsetX": 0.0, "offsetY": 0.0, "offsetZ": 0.0, "rotationX": 0.0, "rotationY": 0.0, "rotationZ": 11.0 },
						"neck": { "offsetX": 0.0, "offsetY": 0.0, "offsetZ": 0.0, "rotationX": 0.0, "rotationY": 0.0, "rotationZ": 28.0 },
						"head": { "offsetX": 0.0, "offsetY": 0.0, "offsetZ": 0.0, "rotationX": 0.0, "rotationY": 0.0, "rotationZ": -42.0 },
						"L ear": { "offsetX": 0.0, "offsetY": 0.0, "offsetZ": 0.0, "rotationX": 0.0, "rotationY": 0.0, "rotationZ": -25.0 },
						"R ear": { "offsetX": 0.0, "offsetY": 0.0, "offsetZ": 0.0, "rotationX": 0.0, "rotationY": 0.0, "rotationZ": -25.0 },
						"L front leg": { "offsetX": 0.0, "offsetY": 0.0, "offsetZ": 1.0, "rotationX": 0.0, "rotationY": 11.0, "rotationZ": 33.0 },
						"L front feet": { "offsetX": 0.0, "offsetY": 0.5, "offsetZ": 0.0, "rotationX": 0.0, "rotationY": 0.0, "rotationZ": -55.0 },
						"R front leg": { "offsetX": 0.0, "offsetY": 0.0, "offsetZ": -1.0, "rotationX": 0.0, "rotationY": -11.0, "rotationZ": 33.0 },
						"R front feet": { "offsetX": 0.0, "offsetY": 0.7, "offsetZ": 0.0, "rotationX": 0.0, "rotationY": 0.0, "rotationZ": -55.0 }
					}
				},
				{
					"frame": 23,
					"elements": {
						"Body": { "offsetX": -1.0, "offsetY": -1.0, "offsetZ": 0.0, "rotationX": 0.0, "rotationY": 0.0, "rotationZ": 8.0 },
						"abdomen": { "offsetX": 0.0, "offsetY": 0.0, "offsetZ": 0.0, "rotationX": 0.0, "rotationY": 0.0, "rotationZ": 0.0 },
						"L back leg": { "offsetX": 0.0, "offsetY": 0.0, "offsetZ": 0.0, "rotationX": 0.0, "rotationY": 0.0, "rotationZ": 6.0 },
						"L back feet": { "offsetX": 0.0, "offsetY": 0.0, "offsetZ": 0.0, "rotationX": 0.0, "rotationY": 0.0, "rotationZ": -11.0 },
						"tail": { "offsetX": 0.0, "offsetY": 0.0, "offsetZ": 0.0, "rotationX": 0.0, "rotationY": 0.0, "rotationZ": 11.0 },
						"neck": { "offsetX": 0.0, "offsetY": 0.0, "offsetZ": 0.0, "rotationX": 0.0, "rotationY": 0.0, "rotationZ": 28.0 },
						"head": { "offsetX": 0.0, "offsetY": 0.0, "offsetZ": 0.0, "rotationX": 0.0, "rotationY": 0.0, "rotationZ": -42.0 },
						"L ear": { "offsetX": 0.0, "offsetY": 0.0, "offsetZ": 0.0, "rotationX": 0.0, "rotationY": 0.0, "rotationZ": -25.0 },
						"L front leg": { "offsetX": 0.0, "offsetY": 0.0, "offsetZ": 1.0, "rotationX": 0.0, "rotationY": 11.0, "rotationZ": 33.0 },
						"L front feet": { "offsetX": 0.0, "offsetY": 0.5, "offsetZ": 0.0, "rotationX": 0.0, "rotationY": 0.0, "rotationZ": -55.0 },
						"R front leg": { "offsetX": 0.0, "offsetY": 0.0, "offsetZ": -1.0, "rotationX": 0.0, "rotationY": -11.0, "rotationZ": 33.0 },
						"R front feet": { "offsetX": 0.0, "offsetY": 0.7, "offsetZ": 0.0, "rotationX": 0.0, "rotationY": 0.0, "rotationZ": -55.0 }
					}
				},
				{
					"frame": 38,
					"elements": {
						"Body": { "offsetX": -1.0, "offsetY": -1.0, "offsetZ": 0.0, "rotationX": -6.0, "rotationY": 3.0, "rotationZ": 8.0 },
						"abdomen": { "offsetX": 0.0, "offsetY": 0.0, "offsetZ": 0.0, "rotationX": 6.0, "rotationY": -3.0, "rotationZ": 0.0 },
						"L back leg": { "offsetX": 0.0, "offsetY": 0.0, "offsetZ": 0.0, "rotationX": 0.0, "rotationY": 0.0, "rotationZ": 6.0 },
						"L back feet": { "offsetX": 0.0, "offsetY": 0.0, "offsetZ": 0.0, "rotationX": 0.0, "rotationY": 0.0, "rotationZ": -11.0 },
						"tail": { "offsetX": 0.0, "offsetY": 0.0, "offsetZ": 0.0, "rotationX": 0.0, "rotationY": 6.0, "rotationZ": 11.0 },
						"neck": { "offsetX": 0.0, "offsetY": 0.0, "offsetZ": 0.0, "rotationX": 0.0, "rotationY": 28.0, "rotationZ": 28.0 },
						"head": { "offsetX": 0.0, "offsetY": 0.0, "offsetZ": 0.0, "rotationX": 0.0, "rotationY": 16.0, "rotationZ": -42.0 },
						"L ear": { "offsetX": 0.0, "offsetY": 0.0, "offsetZ": 0.0, "rotationX": 0.0, "rotationY": 0.0, "rotationZ": -25.0 },
						"L front leg": { "offsetX": 0.0, "offsetY": 0.0, "offsetZ": 1.0, "rotationX": 6.0, "rotationY": 11.0, "rotationZ": 33.0 },
						"L front feet": { "offsetX": 0.0, "offsetY": 0.5, "offsetZ": 0.0, "rotationX": 0.0, "rotationY": 0.0, "rotationZ": -55.0 },
						"R front leg": { "offsetX": 0.0, "offsetY": 0.0, "offsetZ": -1.0, "rotationX": 6.0, "rotationY": -11.0, "rotationZ": 33.0 },
						"R front feet": { "offsetX": 0.0, "offsetY": 0.9, "offsetZ": 0.0, "rotationX": 0.0, "rotationY": 0.0, "rotationZ": -55.0 }
					}
				},
				{
					"frame": 41,
					"elements": {
						"Body": { "offsetX": -1.0, "offsetY": -1.0, "offsetZ": 0.0, "rotationX": -6.0, "rotationY": 3.0, "rotationZ": 8.0 },
						"abdomen": { "offsetX": 0.0, "offsetY": 0.0, "offsetZ": 0.0, "rotationX": 6.0, "rotationY": -3.0, "rotationZ": 0.0 },
						"L back leg": { "offsetX": 0.0, "offsetY": 0.0, "offsetZ": 0.0, "rotationX": 0.0, "rotationY": 0.0, "rotationZ": 6.0 },
						"L back feet": { "offsetX": 0.0, "offsetY": 0.0, "offsetZ": 0.0, "rotationX": 0.0, "rotationY": 0.0, "rotationZ": -11.0 },
						"tail": { "offsetX": 0.0, "offsetY": 0.0, "offsetZ": 0.0, "rotationX": 0.0, "rotationY": 6.0, "rotationZ": 11.0 },
						"neck": { "offsetX": 0.0, "offsetY": 0.0, "offsetZ": 0.0, "rotationX": 0.0, "rotationY": 28.0, "rotationZ": 28.0 },
						"head": { "offsetX": 0.0, "offsetY": 0.0, "offsetZ": 0.0, "rotationX": 0.0, "rotationY": 16.0, "rotationZ": -42.0 },
						"L ear": { "offsetX": 0.0, "offsetY": 0.0, "offsetZ": 0.0, "rotationX": 0.0, "rotationY": 0.0, "rotationZ": -25.0 },
						"R ear": { "offsetX": 0.0, "offsetY": 0.0, "offsetZ": 0.0, "rotationX": 0.0, "rotationY": 0.0, "rotationZ": -25.0 },
						"L front leg": { "offsetX": 0.0, "offsetY": 0.0, "offsetZ": 1.0, "rotationX": 6.0, "rotationY": 11.0, "rotationZ": 33.0 },
						"L front feet": { "offsetX": 0.0, "offsetY": 0.5, "offsetZ": 0.0, "rotationX": 0.0, "rotationY": 0.0, "rotationZ": -55.0 },
						"R front leg": { "offsetX": 0.0, "offsetY": 0.0, "offsetZ": -1.0, "rotationX": 6.0, "rotationY": -11.0, "rotationZ": 33.0 },
						"R front feet": { "offsetX": 0.0, "offsetY": 0.9, "offsetZ": 0.0, "rotationX": 0.0, "rotationY": 0.0, "rotationZ": -55.0 }
					}
				},
				{
					"frame": 45,
					"elements": {
						"Body": { "offsetX": -1.0, "offsetY": -1.0, "offsetZ": 0.0, "rotationX": -6.0, "rotationY": 3.0, "rotationZ": 8.0 },
						"abdomen": { "offsetX": 0.0, "offsetY": 0.0, "offsetZ": 0.0, "rotationX": 6.0, "rotationY": -3.0, "rotationZ": 0.0 },
						"L back leg": { "offsetX": 0.0, "offsetY": 0.0, "offsetZ": 0.0, "rotationX": 0.0, "rotationY": 0.0, "rotationZ": 6.0 },
						"L back feet": { "offsetX": 0.0, "offsetY": 0.0, "offsetZ": 0.0, "rotationX": 0.0, "rotationY": 0.0, "rotationZ": -11.0 },
						"tail": { "offsetX": 0.0, "offsetY": 0.0, "offsetZ": 0.0, "rotationX": 0.0, "rotationY": 6.0, "rotationZ": 11.0 },
						"neck": { "offsetX": 0.0, "offsetY": 0.0, "offsetZ": 0.0, "rotationX": 0.0, "rotationY": 28.0, "rotationZ": 28.0 },
						"head": { "offsetX": 0.0, "offsetY": 0.0, "offsetZ": 0.0, "rotationX": 0.0, "rotationY": 16.0, "rotationZ": -58.0 },
						"L ear": { "offsetX": 0.0, "offsetY": 0.0, "offsetZ": 0.0, "rotationX": 0.0, "rotationY": 0.0, "rotationZ": -15.0 },
						"R ear": { "offsetX": 0.0, "offsetY": 0.0, "offsetZ": 0.0, "rotationX": 0.0, "rotationY": 0.0, "rotationZ": -15.0 },
						"L front leg": { "offsetX": 0.0, "offsetY": 0.0, "offsetZ": 1.0, "rotationX": 6.0, "rotationY": 11.0, "rotationZ": 33.0 },
						"L front feet": { "offsetX": 0.0, "offsetY": 0.5, "offsetZ": 0.0, "rotationX": 0.0, "rotationY": 0.0, "rotationZ": -55.0 },
						"R front leg": { "offsetX": 0.0, "offsetY": 0.0, "offsetZ": -1.0, "rotationX": 6.0, "rotationY": -11.0, "rotationZ": 33.0 },
						"R front feet": { "offsetX": 0.0, "offsetY": 0.9, "offsetZ": 0.0, "rotationX": 0.0, "rotationY": 0.0, "rotationZ": -55.0 }
					}
				},
				{
					"frame": 49,
					"elements": {
						"Body": { "offsetX": -1.0, "offsetY": -1.0, "offsetZ": 0.0, "rotationX": -6.0, "rotationY": 3.0, "rotationZ": 8.0 },
						"abdomen": { "offsetX": 0.0, "offsetY": 0.0, "offsetZ": 0.0, "rotationX": 6.0, "rotationY": -3.0, "rotationZ": 0.0 },
						"L back leg": { "offsetX": 0.0, "offsetY": 0.0, "offsetZ": 0.0, "rotationX": 0.0, "rotationY": 0.0, "rotationZ": 6.0 },
						"L back feet": { "offsetX": 0.0, "offsetY": 0.0, "offsetZ": 0.0, "rotationX": 0.0, "rotationY": 0.0, "rotationZ": -11.0 },
						"tail": { "offsetX": 0.0, "offsetY": 0.0, "offsetZ": 0.0, "rotationX": 0.0, "rotationY": 6.0, "rotationZ": 11.0 },
						"neck": { "offsetX": 0.0, "offsetY": 0.0, "offsetZ": 0.0, "rotationX": 0.0, "rotationY": 28.0, "rotationZ": 28.0 },
						"head": { "offsetX": 0.0, "offsetY": 0.0, "offsetZ": 0.0, "rotationX": 0.0, "rotationY": 16.0, "rotationZ": -42.0 },
						"L ear": { "offsetX": 0.0, "offsetY": 0.0, "offsetZ": 0.0, "rotationX": 0.0, "rotationY": 0.0, "rotationZ": -25.0 },
						"R ear": { "rotationX": 0.0, "rotationY": 0.0, "rotationZ": -25.0 },
						"L front leg": { "offsetX": 0.0, "offsetY": 0.0, "offsetZ": 1.0, "rotationX": 6.0, "rotationY": 11.0, "rotationZ": 33.0 },
						"L front feet": { "offsetX": 0.0, "offsetY": 0.5, "offsetZ": 0.0, "rotationX": 0.0, "rotationY": 0.0, "rotationZ": -55.0 },
						"R front leg": { "offsetX": 0.0, "offsetY": 0.0, "offsetZ": -1.0, "rotationX": 6.0, "rotationY": -11.0, "rotationZ": 33.0 },
						"R front feet": { "offsetX": 0.0, "offsetY": 0.9, "offsetZ": 0.0, "rotationX": 0.0, "rotationY": 0.0, "rotationZ": -55.0 }
					}
				},
				{
					"frame": 53,
					"elements": {
						"Body": { "offsetX": -1.0, "offsetY": -1.0, "offsetZ": 0.0, "rotationX": -6.0, "rotationY": 3.0, "rotationZ": 8.0 },
						"abdomen": { "offsetX": 0.0, "offsetY": 0.0, "offsetZ": 0.0, "rotationX": 6.0, "rotationY": -3.0, "rotationZ": 0.0 },
						"L back leg": { "offsetX": 0.0, "offsetY": 0.0, "offsetZ": 0.0, "rotationX": 0.0, "rotationY": 0.0, "rotationZ": 6.0 },
						"L back feet": { "offsetX": 0.0, "offsetY": 0.0, "offsetZ": 0.0, "rotationX": 0.0, "rotationY": 0.0, "rotationZ": -11.0 },
						"tail": { "offsetX": 0.0, "offsetY": 0.0, "offsetZ": 0.0, "rotationX": 0.0, "rotationY": 6.0, "rotationZ": 11.0 },
						"neck": { "offsetX": 0.0, "offsetY": 0.0, "offsetZ": 0.0, "rotationX": 0.0, "rotationY": 28.0, "rotationZ": 28.0 },
						"head": { "offsetX": 0.0, "offsetY": 0.0, "offsetZ": 0.0, "rotationX": 0.0, "rotationY": 16.0, "rotationZ": -58.0 },
						"L ear": { "offsetX": 0.0, "offsetY": 0.0, "offsetZ": 0.0, "rotationX": 0.0, "rotationY": 0.0, "rotationZ": -15.0 },
						"R ear": { "rotationX": 0.0, "rotationY": 0.0, "rotationZ": -15.0 },
						"L front leg": { "offsetX": 0.0, "offsetY": 0.0, "offsetZ": 1.0, "rotationX": 6.0, "rotationY": 11.0, "rotationZ": 33.0 },
						"L front feet": { "offsetX": 0.0, "offsetY": 0.5, "offsetZ": 0.0, "rotationX": 0.0, "rotationY": 0.0, "rotationZ": -55.0 },
						"R front leg": { "offsetX": 0.0, "offsetY": 0.0, "offsetZ": -1.0, "rotationX": 6.0, "rotationY": -11.0, "rotationZ": 33.0 },
						"R front feet": { "offsetX": 0.0, "offsetY": 0.9, "offsetZ": 0.0, "rotationX": 0.0, "rotationY": 0.0, "rotationZ": -55.0 }
					}
				},
				{
					"frame": 57,
					"elements": {
						"Body": { "offsetX": -1.0, "offsetY": -1.0, "offsetZ": 0.0, "rotationX": -6.0, "rotationY": 3.0, "rotationZ": 8.0 },
						"abdomen": { "offsetX": 0.0, "offsetY": 0.0, "offsetZ": 0.0, "rotationX": 6.0, "rotationY": -3.0, "rotationZ": 0.0 },
						"L back leg": { "offsetX": 0.0, "offsetY": 0.0, "offsetZ": 0.0, "rotationX": 0.0, "rotationY": 0.0, "rotationZ": 6.0 },
						"L back feet": { "offsetX": 0.0, "offsetY": 0.0, "offsetZ": 0.0, "rotationX": 0.0, "rotationY": 0.0, "rotationZ": -11.0 },
						"tail": { "offsetX": 0.0, "offsetY": 0.0, "offsetZ": 0.0, "rotationX": 0.0, "rotationY": 6.0, "rotationZ": 11.0 },
						"neck": { "offsetX": 0.0, "offsetY": 0.0, "offsetZ": 0.0, "rotationX": 0.0, "rotationY": 28.0, "rotationZ": 28.0 },
						"head": { "offsetX": 0.0, "offsetY": 0.0, "offsetZ": 0.0, "rotationX": 0.0, "rotationY": 16.0, "rotationZ": -42.0 },
						"L ear": { "offsetX": 0.0, "offsetY": 0.0, "offsetZ": 0.0, "rotationX": 0.0, "rotationY": 0.0, "rotationZ": -25.0 },
						"R ear": { "rotationX": 0.0, "rotationY": 0.0, "rotationZ": -25.0 },
						"L front leg": { "offsetX": 0.0, "offsetY": 0.0, "offsetZ": 1.0, "rotationX": 6.0, "rotationY": 11.0, "rotationZ": 33.0 },
						"L front feet": { "offsetX": 0.0, "offsetY": 0.5, "offsetZ": 0.0, "rotationX": 0.0, "rotationY": 0.0, "rotationZ": -55.0 },
						"R front leg": { "offsetX": 0.0, "offsetY": 0.0, "offsetZ": -1.0, "rotationX": 6.0, "rotationY": -11.0, "rotationZ": 33.0 },
						"R front feet": { "offsetX": 0.0, "offsetY": 0.9, "offsetZ": 0.0, "rotationX": 0.0, "rotationY": 0.0, "rotationZ": -55.0 }
					}
				},
				{
					"frame": 73,
					"elements": {
						"Body": { "offsetX": -1.0, "offsetY": -1.0, "offsetZ": 0.0, "rotationX": 6.0, "rotationY": -3.0, "rotationZ": 8.0 },
						"abdomen": { "offsetX": 0.0, "offsetY": 0.0, "offsetZ": 0.0, "rotationX": -6.0, "rotationY": 3.0, "rotationZ": 0.0 },
						"L back leg": { "offsetX": 0.0, "offsetY": 0.0, "offsetZ": 0.0, "rotationX": 0.0, "rotationY": 0.0, "rotationZ": 6.0 },
						"L back feet": { "offsetX": 0.0, "offsetY": 0.0, "offsetZ": 0.0, "rotationX": 0.0, "rotationY": 0.0, "rotationZ": -11.0 },
						"tail": { "offsetX": 0.0, "offsetY": 0.0, "offsetZ": 0.0, "rotationX": 0.0, "rotationY": -6.0, "rotationZ": 11.0 },
						"neck": { "offsetX": 0.0, "offsetY": 0.0, "offsetZ": 0.0, "rotationX": 0.0, "rotationY": -28.0, "rotationZ": 28.0 },
						"head": { "offsetX": 0.0, "offsetY": 0.0, "offsetZ": 0.0, "rotationX": 0.0, "rotationY": -16.0, "rotationZ": -42.0 },
						"L ear": { "offsetX": 0.0, "offsetY": 0.0, "offsetZ": 0.0, "rotationX": 0.0, "rotationY": 0.0, "rotationZ": -25.0 },
						"L front leg": { "offsetX": 0.0, "offsetY": 0.0, "offsetZ": 1.0, "rotationX": -6.0, "rotationY": 11.0, "rotationZ": 33.0 },
						"L front feet": { "offsetX": 0.0, "offsetY": 0.7, "offsetZ": 0.0, "rotationX": 0.0, "rotationY": 0.0, "rotationZ": -55.0 },
						"R front leg": { "offsetX": 0.0, "offsetY": 0.0, "offsetZ": -1.0, "rotationX": -6.0, "rotationY": -11.0, "rotationZ": 33.0 },
						"R front feet": { "offsetX": 0.0, "offsetY": 0.5, "offsetZ": 0.0, "rotationX": 0.0, "rotationY": 0.0, "rotationZ": -55.0 }
					}
				},
				{
					"frame": 76,
					"elements": {
						"Body": { "offsetX": -1.0, "offsetY": -1.0, "offsetZ": 0.0, "rotationX": 6.0, "rotationY": -3.0, "rotationZ": 8.0 },
						"abdomen": { "offsetX": 0.0, "offsetY": 0.0, "offsetZ": 0.0, "rotationX": -6.0, "rotationY": 3.0, "rotationZ": 0.0 },
						"L back leg": { "offsetX": 0.0, "offsetY": 0.0, "offsetZ": 0.0, "rotationX": 0.0, "rotationY": 0.0, "rotationZ": 6.0 },
						"L back feet": { "offsetX": 0.0, "offsetY": 0.0, "offsetZ": 0.0, "rotationX": 0.0, "rotationY": 0.0, "rotationZ": -11.0 },
						"tail": { "offsetX": 0.0, "offsetY": 0.0, "offsetZ": 0.0, "rotationX": 0.0, "rotationY": -6.0, "rotationZ": 11.0 },
						"neck": { "offsetX": 0.0, "offsetY": 0.0, "offsetZ": 0.0, "rotationX": 0.0, "rotationY": -28.0, "rotationZ": 28.0 },
						"head": { "offsetX": 0.0, "offsetY": 0.0, "offsetZ": 0.0, "rotationX": 0.0, "rotationY": -16.0, "rotationZ": -42.0 },
						"L ear": { "offsetX": 0.0, "offsetY": 0.0, "offsetZ": 0.0, "rotationX": 0.0, "rotationY": 0.0, "rotationZ": -25.0 },
						"L front leg": { "offsetX": 0.0, "offsetY": 0.0, "offsetZ": 1.0, "rotationX": -6.0, "rotationY": 11.0, "rotationZ": 33.0 },
						"L front feet": { "offsetX": 0.0, "offsetY": 0.7, "offsetZ": 0.0, "rotationX": 0.0, "rotationY": 0.0, "rotationZ": -55.0 },
						"R front leg": { "offsetX": 0.0, "offsetY": 0.0, "offsetZ": -1.0, "rotationX": -6.0, "rotationY": -11.0, "rotationZ": 33.0 },
						"R front feet": { "offsetX": 0.0, "offsetY": 0.5, "offsetZ": 0.0, "rotationX": 0.0, "rotationY": 0.0, "rotationZ": -55.0 }
					}
				},
				{
					"frame": 80,
					"elements": {
						"Body": { "offsetX": -1.0, "offsetY": -1.0, "offsetZ": 0.0, "rotationX": 6.0, "rotationY": -3.0, "rotationZ": 8.0 },
						"abdomen": { "offsetX": 0.0, "offsetY": 0.0, "offsetZ": 0.0, "rotationX": -6.0, "rotationY": 3.0, "rotationZ": 0.0 },
						"L back leg": { "offsetX": 0.0, "offsetY": 0.0, "offsetZ": 0.0, "rotationX": 0.0, "rotationY": 0.0, "rotationZ": 6.0 },
						"L back feet": { "offsetX": 0.0, "offsetY": 0.0, "offsetZ": 0.0, "rotationX": 0.0, "rotationY": 0.0, "rotationZ": -11.0 },
						"tail": { "offsetX": 0.0, "offsetY": 0.0, "offsetZ": 0.0, "rotationX": 0.0, "rotationY": -6.0, "rotationZ": 11.0 },
						"neck": { "offsetX": 0.0, "offsetY": 0.0, "offsetZ": 0.0, "rotationX": 0.0, "rotationY": -28.0, "rotationZ": 28.0 },
						"head": { "offsetX": 0.0, "offsetY": 0.0, "offsetZ": 0.0, "rotationX": 0.0, "rotationY": -16.0, "rotationZ": -58.0 },
						"L ear": { "offsetX": 0.0, "offsetY": 0.0, "offsetZ": 0.0, "rotationX": 0.0, "rotationY": 0.0, "rotationZ": -25.0 },
						"L front leg": { "offsetX": 0.0, "offsetY": 0.0, "offsetZ": 1.0, "rotationX": -6.0, "rotationY": 11.0, "rotationZ": 33.0 },
						"L front feet": { "offsetX": 0.0, "offsetY": 0.7, "offsetZ": 0.0, "rotationX": 0.0, "rotationY": 0.0, "rotationZ": -55.0 },
						"R front leg": { "offsetX": 0.0, "offsetY": 0.0, "offsetZ": -1.0, "rotationX": -6.0, "rotationY": -11.0, "rotationZ": 33.0 },
						"R front feet": { "offsetX": 0.0, "offsetY": 0.5, "offsetZ": 0.0, "rotationX": 0.0, "rotationY": 0.0, "rotationZ": -55.0 }
					}
				},
				{
					"frame": 84,
					"elements": {
						"Body": { "offsetX": -1.0, "offsetY": -1.0, "offsetZ": 0.0, "rotationX": 6.0, "rotationY": -3.0, "rotationZ": 8.0 },
						"abdomen": { "offsetX": 0.0, "offsetY": 0.0, "offsetZ": 0.0, "rotationX": -6.0, "rotationY": 3.0, "rotationZ": 0.0 },
						"L back leg": { "offsetX": 0.0, "offsetY": 0.0, "offsetZ": 0.0, "rotationX": 0.0, "rotationY": 0.0, "rotationZ": 6.0 },
						"L back feet": { "offsetX": 0.0, "offsetY": 0.0, "offsetZ": 0.0, "rotationX": 0.0, "rotationY": 0.0, "rotationZ": -11.0 },
						"tail": { "offsetX": 0.0, "offsetY": 0.0, "offsetZ": 0.0, "rotationX": 0.0, "rotationY": -6.0, "rotationZ": 11.0 },
						"neck": { "offsetX": 0.0, "offsetY": 0.0, "offsetZ": 0.0, "rotationX": 0.0, "rotationY": -28.0, "rotationZ": 28.0 },
						"head": { "offsetX": 0.0, "offsetY": 0.0, "offsetZ": 0.0, "rotationX": 0.0, "rotationY": -16.0, "rotationZ": -42.0 },
						"L ear": { "offsetX": 0.0, "offsetY": 0.0, "offsetZ": 0.0, "rotationX": 0.0, "rotationY": 0.0, "rotationZ": -25.0 },
						"L front leg": { "offsetX": 0.0, "offsetY": 0.0, "offsetZ": 1.0, "rotationX": -6.0, "rotationY": 11.0, "rotationZ": 33.0 },
						"L front feet": { "offsetX": 0.0, "offsetY": 0.7, "offsetZ": 0.0, "rotationX": 0.0, "rotationY": 0.0, "rotationZ": -55.0 },
						"R front leg": { "offsetX": 0.0, "offsetY": 0.0, "offsetZ": -1.0, "rotationX": -6.0, "rotationY": -11.0, "rotationZ": 33.0 },
						"R front feet": { "offsetX": 0.0, "offsetY": 0.5, "offsetZ": 0.0, "rotationX": 0.0, "rotationY": 0.0, "rotationZ": -55.0 }
					}
				},
				{
					"frame": 88,
					"elements": {
						"Body": { "offsetX": -1.0, "offsetY": -1.0, "offsetZ": 0.0, "rotationX": 6.0, "rotationY": -3.0, "rotationZ": 8.0 },
						"abdomen": { "offsetX": 0.0, "offsetY": 0.0, "offsetZ": 0.0, "rotationX": -6.0, "rotationY": 3.0, "rotationZ": 0.0 },
						"L back leg": { "offsetX": 0.0, "offsetY": 0.0, "offsetZ": 0.0, "rotationX": 0.0, "rotationY": 0.0, "rotationZ": 6.0 },
						"L back feet": { "offsetX": 0.0, "offsetY": 0.0, "offsetZ": 0.0, "rotationX": 0.0, "rotationY": 0.0, "rotationZ": -11.0 },
						"tail": { "offsetX": 0.0, "offsetY": 0.0, "offsetZ": 0.0, "rotationX": 0.0, "rotationY": -6.0, "rotationZ": 11.0 },
						"neck": { "offsetX": 0.0, "offsetY": 0.0, "offsetZ": 0.0, "rotationX": 0.0, "rotationY": -28.0, "rotationZ": 28.0 },
						"head": { "offsetX": 0.0, "offsetY": 0.0, "offsetZ": 0.0, "rotationX": 0.0, "rotationY": -16.0, "rotationZ": -58.0 },
						"L ear": { "offsetX": 0.0, "offsetY": 0.0, "offsetZ": 0.0, "rotationX": 0.0, "rotationY": 0.0, "rotationZ": -25.0 },
						"L front leg": { "offsetX": 0.0, "offsetY": 0.0, "offsetZ": 1.0, "rotationX": -6.0, "rotationY": 11.0, "rotationZ": 33.0 },
						"L front feet": { "offsetX": 0.0, "offsetY": 0.7, "offsetZ": 0.0, "rotationX": 0.0, "rotationY": 0.0, "rotationZ": -55.0 },
						"R front leg": { "offsetX": 0.0, "offsetY": 0.0, "offsetZ": -1.0, "rotationX": -6.0, "rotationY": -11.0, "rotationZ": 33.0 },
						"R front feet": { "offsetX": 0.0, "offsetY": 0.5, "offsetZ": 0.0, "rotationX": 0.0, "rotationY": 0.0, "rotationZ": -55.0 }
					}
				},
				{
					"frame": 92,
					"elements": {
						"Body": { "offsetX": -1.0, "offsetY": -1.0, "offsetZ": 0.0, "rotationX": 6.0, "rotationY": -3.0, "rotationZ": 8.0 },
						"abdomen": { "offsetX": 0.0, "offsetY": 0.0, "offsetZ": 0.0, "rotationX": -6.0, "rotationY": 3.0, "rotationZ": 0.0 },
						"L back leg": { "offsetX": 0.0, "offsetY": 0.0, "offsetZ": 0.0, "rotationX": 0.0, "rotationY": 0.0, "rotationZ": 6.0 },
						"L back feet": { "offsetX": 0.0, "offsetY": 0.0, "offsetZ": 0.0, "rotationX": 0.0, "rotationY": 0.0, "rotationZ": -11.0 },
						"tail": { "offsetX": 0.0, "offsetY": 0.0, "offsetZ": 0.0, "rotationX": 0.0, "rotationY": -6.0, "rotationZ": 11.0 },
						"neck": { "offsetX": 0.0, "offsetY": 0.0, "offsetZ": 0.0, "rotationX": 0.0, "rotationY": -28.0, "rotationZ": 28.0 },
						"head": { "offsetX": 0.0, "offsetY": 0.0, "offsetZ": 0.0, "rotationX": 0.0, "rotationY": -16.0, "rotationZ": -42.0 },
						"L ear": { "offsetX": 0.0, "offsetY": 0.0, "offsetZ": 0.0, "rotationX": 0.0, "rotationY": 0.0, "rotationZ": -25.0 },
						"R ear": { "rotationX": 0.0, "rotationY": 0.0, "rotationZ": -25.0 },
						"L front leg": { "offsetX": 0.0, "offsetY": 0.0, "offsetZ": 1.0, "rotationX": -6.0, "rotationY": 11.0, "rotationZ": 33.0 },
						"L front feet": { "offsetX": 0.0, "offsetY": 0.7, "offsetZ": 0.0, "rotationX": 0.0, "rotationY": 0.0, "rotationZ": -55.0 },
						"R front leg": { "offsetX": 0.0, "offsetY": 0.0, "offsetZ": -1.0, "rotationX": -6.0, "rotationY": -11.0, "rotationZ": 33.0 },
						"R front feet": { "offsetX": 0.0, "offsetY": 0.5, "offsetZ": 0.0, "rotationX": 0.0, "rotationY": 0.0, "rotationZ": -55.0 }
					}
				}
			]
		},

		{
			"name": "Attack",
			"code": "attack",
			"quantityframes": 58,
			"onActivityStopped": "PlayTillEnd",
			"onAnimationEnd": "Stop",
			"keyframes": [
				{
					"frame": 0,
					"elements": {
						"Body": { "offsetX": 0.0, "offsetY": 0.0, "offsetZ": 0.0, "rotationX": 0.0, "rotationY": 0.0, "rotationZ": 0.0 },
						"abdomen": { "offsetX": 0.0, "offsetY": 0.0, "offsetZ": 0.0, "rotationX": 0.0, "rotationY": 0.0, "rotationZ": 0.0 },
						"L back leg": { "offsetX": 0.0, "offsetY": 0.0, "offsetZ": 0.0, "rotationX": 0.0, "rotationY": 0.0, "rotationZ": 0.0 },
						"L back feet": { "offsetX": 0.0, "offsetY": 0.0, "offsetZ": 0.0, "rotationX": 0.0, "rotationY": 0.0, "rotationZ": 0.0 },
						"tail": { "offsetX": 0.0, "offsetY": 0.0, "offsetZ": 0.0, "rotationX": 0.0, "rotationY": 0.0, "rotationZ": 0.0 },
						"Tail end": { "rotationX": 0.0, "rotationY": 0.0, "rotationZ": 0.0 },
						"R back leg": { "offsetX": 0.0, "offsetY": 0.0, "offsetZ": 0.0, "rotationX": 0.0, "rotationY": 0.0, "rotationZ": 0.0 },
						"R back feet": { "offsetX": 0.0, "offsetY": 0.0, "offsetZ": 0.0, "rotationX": 0.0, "rotationY": 0.0, "rotationZ": 0.0 },
						"neck": { "offsetX": 0.0, "offsetY": 0.0, "offsetZ": 0.0, "rotationX": 0.0, "rotationY": 0.0, "rotationZ": 0.0 },
						"head": { "offsetX": 0.0, "offsetY": 0.0, "offsetZ": 0.0, "rotationX": 0.0, "rotationY": 0.0, "rotationZ": 0.0 },
						"L ear": { "offsetX": 0.0, "offsetY": 0.0, "offsetZ": 0.0, "rotationX": 0.0, "rotationY": 0.0, "rotationZ": 0.0 },
						"mouth": { "offsetX": 0.0, "offsetY": 0.0, "offsetZ": 0.0, "rotationX": 0.0, "rotationY": 0.0, "rotationZ": 0.0 },
						"jaw": { "offsetX": 0.0, "offsetY": 0.0, "offsetZ": 0.0, "rotationX": 0.0, "rotationY": 0.0, "rotationZ": 0.0 },
						"R ear": { "rotationX": 0.0, "rotationY": 0.0, "rotationZ": 0.0 },
						"L front leg": { "offsetX": 0.0, "offsetY": 0.0, "offsetZ": 0.0, "rotationX": 0.0, "rotationY": 0.0, "rotationZ": 0.0 },
						"L front feet": { "offsetX": 0.0, "offsetY": 0.0, "offsetZ": 0.0, "rotationX": 0.0, "rotationY": 0.0, "rotationZ": 0.0 },
						"R front leg": { "offsetX": 0.0, "offsetY": 0.0, "offsetZ": 0.0, "rotationX": 0.0, "rotationY": 0.0, "rotationZ": 0.0 },
						"R front feet": { "offsetX": 0.0, "offsetY": 0.0, "offsetZ": 0.0, "rotationX": 0.0, "rotationY": 0.0, "rotationZ": 0.0 }
					}
				},
				{
					"frame": 18,
					"elements": {
						"Body": { "offsetX": 3.0, "offsetY": -0.8, "offsetZ": 0.0, "rotationX": 0.0, "rotationY": 0.0, "rotationZ": 6.0 },
						"abdomen": { "offsetX": 0.0, "offsetY": 0.0, "offsetZ": 0.0, "rotationX": 0.0, "rotationY": 0.0, "rotationZ": 0.0 },
						"L back leg": { "offsetX": 0.0, "offsetY": 0.3, "offsetZ": 0.0, "rotationX": -8.0, "rotationY": 6.0, "rotationZ": -17.0 },
						"L back feet": { "offsetX": 0.0, "offsetY": 0.0, "offsetZ": 0.0, "rotationX": 0.0, "rotationY": 0.0, "rotationZ": 0.0 },
						"tail": { "offsetX": 0.0, "offsetY": 0.0, "offsetZ": 0.0, "rotationX": 0.0, "rotationY": 0.0, "rotationZ": 40.0 },
						"Tail end": { "rotationX": 0.0, "rotationY": 0.0, "rotationZ": 25.0 },
						"R back leg": { "offsetX": 0.0, "offsetY": 0.3, "offsetZ": 0.0, "rotationX": 8.0, "rotationY": -6.0, "rotationZ": -17.0 },
						"R back feet": { "offsetX": 0.0, "offsetY": 0.0, "offsetZ": 0.0, "rotationX": 0.0, "rotationY": 0.0, "rotationZ": 0.0 },
						"neck": { "offsetX": 0.0, "offsetY": 0.0, "offsetZ": 0.0, "rotationX": 0.0, "rotationY": -8.0, "rotationZ": 25.0 },
						"head": { "offsetX": 1.0, "offsetY": 0.0, "offsetZ": 0.0, "rotationX": 0.0, "rotationY": 0.0, "rotationZ": -64.0 },
						"L ear": { "offsetX": 0.0, "offsetY": 0.0, "offsetZ": 0.0, "rotationX": 0.0, "rotationY": 0.0, "rotationZ": -11.0 },
						"mouth": { "offsetX": 0.0, "offsetY": 0.0, "offsetZ": 0.0, "rotationX": 0.0, "rotationY": 0.0, "rotationZ": 0.0 },
						"jaw": { "offsetX": 0.0, "offsetY": 0.0, "offsetZ": 0.0, "rotationX": 0.0, "rotationY": 0.0, "rotationZ": 3.0 },
						"R ear": { "rotationX": 0.0, "rotationY": 0.0, "rotationZ": -11.0 },
						"L front leg": { "offsetX": 0.0, "offsetY": 0.0, "offsetZ": 0.0, "rotationX": -10.0, "rotationY": 15.0, "rotationZ": 25.0 },
						"L front feet": { "offsetX": 0.0, "offsetY": 0.0, "offsetZ": 0.0, "rotationX": 0.0, "rotationY": 0.0, "rotationZ": -55.0 },
						"R front leg": { "offsetX": 0.0, "offsetY": 0.0, "offsetZ": 0.0, "rotationX": 10.0, "rotationY": -15.0, "rotationZ": 25.0 },
						"R front feet": { "offsetX": 0.0, "offsetY": 0.0, "offsetZ": 0.0, "rotationX": 0.0, "rotationY": 0.0, "rotationZ": -55.0 }
					}
				},
				{
					"frame": 27,
					"elements": {
						"Body": { "offsetX": -6.0, "offsetY": 0.0, "offsetZ": 0.0, "rotationX": 8.0, "rotationY": 0.0, "rotationZ": -29.0 },
						"abdomen": { "offsetX": 0.0, "offsetY": 0.0, "offsetZ": 0.0, "rotationX": -8.0, "rotationY": 0.0, "rotationZ": 0.0 },
						"tail": { "offsetX": 0.0, "offsetY": 0.0, "offsetZ": 0.0, "rotationX": 0.0, "rotationY": 0.0, "rotationZ": 35.0 },
						"L back leg": { "offsetX": 0.0, "offsetY": 0.0, "offsetZ": 0.0, "rotationX": -8.0, "rotationY": 6.0, "rotationZ": 33.0 },
						"L back feet": { "offsetX": 0.0, "offsetY": 0.0, "offsetZ": 0.0, "rotationX": 0.0, "rotationY": 0.0, "rotationZ": 0.0 },
						"R back leg": { "offsetX": 0.0, "offsetY": 0.0, "offsetZ": 0.0, "rotationX": 8.0, "rotationY": -6.0, "rotationZ": 33.0 },
						"R back feet": { "offsetX": 0.0, "offsetY": 0.0, "offsetZ": 0.0, "rotationX": 0.0, "rotationY": 0.0, "rotationZ": 0.0 },
						"L front leg": { "offsetX": 0.0, "offsetY": 0.0, "offsetZ": 0.0, "rotationX": -12.0, "rotationY": 11.0, "rotationZ": 42.0 },
						"L front feet": { "offsetX": 0.0, "offsetY": 0.0, "offsetZ": 0.0, "rotationX": 0.0, "rotationY": 0.0, "rotationZ": -19.0 },
						"R front leg": { "offsetX": 0.0, "offsetY": 0.0, "offsetZ": 0.0, "rotationX": -4.0, "rotationY": 8.0, "rotationZ": 42.0 },
						"R front feet": { "offsetX": 0.0, "offsetY": 0.0, "offsetZ": 0.0, "rotationX": 0.0, "rotationY": 0.0, "rotationZ": -22.0 },
						"neck": { "offsetX": 0.0, "offsetY": 0.0, "offsetZ": 0.0, "rotationX": 0.0, "rotationY": 3.0, "rotationZ": 27.0 },
						"head": { "offsetX": 0.0, "offsetY": 0.0, "offsetZ": 0.0, "rotationX": -3.0, "rotationY": -6.0, "rotationZ": -30.0 },
						"mouth": { "offsetX": 0.0, "offsetY": 0.0, "offsetZ": 0.0, "rotationX": 0.0, "rotationY": 0.0, "rotationZ": -14.0 },
						"jaw": { "offsetX": 0.0, "offsetY": -0.5, "offsetZ": 0.0, "rotationX": 0.0, "rotationY": 0.0, "rotationZ": 22.0 },
						"L ear": { "offsetX": 0.0, "offsetY": 0.0, "offsetZ": 0.0, "rotationX": 0.0, "rotationY": 0.0, "rotationZ": -25.0 },
						"R ear": { "rotationX": 0.0, "rotationY": 0.0, "rotationZ": -25.0 }
					}
				},
				{
					"frame": 28,
					"elements": {
						"Body": {  },
						"neck": {  },
						"head": {  },
						"mouth": { "offsetX": 0.0, "offsetY": 0.0, "offsetZ": 0.0, "rotationX": 0.0, "rotationY": 0.0, "rotationZ": 0.0 },
						"jaw": { "offsetX": 0.0, "offsetY": 0.0, "offsetZ": 0.0, "rotationX": 0.0, "rotationY": 0.0, "rotationZ": 0.0 }
					}
				},
				{
					"frame": 35,
					"elements": {
						"Body": { "offsetX": -7.0, "offsetY": -1.0, "offsetZ": 0.0, "rotationX": 3.0, "rotationY": 0.0, "rotationZ": 3.0 },
						"abdomen": { "offsetX": 0.0, "offsetY": 0.0, "offsetZ": 0.0, "rotationX": -2.0, "rotationY": 0.0, "rotationZ": 0.0 },
						"tail": { "offsetX": 0.0, "offsetY": 0.0, "offsetZ": 0.0, "rotationX": 0.0, "rotationY": 0.0, "rotationZ": 8.0 },
						"Tail end": { "rotationX": 0.0, "rotationY": 0.0, "rotationZ": 0.0 },
						"L back leg": { "offsetX": 0.0, "offsetY": 0.0, "offsetZ": 0.0, "rotationX": -8.0, "rotationY": 6.0, "rotationZ": 10.0 },
						"L back feet": { "offsetX": 0.0, "offsetY": 0.0, "offsetZ": 0.0, "rotationX": 0.0, "rotationY": 0.0, "rotationZ": -22.0 },
						"R back leg": { "offsetX": 0.0, "offsetY": -0.2, "offsetZ": 0.0, "rotationX": 8.0, "rotationY": -6.0, "rotationZ": 10.0 },
						"R back feet": { "offsetX": 0.0, "offsetY": 0.0, "offsetZ": 0.0, "rotationX": 0.0, "rotationY": 0.0, "rotationZ": -23.0 },
						"L front leg": { "offsetX": 0.0, "offsetY": 0.0, "offsetZ": 0.0, "rotationX": -10.0, "rotationY": 5.0, "rotationZ": 33.0 },
						"L front feet": { "offsetX": 0.0, "offsetY": 0.0, "offsetZ": 0.0, "rotationX": 0.0, "rotationY": 0.0, "rotationZ": -50.0 },
						"R front leg": { "offsetX": 0.0, "offsetY": 0.0, "offsetZ": 0.0, "rotationX": 10.0, "rotationY": -5.0, "rotationZ": 33.0 },
						"R front feet": { "offsetX": 0.0, "offsetY": 0.0, "offsetZ": 0.0, "rotationX": 0.0, "rotationY": 0.0, "rotationZ": -50.0 },
						"neck": { "offsetX": 0.0, "offsetY": 0.0, "offsetZ": 0.0, "rotationX": 0.0, "rotationY": 9.0, "rotationZ": 19.0 },
						"head": { "offsetX": 0.0, "offsetY": 0.0, "offsetZ": 0.0, "rotationX": -3.0, "rotationY": 17.0, "rotationZ": -12.0 },
						"mouth": { "offsetX": 0.0, "offsetY": 0.0, "offsetZ": 0.0, "rotationX": 0.0, "rotationY": 0.0, "rotationZ": 0.0 },
						"jaw": { "offsetX": 0.0, "offsetY": -0.5, "offsetZ": 0.0, "rotationX": 0.0, "rotationY": 0.0, "rotationZ": 5.0 },
						"L ear": { "offsetX": 0.0, "offsetY": 0.0, "offsetZ": 0.0, "rotationX": 0.0, "rotationY": 0.0, "rotationZ": -25.0 },
						"R ear": { "rotationX": 0.0, "rotationY": 0.0, "rotationZ": -25.0 }
					}
				},
				{
					"frame": 42,
					"elements": {
						"Body": {  },
						"abdomen": { "rotationX": 0.0, "rotationY": 0.0, "rotationZ": 5.0 },
						"L back leg": { "offsetX": 0.0, "offsetY": 1.0, "offsetZ": 0.0 },
						"neck": { "rotationX": 0.0, "rotationY": 0.0, "rotationZ": 22.0 }
					}
				},
				{
					"frame": 44,
					"elements": {
						"Body": {  },
						"R front leg": { "offsetX": 0.5, "offsetY": 1.0, "offsetZ": 0.0 }
					}
				},
				{
					"frame": 47,
					"elements": {
						"Body": {  },
						"abdomen": { "rotationX": 0.0, "rotationY": 0.0, "rotationZ": 0.0 },
						"L back leg": { "offsetX": 0.0, "offsetY": -0.5, "offsetZ": 0.0, "rotationX": 0.0, "rotationY": 0.0, "rotationZ": 10.0 },
						"L back feet": { "rotationX": 0.0, "rotationY": 0.0, "rotationZ": 0.0 },
						"R back leg": { "offsetX": 0.0, "offsetY": 0.0, "offsetZ": 0.0, "rotationX": 8.0, "rotationY": -6.0, "rotationZ": -16.0 },
						"R back feet": { "rotationX": 0.0, "rotationY": 0.0, "rotationZ": -9.0 }
					}
				},
				{
					"frame": 49,
					"elements": {
						"Body": {  },
						"R front leg": { "offsetX": 0.0, "offsetY": 0.0, "offsetZ": 0.0, "rotationX": 8.0, "rotationY": -4.0, "rotationZ": 22.0 },
						"L front leg": { "offsetX": 0.0, "offsetY": 0.0, "offsetZ": 0.0, "rotationX": -10.0, "rotationY": 5.0, "rotationZ": -14.0 },
						"L front feet": { "rotationX": 0.0, "rotationY": 0.0, "rotationZ": -19.0 }
					}
				},
				{
					"frame": 52,
					"elements": {
						"Body": {  },
						"abdomen": {  },
						"R back leg": { "offsetX": 0.0, "offsetY": 1.0, "offsetZ": 0.0 },
						"L front leg": { "offsetX": 0.0, "offsetY": 1.2, "offsetZ": 0.0 }
					}
				}
			]
		},

		{
			"name": "Death",
			"code": "death",
			"quantityframes": 45,
			"onActivityStopped": "PlayTillEnd",
			"onAnimationEnd": "Hold",
			"keyframes": [
				{
					"frame": 0,
					"elements": {
						"Body": { "offsetX": 0.0, "offsetY": 0.0, "offsetZ": 0.0, "rotationX": 0.0, "rotationY": 0.0, "rotationZ": 0.0 },
						"L front leg": { "offsetX": 0.0, "offsetY": 0.0, "offsetZ": 0.0, "rotationX": 0.0, "rotationY": 0.0, "rotationZ": 0.0 },
						"L front feet": { "offsetX": 0.0, "offsetY": 0.0, "offsetZ": 0.0, "rotationX": 0.0, "rotationY": 0.0, "rotationZ": 0.0 },
						"R front leg": { "offsetX": 0.0, "offsetY": 0.0, "offsetZ": 0.0, "rotationX": 0.0, "rotationY": 0.0, "rotationZ": 0.0 },
						"R front feet": { "offsetX": 0.0, "offsetY": 0.0, "offsetZ": 0.0, "rotationX": 0.0, "rotationY": 0.0, "rotationZ": 0.0 },
						"neck": { "offsetX": 0.0, "offsetY": 0.0, "offsetZ": 0.0, "rotationX": 0.0, "rotationY": 0.0, "rotationZ": 0.0 },
						"head": { "offsetX": 0.0, "offsetY": 0.0, "offsetZ": 0.0, "rotationX": 0.0, "rotationY": 0.0, "rotationZ": 0.0 },
						"L ear": { "offsetX": 0.0, "offsetY": 0.0, "offsetZ": 0.0, "rotationX": 0.0, "rotationY": 0.0, "rotationZ": 0.0 },
						"abdomen": { "offsetX": 0.0, "offsetY": 0.0, "offsetZ": 0.0, "rotationX": 0.0, "rotationY": 0.0, "rotationZ": 0.0 },
						"tail": { "offsetX": 0.0, "offsetY": 0.0, "offsetZ": 0.0, "rotationX": 0.0, "rotationY": 0.0, "rotationZ": 0.0 },
						"L back leg": { "offsetX": 0.0, "offsetY": 0.0, "offsetZ": 0.0, "rotationX": 0.0, "rotationY": 0.0, "rotationZ": 0.0 },
						"L back feet": { "offsetX": 0.0, "offsetY": 0.0, "offsetZ": 0.0, "rotationX": 0.0, "rotationY": 0.0, "rotationZ": 0.0 },
						"R back leg": { "offsetX": 0.0, "offsetY": 0.0, "offsetZ": 0.0, "rotationX": 0.0, "rotationY": 0.0, "rotationZ": 0.0 },
						"R back feet": { "offsetX": 0.0, "offsetY": 0.0, "offsetZ": 0.0, "rotationX": 0.0, "rotationY": 0.0, "rotationZ": 0.0 }
					}
				},
				{
					"frame": 10,
					"elements": {
						"Body": { "offsetX": 6.0, "offsetY": 10.0, "offsetZ": -6.0, "rotationX": -33.0, "rotationY": -17.0, "rotationZ": -25.0 },
						"L front leg": { "offsetX": 0.0, "offsetY": 0.0, "offsetZ": 0.0, "rotationX": 0.0, "rotationY": 0.0, "rotationZ": -30.0 },
						"L front feet": { "offsetX": 0.0, "offsetY": 0.0, "offsetZ": 0.0, "rotationX": 0.0, "rotationY": 0.0, "rotationZ": 50.0 },
						"R front leg": { "offsetX": 0.0, "offsetY": 0.0, "offsetZ": 0.0, "rotationX": 0.0, "rotationY": 0.0, "rotationZ": -61.0 },
						"R front feet": { "offsetX": 0.0, "offsetY": 0.0, "offsetZ": 0.0, "rotationX": 0.0, "rotationY": 0.0, "rotationZ": 66.0 },
						"neck": { "offsetX": 0.0, "offsetY": 0.0, "offsetZ": 0.0, "rotationX": 0.0, "rotationY": 0.0, "rotationZ": -25.0 },
						"head": { "offsetX": 0.0, "offsetY": 0.0, "offsetZ": 0.0, "rotationX": -6.0, "rotationY": 8.0, "rotationZ": 36.0 },
						"L ear": { "offsetX": 0.0, "offsetY": 0.0, "offsetZ": 0.0, "rotationX": 0.0, "rotationY": 0.0, "rotationZ": 0.0 },
						"abdomen": { "offsetX": 0.0, "offsetY": 0.0, "offsetZ": 0.0, "rotationX": 0.0, "rotationY": 0.0, "rotationZ": -33.0 },
						"L back leg": { "offsetX": 0.0, "offsetY": 0.0, "offsetZ": 0.0, "rotationX": 0.0, "rotationY": 0.0, "rotationZ": 22.0 },
						"L back feet": { "offsetX": 0.0, "offsetY": 0.0, "offsetZ": 0.0, "rotationX": 0.0, "rotationY": 0.0, "rotationZ": 0.0 },
						"tail": { "offsetX": 0.0, "offsetY": 0.0, "offsetZ": 0.0, "rotationX": 0.0, "rotationY": 0.0, "rotationZ": 50.0 },
						"R back leg": { "offsetX": 0.0, "offsetY": 0.0, "offsetZ": 0.0, "rotationX": 0.0, "rotationY": 0.0, "rotationZ": 28.0 },
						"R back feet": { "offsetX": 0.0, "offsetY": 0.0, "offsetZ": 0.0, "rotationX": 0.0, "rotationY": 0.0, "rotationZ": 0.0 }
					}
				},
				{
					"frame": 20,
					"elements": {
						"Body": { "offsetX": 6.0, "offsetY": 19.0, "offsetZ": -9.0, "rotationX": -83.0, "rotationY": -6.0, "rotationZ": -28.0 },
						"L front leg": { "offsetX": 0.0, "offsetY": 0.0, "offsetZ": 0.0, "rotationX": 19.0, "rotationY": 28.0, "rotationZ": -17.0 },
						"L front feet": { "offsetX": 0.0, "offsetY": 0.0, "offsetZ": 0.0, "rotationX": 0.0, "rotationY": 8.0, "rotationZ": 55.0 },
						"R front leg": { "offsetX": 0.0, "offsetY": 0.0, "offsetZ": 0.0, "rotationX": 0.0, "rotationY": 0.0, "rotationZ": -53.0 },
						"R front feet": { "offsetX": 0.0, "offsetY": 0.0, "offsetZ": 0.0, "rotationX": 0.0, "rotationY": 0.0, "rotationZ": 47.0 },
						"neck": { "offsetX": 0.0, "offsetY": 0.0, "offsetZ": 0.0, "rotationX": 0.0, "rotationY": 0.0, "rotationZ": -53.0 },
						"head": { "offsetX": 0.0, "offsetY": 0.0, "offsetZ": 0.0, "rotationX": -17.0, "rotationY": -30.0, "rotationZ": 6.0 },
						"L ear": { "offsetX": 0.0, "offsetY": 0.0, "offsetZ": 0.0, "rotationX": 0.0, "rotationY": 0.0, "rotationZ": 0.0 },
						"abdomen": { "offsetX": 0.0, "offsetY": 0.0, "offsetZ": 0.0, "rotationX": 6.0, "rotationY": -19.0, "rotationZ": -53.0 },
						"L back leg": { "offsetX": 0.0, "offsetY": 0.0, "offsetZ": 0.0, "rotationX": 14.0, "rotationY": 0.0, "rotationZ": 8.0 },
						"L back feet": { "offsetX": 0.0, "offsetY": 0.0, "offsetZ": 0.0, "rotationX": 0.0, "rotationY": 0.0, "rotationZ": 0.0 },
						"tail": { "offsetX": 0.0, "offsetY": 0.0, "offsetZ": 0.0, "rotationX": -28.0, "rotationY": 39.0, "rotationZ": 44.0 },
						"R back leg": { "offsetX": 0.0, "offsetY": 0.0, "offsetZ": 0.0, "rotationX": -17.0, "rotationY": 0.0, "rotationZ": 28.0 },
						"R back feet": { "offsetX": 0.0, "offsetY": 0.0, "offsetZ": 0.0, "rotationX": 0.0, "rotationY": 0.0, "rotationZ": 0.0 }
					}
				},
				{
					"frame": 44,
					"elements": {
						"Body": { "offsetX": 6.0, "offsetY": 19.0, "offsetZ": -9.0, "rotationX": -83.0, "rotationY": -6.0, "rotationZ": -28.0 },
						"L front leg": { "offsetX": 0.0, "offsetY": 0.0, "offsetZ": 0.0, "rotationX": 19.0, "rotationY": 28.0, "rotationZ": -17.0 },
						"L front feet": { "offsetX": 0.0, "offsetY": 0.0, "offsetZ": 0.0, "rotationX": 0.0, "rotationY": 8.0, "rotationZ": 55.0 },
						"R front leg": { "offsetX": 0.0, "offsetY": 0.0, "offsetZ": 0.0, "rotationX": 0.0, "rotationY": 0.0, "rotationZ": -53.0 },
						"R front feet": { "offsetX": 0.0, "offsetY": 0.0, "offsetZ": 0.0, "rotationX": 0.0, "rotationY": 0.0, "rotationZ": 47.0 },
						"neck": { "offsetX": 0.0, "offsetY": 0.0, "offsetZ": 0.0, "rotationX": 0.0, "rotationY": 0.0, "rotationZ": -53.0 },
						"head": { "offsetX": 0.0, "offsetY": 0.0, "offsetZ": 0.0, "rotationX": -17.0, "rotationY": -30.0, "rotationZ": 6.0 },
						"L ear": { "offsetX": 0.0, "offsetY": 0.0, "offsetZ": 0.0, "rotationX": 0.0, "rotationY": 0.0, "rotationZ": 0.0 },
						"abdomen": { "offsetX": 0.0, "offsetY": 0.0, "offsetZ": 0.0, "rotationX": 6.0, "rotationY": -19.0, "rotationZ": -53.0 },
						"L back leg": { "offsetX": 0.0, "offsetY": 0.0, "offsetZ": 0.0, "rotationX": 14.0, "rotationY": 0.0, "rotationZ": 8.0 },
						"L back feet": { "offsetX": 0.0, "offsetY": 0.0, "offsetZ": 0.0, "rotationX": 0.0, "rotationY": 0.0, "rotationZ": 0.0 },
						"tail": { "offsetX": 0.0, "offsetY": 0.0, "offsetZ": 0.0, "rotationX": -28.0, "rotationY": 39.0, "rotationZ": 44.0 },
						"R back leg": { "offsetX": 0.0, "offsetY": 0.0, "offsetZ": 0.0, "rotationX": -17.0, "rotationY": 0.0, "rotationZ": 28.0 },
						"R back feet": { "offsetX": 0.0, "offsetY": 0.0, "offsetZ": 0.0, "rotationX": 0.0, "rotationY": 0.0, "rotationZ": 0.0 }
					}
				}
			]
		},

		{
			"name": "Run",
			"code": "run",
			"quantityframes": 26,
			"onActivityStopped": "EaseOut",
			"onAnimationEnd": "Repeat",
			"keyframes": [
				{
					"frame": 0,
					"elements": {
						"Body": { "offsetX": 0.0, "offsetY": 0.0, "offsetZ": 0.0, "rotationX": 0.0, "rotationY": 0.0, "rotationZ": 5.0 },
						"neck": { "offsetX": 0.0, "offsetY": 0.0, "offsetZ": 0.0, "rotationX": 0.0, "rotationY": 0.0, "rotationZ": -35.0 },
						"head": { "offsetX": 0.0, "offsetY": 0.0, "offsetZ": 0.0, "rotationX": 0.0, "rotationY": 0.0, "rotationZ": 20.0 },
						"mouth": { "rotationX": 0.0, "rotationY": 0.0, "rotationZ": 0.0 },
						"jaw": { "rotationX": 0.0, "rotationY": 0.0, "rotationZ": 10.0 },
						"L ear": { "rotationX": 0.0, "rotationY": 0.0, "rotationZ": -35.0 },
						"R ear": { "rotationX": 0.0, "rotationY": 0.0, "rotationZ": -35.0 },
						"abdomen": { "offsetX": 0.0, "offsetY": 0.0, "offsetZ": 0.0, "rotationX": 0.0, "rotationY": 0.0, "rotationZ": -10.0 },
						"tail": { "rotationX": 0.0, "rotationY": 0.0, "rotationZ": 0.0 },
						"Tail end": { "rotationX": 0.0, "rotationY": 0.0, "rotationZ": 0.0 },
						"L back leg": { "offsetX": 0.0, "offsetY": 0.0, "offsetZ": 0.0, "rotationX": 0.0, "rotationY": 0.0, "rotationZ": -10.0 },
						"L back feet": { "offsetX": 0.0, "offsetY": 0.0, "offsetZ": 0.0, "rotationX": 0.0, "rotationY": 0.0, "rotationZ": -14.0 },
						"R back leg": { "offsetX": 0.0, "offsetY": 0.5, "offsetZ": 0.0, "rotationX": 0.0, "rotationY": 0.0, "rotationZ": 5.0 },
						"R back feet": { "offsetX": 0.0, "offsetY": 0.0, "offsetZ": 0.0, "rotationX": 0.0, "rotationY": 0.0, "rotationZ": -25.0 },
						"L front leg": { "offsetX": 0.0, "offsetY": 0.0, "offsetZ": 0.0, "rotationX": 0.0, "rotationY": 0.0, "rotationZ": 5.0 },
						"L front feet": { "offsetX": 0.0, "offsetY": 0.0, "offsetZ": 0.0, "rotationX": 0.0, "rotationY": 0.0, "rotationZ": 15.0 },
						"R front leg": { "offsetX": 0.0, "offsetY": 0.4, "offsetZ": 0.0, "rotationX": 0.0, "rotationY": 0.0, "rotationZ": -10.0 },
						"R front feet": { "offsetX": 0.0, "offsetY": 0.0, "offsetZ": 0.0, "rotationX": 0.0, "rotationY": 0.0, "rotationZ": 17.0 }
					}
				},
				{
					"frame": 4,
					"elements": {
						"Body": { "offsetX": 0.0, "offsetY": 0.5, "offsetZ": 0.0, "rotationX": 0.0, "rotationY": 0.0, "rotationZ": -4.0 },
						"L front leg": { "offsetX": 0.0, "offsetY": 1.5, "offsetZ": 0.0, "rotationX": 0.0, "rotationY": 0.0, "rotationZ": 10.0 },
						"L front feet": { "offsetX": 0.0, "offsetY": 0.5, "offsetZ": 0.0, "rotationX": 0.0, "rotationY": 0.0, "rotationZ": 22.0 },
						"R front leg": { "offsetX": 0.0, "offsetY": 1.5, "offsetZ": 0.0, "rotationX": 0.0, "rotationY": 0.0, "rotationZ": 5.0 },
						"R front feet": { "offsetX": 0.0, "offsetY": 0.5, "offsetZ": 0.0, "rotationX": 0.0, "rotationY": 0.0, "rotationZ": 16.0 },
						"abdomen": {  },
						"L back leg": { "offsetX": 0.0, "offsetY": 0.0, "offsetZ": 0.0 },
						"R back leg": { "offsetX": 0.0, "offsetY": 0.1, "offsetZ": 0.0, "rotationX": 0.0, "rotationY": 0.0, "rotationZ": -5.0 }
					}
				},
				{
					"frame": 8,
					"elements": {
						"Body": {  },
						"abdomen": {  },
						"L back leg": { "rotationX": 0.0, "rotationY": 0.0, "rotationZ": 27.0 }
					}
				},
				{
					"frame": 9,
					"elements": {
						"Body": {  },
						"R front leg": { "offsetX": 0.0, "offsetY": 1.0, "offsetZ": 0.0 },
						"R front feet": { "offsetX": 0.0, "offsetY": 0.5, "offsetZ": 0.0 },
						"L front leg": { "offsetX": 0.0, "offsetY": 1.0, "offsetZ": 0.0 },
						"L front feet": { "offsetX": 0.0, "offsetY": 0.5, "offsetZ": 0.0 }
					}
				},
				{
					"frame": 12,
					"elements": {
						"Body": { "rotationX": 0.0, "rotationY": 0.0, "rotationZ": 9.0 },
						"abdomen": {  },
						"R back leg": { "offsetX": 0.0, "offsetY": 0.0, "offsetZ": 0.0, "rotationX": 0.0, "rotationY": 0.0, "rotationZ": 20.0 },
						"R back feet": { "offsetX": 0.0, "offsetY": 0.0, "offsetZ": 0.0, "rotationX": 0.0, "rotationY": 0.0, "rotationZ": 20.0 },
						"L back leg": { "offsetX": 0.0, "offsetY": 0.0, "offsetZ": 0.0, "rotationX": 0.0, "rotationY": 0.0, "rotationZ": 27.0 },
						"L back feet": { "offsetX": 0.0, "offsetY": 0.0, "offsetZ": 0.0, "rotationX": 0.0, "rotationY": 0.0, "rotationZ": 20.0 }
					}
				},
				{
					"frame": 13,
					"elements": {
						"Body": { "offsetX": 0.0, "offsetY": 0.3, "offsetZ": 0.0 },
						"neck": { "offsetX": 0.0, "offsetY": 0.0, "offsetZ": 0.0, "rotationX": 0.0, "rotationY": 0.0, "rotationZ": 15.0 },
						"head": { "offsetX": 0.0, "offsetY": 0.0, "offsetZ": 0.0, "rotationX": 0.0, "rotationY": 0.0, "rotationZ": -10.0 },
						"mouth": { "rotationX": 0.0, "rotationY": 0.0, "rotationZ": 0.0 },
						"abdomen": { "offsetX": 0.0, "offsetY": 0.0, "offsetZ": 0.0, "rotationX": 0.0, "rotationY": 0.0, "rotationZ": 5.0 },
						"tail": { "rotationX": 0.0, "rotationY": 0.0, "rotationZ": 10.0 },
						"Tail end": { "rotationX": 0.0, "rotationY": 0.0, "rotationZ": 15.0 },
						"L front leg": { "offsetX": 0.0, "offsetY": -0.8, "offsetZ": 0.0, "rotationX": 0.0, "rotationY": 0.0, "rotationZ": -45.0 },
						"L front feet": { "offsetX": 0.0, "offsetY": 0.0, "offsetZ": 0.0, "rotationX": 0.0, "rotationY": 0.0, "rotationZ": 0.0 },
						"R front leg": { "offsetX": 0.0, "offsetY": 1.0, "offsetZ": 0.0 },
						"R front feet": { "offsetX": 0.0, "offsetY": 0.0, "offsetZ": 0.0, "rotationX": 0.0, "rotationY": 0.0, "rotationZ": 0.0 }
					}
				},
				{
					"frame": 16,
					"elements": {
						"Body": {  },
						"R front leg": { "offsetX": 0.0, "offsetY": -1.0, "offsetZ": 0.0, "rotationX": 0.0, "rotationY": 0.0, "rotationZ": -50.0 },
						"neck": {  },
						"head": {  },
						"R ear": { "rotationX": 0.0, "rotationY": 0.0, "rotationZ": -35.0 },
						"L ear": { "rotationX": 0.0, "rotationY": 0.0, "rotationZ": -35.0 }
					}
				},
				{
					"frame": 23,
					"elements": {
						"Body": {  },
						"neck": {  },
						"head": {  },
						"R ear": { "rotationX": 0.0, "rotationY": 0.0, "rotationZ": -45.0 },
						"L ear": { "rotationX": 0.0, "rotationY": 0.0, "rotationZ": -45.0 }
					}
				},
				{
					"frame": 24,
					"elements": {
						"Body": {  },
						"abdomen": {  },
						"L back leg": { "rotationX": 0.0, "rotationY": 0.0, "rotationZ": -6.0 }
					}
				}
			]
		},

		{
			"name": "Hurt",
			"code": "hurt",
			"quantityframes": 30,
			"onActivityStopped": "EaseOut",
			"onAnimationEnd": "Stop",
			"keyframes": [
				{
					"frame": 0,
					"elements": {
						"Body": { "offsetX": 0.0, "offsetY": 0.0, "offsetZ": 0.0, "rotationX": 0.0, "rotationY": 0.0, "rotationZ": 0.0 },
						"neck": { "offsetX": 0.0, "offsetY": 0.0, "offsetZ": 0.0, "rotationX": 0.0, "rotationY": 0.0, "rotationZ": 0.0 },
						"head": { "offsetX": 0.0, "offsetY": 0.0, "offsetZ": 0.0, "rotationX": 0.0, "rotationY": 0.0, "rotationZ": 0.0 },
						"L ear": { "rotationX": 0.0, "rotationY": 0.0, "rotationZ": 0.0 },
						"R ear": { "rotationX": 0.0, "rotationY": 0.0, "rotationZ": 0.0 },
						"abdomen": { "offsetX": 0.0, "offsetY": 0.0, "offsetZ": 0.0, "rotationX": 0.0, "rotationY": 0.0, "rotationZ": 0.0 },
						"tail": { "rotationX": 0.0, "rotationY": 0.0, "rotationZ": 0.0 },
						"Tail end": { "rotationX": 0.0, "rotationY": 0.0, "rotationZ": 0.0 },
						"L back leg": { "offsetX": 0.0, "offsetY": 0.0, "offsetZ": 0.0, "rotationX": 0.0, "rotationY": 0.0, "rotationZ": 0.0 },
						"L back feet": { "offsetX": 0.0, "offsetY": 0.0, "offsetZ": 0.0, "rotationX": 0.0, "rotationY": 0.0, "rotationZ": 0.0 },
						"R back leg": { "offsetX": 0.0, "offsetY": 0.0, "offsetZ": 0.0, "rotationX": 0.0, "rotationY": 0.0, "rotationZ": 0.0 },
						"R back feet": { "offsetX": 0.0, "offsetY": 0.0, "offsetZ": 0.0, "rotationX": 0.0, "rotationY": 0.0, "rotationZ": 0.0 },
						"L front leg": { "offsetX": 0.0, "offsetY": 0.0, "offsetZ": 0.0, "rotationX": 0.0, "rotationY": 0.0, "rotationZ": 0.0 },
						"L front feet": { "offsetX": 0.0, "offsetY": 0.0, "offsetZ": 0.0, "rotationX": 0.0, "rotationY": 0.0, "rotationZ": 0.0 },
						"R front leg": { "offsetX": 0.0, "offsetY": 0.0, "offsetZ": 0.0, "rotationX": 0.0, "rotationY": 0.0, "rotationZ": 0.0 },
						"R front feet": { "offsetX": 0.0, "offsetY": 0.0, "offsetZ": 0.0, "rotationX": 0.0, "rotationY": 0.0, "rotationZ": 0.0 }
					}
				},
				{
					"frame": 3,
					"elements": {
						"Body": { "offsetX": 0.2, "offsetY": 0.0, "offsetZ": 0.0 }
					}
				},
				{
					"frame": 4,
					"elements": {
						"Body": { "offsetX": 0.0, "offsetY": 0.0, "offsetZ": 0.0, "rotationX": 5.0, "rotationY": -15.0, "rotationZ": 5.0 },
						"neck": { "offsetX": 0.0, "offsetY": 0.0, "offsetZ": 0.0, "rotationX": 5.0, "rotationY": -10.0, "rotationZ": 15.0 },
						"head": { "offsetX": 0.0, "offsetY": 0.0, "offsetZ": 0.0, "rotationX": 0.0, "rotationY": -10.0, "rotationZ": 0.0 },
						"L ear": { "rotationX": 0.0, "rotationY": 0.0, "rotationZ": -20.0 },
						"R ear": { "rotationX": 0.0, "rotationY": 0.0, "rotationZ": -20.0 },
						"abdomen": { "offsetX": 0.0, "offsetY": 0.0, "offsetZ": 0.0, "rotationX": 0.0, "rotationY": 10.0, "rotationZ": -3.0 },
						"tail": { "rotationX": 0.0, "rotationY": 0.0, "rotationZ": -15.0 },
						"Tail end": { "rotationX": 0.0, "rotationY": 0.0, "rotationZ": -10.0 },
						"L back leg": { "offsetX": 0.0, "offsetY": -0.1, "offsetZ": 0.0, "rotationX": -5.0, "rotationY": 0.0, "rotationZ": 0.0 },
						"L back feet": { "offsetX": 0.0, "offsetY": 0.0, "offsetZ": 0.0, "rotationX": 0.0, "rotationY": 0.0, "rotationZ": -3.0 },
						"R back leg": { "offsetX": 0.0, "offsetY": -0.3, "offsetZ": 0.0, "rotationX": -3.0, "rotationY": -4.0, "rotationZ": -7.0 },
						"R back feet": { "offsetX": 0.0, "offsetY": 0.0, "offsetZ": 0.0, "rotationX": 0.0, "rotationY": 0.0, "rotationZ": 5.0 },
						"L front leg": { "offsetX": 0.0, "offsetY": 0.0, "offsetZ": 0.0, "rotationX": -14.0, "rotationY": 5.0, "rotationZ": 6.0 },
						"L front feet": { "offsetX": 0.0, "offsetY": 0.0, "offsetZ": 0.0, "rotationX": 0.0, "rotationY": 0.0, "rotationZ": -14.0 },
						"R front leg": { "offsetX": 0.0, "offsetY": 0.0, "offsetZ": 0.0, "rotationX": -6.0, "rotationY": -5.0, "rotationZ": 0.0 },
						"R front feet": { "offsetX": 0.0, "offsetY": 0.0, "offsetZ": 0.0, "rotationX": 0.0, "rotationY": 0.0, "rotationZ": -10.0 }
					}
				}
			]
		},

		{
			"name": "Idle",
			"code": "idle",
			"quantityframes": 30,
			"onActivityStopped": "PlayTillEnd",
			"onAnimationEnd": "Repeat",
			"keyframes": [
				{
					"frame": 0,
					"elements": {
						"Body": { "offsetX": 0.0, "offsetY": 0.0, "offsetZ": 0.0, "rotationX": 0.0, "rotationY": 0.0, "rotationZ": 0.0 },
						"neck": { "offsetX": 0.0, "offsetY": 0.0, "offsetZ": 0.0, "rotationX": 0.0, "rotationY": 0.0, "rotationZ": 0.0 },
						"head": { "offsetX": 0.0, "offsetY": 0.0, "offsetZ": 0.0, "rotationX": 0.0, "rotationY": 0.0, "rotationZ": 0.0 },
						"abdomen": { "offsetX": 0.0, "offsetY": 0.0, "offsetZ": 0.0, "rotationX": 0.0, "rotationY": 0.0, "rotationZ": 0.0 },
						"L back leg": { "offsetX": 0.0, "offsetY": 0.0, "offsetZ": 0.0, "rotationX": 0.0, "rotationY": 0.0, "rotationZ": 0.0 },
						"L back feet": { "offsetX": 0.0, "offsetY": 0.0, "offsetZ": 0.0, "rotationX": 0.0, "rotationY": 0.0, "rotationZ": 0.0 },
						"R back leg": { "offsetX": 0.0, "offsetY": 0.0, "offsetZ": 0.0, "rotationX": 0.0, "rotationY": 0.0, "rotationZ": 0.0 },
						"R back feet": { "offsetX": 0.0, "offsetY": 0.0, "offsetZ": 0.0, "rotationX": 0.0, "rotationY": 0.0, "rotationZ": 0.0 },
						"tail": { "offsetX": 0.0, "offsetY": 0.0, "offsetZ": 0.0, "rotationX": 0.0, "rotationY": 0.0, "rotationZ": 0.0 },
						"L front leg": { "offsetX": 0.0, "offsetY": 0.0, "offsetZ": 0.0, "rotationX": 0.0, "rotationY": 0.0, "rotationZ": 0.0 },
						"L front feet": { "offsetX": 0.0, "offsetY": 0.0, "offsetZ": 0.0, "rotationX": 0.0, "rotationY": 0.0, "rotationZ": 0.0 },
						"R front leg": { "offsetX": 0.0, "offsetY": 0.0, "offsetZ": 0.0, "rotationX": 0.0, "rotationY": 0.0, "rotationZ": 0.0 },
						"R front feet": { "offsetX": 0.0, "offsetY": 0.0, "offsetZ": 0.0, "rotationX": 0.0, "rotationY": 0.0, "rotationZ": 0.0 }
					}
				},
				{
					"frame": 15,
					"elements": {
						"Body": { "offsetX": 0.0, "offsetY": 0.0, "offsetZ": 0.0, "rotationX": 0.0, "rotationY": 0.0, "rotationZ": -1.0 },
						"neck": { "offsetX": 0.0, "offsetY": 0.0, "offsetZ": 0.0, "rotationX": 0.0, "rotationY": 0.0, "rotationZ": 0.0 },
						"head": { "offsetX": 0.0, "offsetY": 0.0, "offsetZ": 0.0, "rotationX": 0.0, "rotationY": 0.0, "rotationZ": 0.0 },
						"abdomen": { "offsetX": 0.0, "offsetY": -0.1, "offsetZ": 0.0, "rotationX": 0.0, "rotationY": 0.0, "rotationZ": 2.0 },
						"tail": { "offsetX": 0.0, "offsetY": 0.0, "offsetZ": 0.0, "rotationX": 0.0, "rotationY": 0.0, "rotationZ": -1.0 },
						"L back leg": { "offsetX": 0.0, "offsetY": 0.0, "offsetZ": 0.0, "rotationX": 0.0, "rotationY": 0.0, "rotationZ": -1.0 },
						"L back feet": { "offsetX": 0.0, "offsetY": 0.0, "offsetZ": 0.0, "rotationX": 0.0, "rotationY": 0.0, "rotationZ": 0.0 },
						"R back leg": { "offsetX": 0.0, "offsetY": 0.0, "offsetZ": 0.0, "rotationX": 0.0, "rotationY": 0.0, "rotationZ": -1.0 },
						"R back feet": { "offsetX": 0.0, "offsetY": 0.0, "offsetZ": 0.0, "rotationX": 0.0, "rotationY": 0.0, "rotationZ": 0.0 },
						"L front leg": { "offsetX": 0.0, "offsetY": 0.0, "offsetZ": 0.0, "rotationX": 0.0, "rotationY": 0.0, "rotationZ": 1.0 },
						"L front feet": { "offsetX": 0.0, "offsetY": 0.0, "offsetZ": 0.0, "rotationX": 0.0, "rotationY": 0.0, "rotationZ": 0.0 },
						"R front leg": { "offsetX": 0.0, "offsetY": 0.0, "offsetZ": 0.0, "rotationX": 0.0, "rotationY": 0.0, "rotationZ": 1.0 },
						"R front feet": { "offsetX": 0.0, "offsetY": 0.0, "offsetZ": 0.0, "rotationX": 0.0, "rotationY": 0.0, "rotationZ": 0.0 }
					}
				}
			]
		},

		{
			"name": "Fall",
			"code": "fall",
			"quantityframes": 20,
			"onActivityStopped": "EaseOut",
			"onAnimationEnd": "Repeat",
			"keyframes": [
				{
					"frame": 0,
					"elements": {
						"Body": { "offsetX": 0.0, "offsetY": 0.0, "offsetZ": 0.0, "rotationX": 0.0, "rotationY": 0.0, "rotationZ": 44.0 },
						"neck": { "offsetX": 0.0, "offsetY": 0.0, "offsetZ": 0.0, "rotationX": 0.0, "rotationY": 0.0, "rotationZ": -33.0 },
						"head": { "offsetX": 0.5, "offsetY": 0.0, "offsetZ": 0.0, "rotationX": 0.0, "rotationY": 0.0, "rotationZ": 36.0 },
						"abdomen": { "offsetX": 0.0, "offsetY": 0.0, "offsetZ": 0.0, "rotationX": 0.0, "rotationY": 0.0, "rotationZ": 14.0 },
						"tail": { "offsetX": 0.0, "offsetY": 0.0, "offsetZ": 0.0, "rotationX": 0.0, "rotationY": 0.0, "rotationZ": 30.0 },
						"Tail end": { "rotationX": 0.0, "rotationY": 0.0, "rotationZ": 53.0 },
						"R back leg": { "rotationX": 0.0, "rotationY": 0.0, "rotationZ": -39.0 },
						"R back feet": { "rotationX": 0.0, "rotationY": 0.0, "rotationZ": -11.0 },
						"L back leg": { "rotationX": 0.0, "rotationY": 0.0, "rotationZ": -30.0 },
						"L back feet": { "rotationX": 0.0, "rotationY": 0.0, "rotationZ": -14.0 },
						"L front leg": { "offsetX": 0.0, "offsetY": 0.0, "offsetZ": 0.0, "rotationX": 0.0, "rotationY": 0.0, "rotationZ": -44.0 },
						"L front feet": { "offsetX": 0.0, "offsetY": 1.0, "offsetZ": 0.0, "rotationX": 0.0, "rotationY": 0.0, "rotationZ": -25.0 },
						"R front leg": { "rotationX": 0.0, "rotationY": 0.0, "rotationZ": -50.0 },
						"R front feet": { "offsetX": 0.0, "offsetY": 1.0, "offsetZ": 0.0, "rotationX": 0.0, "rotationY": 0.0, "rotationZ": -25.0 }
					}
				},
				{
					"frame": 10,
					"elements": {
						"Body": { "offsetX": 0.0, "offsetY": 0.0, "offsetZ": 0.0, "rotationX": 0.0, "rotationY": 0.0, "rotationZ": 45.0 },
						"neck": { "offsetX": 0.0, "offsetY": 0.0, "offsetZ": 0.0, "rotationX": 0.0, "rotationY": 0.0, "rotationZ": -34.0 },
						"head": { "offsetX": 0.5, "offsetY": 0.0, "offsetZ": 0.0, "rotationX": 0.0, "rotationY": 0.0, "rotationZ": 35.0 },
						"abdomen": { "offsetX": 0.0, "offsetY": 0.0, "offsetZ": 0.0, "rotationX": 0.0, "rotationY": 0.0, "rotationZ": 14.0 },
						"tail": { "offsetX": 0.0, "offsetY": 0.0, "offsetZ": 0.0, "rotationX": 0.0, "rotationY": 0.0, "rotationZ": 30.0 },
						"Tail end": { "rotationX": 0.0, "rotationY": 0.0, "rotationZ": 54.0 },
						"R back leg": { "rotationX": 0.0, "rotationY": 0.0, "rotationZ": -38.0 },
						"L back leg": { "rotationX": 0.0, "rotationY": 0.0, "rotationZ": -31.0 },
						"L front leg": { "offsetX": 0.0, "offsetY": 0.0, "offsetZ": 0.0, "rotationX": 0.0, "rotationY": 0.0, "rotationZ": -43.0 },
						"R front leg": { "rotationX": 0.0, "rotationY": 0.0, "rotationZ": -51.0 }
					}
				}
			]
		},

		{
			"name": "Swim",
			"code": "swim",
			"quantityframes": 22,
			"onActivityStopped": "EaseOut",
			"onAnimationEnd": "Repeat",
			"keyframes": [
				{
					"frame": 0,
					"elements": {
						"Body": { "offsetX": 0.0, "offsetY": 0.0, "offsetZ": 0.0, "rotationX": 0.0, "rotationY": 0.0, "rotationZ": -5.0 },
						"neck": { "offsetX": 0.0, "offsetY": 0.0, "offsetZ": 0.0, "rotationX": 0.0, "rotationY": 0.0, "rotationZ": -17.0 },
						"head": { "offsetX": 0.0, "offsetY": 0.0, "offsetZ": 0.0, "rotationX": 0.0, "rotationY": 0.0, "rotationZ": 2.0 },
						"abdomen": { "offsetX": 0.0, "offsetY": 0.0, "offsetZ": 0.0, "rotationX": 0.0, "rotationY": 0.0, "rotationZ": -3.0 },
						"tail": { "rotationX": 0.0, "rotationY": 0.0, "rotationZ": 72.0 },
						"Tail end": { "rotationX": 0.0, "rotationY": 0.0, "rotationZ": 14.0 },
						"L back leg": { "offsetX": 0.0, "offsetY": 0.0, "offsetZ": 0.0, "rotationX": 0.0, "rotationY": 0.0, "rotationZ": -28.0 },
						"L back feet": { "rotationX": 0.0, "rotationY": 0.0, "rotationZ": -28.0 },
						"R back leg": { "offsetX": 0.0, "offsetY": 0.0, "offsetZ": 0.0, "rotationX": 0.0, "rotationY": 0.0, "rotationZ": 44.0 },
						"R back feet": { "rotationX": 0.0, "rotationY": 0.0, "rotationZ": 11.0 },
						"L front leg": { "offsetX": 0.0, "offsetY": 0.0, "offsetZ": 0.0, "rotationX": 0.0, "rotationY": 0.0, "rotationZ": -28.0 },
						"L front feet": { "rotationX": 0.0, "rotationY": 0.0, "rotationZ": -8.0 },
						"R front leg": { "offsetX": 0.0, "offsetY": 0.0, "offsetZ": 0.0, "rotationX": 0.0, "rotationY": 0.0, "rotationZ": 28.0 },
						"R front feet": { "rotationX": 0.0, "rotationY": 0.0, "rotationZ": 17.0 }
					}
				},
				{
					"frame": 5,
					"elements": {
						"Body": { "rotationX": 0.0, "rotationY": 0.0, "rotationZ": -4.0 },
						"neck": { "rotationX": 0.0, "rotationY": 0.0, "rotationZ": -18.0 },
						"abdomen": {  },
						"tail": { "rotationX": 0.0, "rotationY": 0.0, "rotationZ": 71.0 }
					}
				},
				{
					"frame": 8,
					"elements": {
						"Body": { "rotationX": 0.0, "rotationY": 0.0, "rotationZ": -6.0 },
						"abdomen": {  },
						"tail": { "rotationX": 0.0, "rotationY": 0.0, "rotationZ": 72.0 },
						"L back leg": { "rotationX": 0.0, "rotationY": 0.0, "rotationZ": 36.0 },
						"L back feet": { "rotationX": 0.0, "rotationY": 0.0, "rotationZ": 19.0 },
						"neck": { "rotationX": 0.0, "rotationY": 0.0, "rotationZ": -16.0 },
						"L front leg": { "offsetX": 0.0, "offsetY": 0.0, "offsetZ": 0.0, "rotationX": 0.0, "rotationY": 0.0, "rotationZ": 28.0 },
						"L front feet": { "rotationX": 0.0, "rotationY": 0.0, "rotationZ": 22.0 }
					}
				},
				{
					"frame": 13,
					"elements": {
						"Body": { "rotationX": 0.0, "rotationY": 0.0, "rotationZ": -5.0 },
						"abdomen": {  },
						"tail": { "rotationX": 0.0, "rotationY": 0.0, "rotationZ": 72.0 },
						"R back leg": { "rotationX": 0.0, "rotationY": 0.0, "rotationZ": -22.0 },
						"R back feet": { "rotationX": 0.0, "rotationY": 0.0, "rotationZ": -28.0 },
						"neck": { "rotationX": 0.0, "rotationY": 0.0, "rotationZ": -17.0 },
						"R front leg": { "rotationX": 0.0, "rotationY": 0.0, "rotationZ": -33.0 },
						"R front feet": { "rotationX": 0.0, "rotationY": 0.0, "rotationZ": -14.0 }
					}
				},
				{
					"frame": 19,
					"elements": {
						"Body": { "rotationX": 0.0, "rotationY": 0.0, "rotationZ": -4.0 },
						"neck": { "rotationX": 0.0, "rotationY": 0.0, "rotationZ": -18.0 },
						"abdomen": {  },
						"tail": { "rotationX": 0.0, "rotationY": 0.0, "rotationZ": 71.0 }
					}
				}
			]
		},

		{
			"name": "SwimIdle",
			"code": "swimidle",
			"quantityframes": 22,
			"onActivityStopped": "EaseOut",
			"onAnimationEnd": "Repeat",
			"keyframes": [
				{
					"frame": 0,
					"elements": {
						"Body": { "offsetX": 0.0, "offsetY": 0.0, "offsetZ": 0.0, "rotationX": 0.0, "rotationY": 0.0, "rotationZ": 0.0 },
						"neck": { "offsetX": 0.0, "offsetY": 0.0, "offsetZ": 0.0, "rotationX": 0.0, "rotationY": 0.0, "rotationZ": -17.0 },
						"head": { "offsetX": 0.0, "offsetY": 0.0, "offsetZ": 0.0, "rotationX": 0.0, "rotationY": 0.0, "rotationZ": 2.0 },
						"abdomen": { "offsetX": 0.0, "offsetY": 0.0, "offsetZ": 0.0, "rotationX": 0.0, "rotationY": 0.0, "rotationZ": -3.0 },
						"tail": { "rotationX": 0.0, "rotationY": 0.0, "rotationZ": 72.0 },
						"Tail end": { "rotationX": 0.0, "rotationY": 0.0, "rotationZ": 14.0 },
						"L back leg": { "offsetX": 0.0, "offsetY": 0.0, "offsetZ": 0.0, "rotationX": 0.0, "rotationY": 0.0, "rotationZ": -22.0 },
						"L back feet": { "rotationX": 0.0, "rotationY": 0.0, "rotationZ": -28.0 },
						"R back leg": { "offsetX": 0.0, "offsetY": 0.0, "offsetZ": 0.0, "rotationX": 0.0, "rotationY": 0.0, "rotationZ": 22.0 },
						"R back feet": { "rotationX": 0.0, "rotationY": 0.0, "rotationZ": 11.0 },
						"L front leg": { "offsetX": 0.0, "offsetY": 0.0, "offsetZ": 0.0, "rotationX": 0.0, "rotationY": 0.0, "rotationZ": -17.0 },
						"L front feet": { "rotationX": 0.0, "rotationY": 0.0, "rotationZ": -8.0 },
						"R front leg": { "offsetX": 0.0, "offsetY": 0.0, "offsetZ": 0.0, "rotationX": 0.0, "rotationY": 0.0, "rotationZ": 11.0 },
						"R front feet": { "rotationX": 0.0, "rotationY": 0.0, "rotationZ": 17.0 }
					}
				},
				{
					"frame": 5,
					"elements": {
						"Body": { "rotationX": 0.0, "rotationY": 0.0, "rotationZ": -1.0 },
						"neck": { "rotationX": 0.0, "rotationY": 0.0, "rotationZ": -16.0 },
						"abdomen": {  },
						"tail": { "rotationX": 0.0, "rotationY": 0.0, "rotationZ": 73.0 }
					}
				},
				{
					"frame": 8,
					"elements": {
						"Body": { "rotationX": 0.0, "rotationY": 0.0, "rotationZ": 0.0 },
						"abdomen": {  },
						"tail": { "rotationX": 0.0, "rotationY": 0.0, "rotationZ": 72.0 },
						"L back leg": { "rotationX": 0.0, "rotationY": 0.0, "rotationZ": 19.0 },
						"L back feet": { "rotationX": 0.0, "rotationY": 0.0, "rotationZ": 19.0 },
						"neck": { "rotationX": 0.0, "rotationY": 0.0, "rotationZ": -17.0 },
						"L front leg": { "offsetX": 0.0, "offsetY": 0.0, "offsetZ": 0.0, "rotationX": 0.0, "rotationY": 0.0, "rotationZ": 11.0 },
						"L front feet": { "rotationX": 0.0, "rotationY": 0.0, "rotationZ": 22.0 }
					}
				},
				{
					"frame": 13,
					"elements": {
						"Body": { "rotationX": 0.0, "rotationY": 0.0, "rotationZ": 0.0 },
						"abdomen": {  },
						"tail": { "rotationX": 0.0, "rotationY": 0.0, "rotationZ": 72.0 },
						"R back leg": { "rotationX": 0.0, "rotationY": 0.0, "rotationZ": -19.0 },
						"R back feet": { "rotationX": 0.0, "rotationY": 0.0, "rotationZ": -28.0 },
						"neck": { "rotationX": 0.0, "rotationY": 0.0, "rotationZ": -17.0 },
						"R front leg": { "rotationX": 0.0, "rotationY": 0.0, "rotationZ": -17.0 },
						"R front feet": { "rotationX": 0.0, "rotationY": 0.0, "rotationZ": -14.0 }
					}
				},
				{
					"frame": 19,
					"elements": {
						"Body": { "rotationX": 0.0, "rotationY": 0.0, "rotationZ": -1.0 },
						"neck": { "rotationX": 0.0, "rotationY": 0.0, "rotationZ": -16.0 },
						"abdomen": {  },
						"tail": { "rotationX": 0.0, "rotationY": 0.0, "rotationZ": 73.0 }
					}
				}
			]
		},

		{
			"name": "Sleep",
			"code": "sleep",
			"quantityframes": 60,
			"onActivityStopped": "Rewind",
			"onAnimationEnd": "Repeat",
			"keyframes": [
				{
					"frame": 0,
					"elements": {
						"Body": { "offsetX": 0.0, "offsetY": -7.0, "offsetZ": 0.0, "rotationX": 0.0, "rotationY": 0.0, "rotationZ": 4.0 },
						"abdomen": { "offsetX": 0.0, "offsetY": -0.7, "offsetZ": 0.0, "rotationX": 0.0, "rotationY": 0.0, "rotationZ": 10.0 },
						"L back leg": { "offsetX": 3.0, "offsetY": 3.0, "offsetZ": 1.0, "rotationX": 0.0, "rotationY": 0.0, "rotationZ": -120.0 },
						"L back feet": { "offsetX": 0.6, "offsetY": 0.0, "offsetZ": 1.0, "rotationX": -5.7, "rotationY": 0.0, "rotationZ": 18.0 },
						"R back leg": { "offsetX": 3.0, "offsetY": 3.0, "offsetZ": -1.0, "rotationX": 0.0, "rotationY": 0.0, "rotationZ": -120.0 },
						"R back feet": { "offsetX": 0.6, "offsetY": 0.0, "offsetZ": -1.0, "rotationX": 5.7, "rotationY": 0.0, "rotationZ": 18.0 },
						"tail": { "rotationX": 0.0, "rotationY": 0.0, "rotationZ": 28.0 },
						"L front leg": { "offsetX": 1.0, "offsetY": 0.0, "offsetZ": 2.0, "rotationX": 0.0, "rotationY": 0.0, "rotationZ": -100.0 },
						"L front feet": { "rotationX": 26.0, "rotationY": 0.0, "rotationZ": 11.0 },
						"R front leg": { "offsetX": 1.0, "offsetY": 0.0, "offsetZ": -2.0, "rotationX": 0.0, "rotationY": 0.0, "rotationZ": -100.0 },
						"R front feet": { "rotationX": -32.0, "rotationY": 0.0, "rotationZ": 12.0 },
						"neck": { "rotationX": 0.0, "rotationY": 0.0, "rotationZ": 0.0 },
						"head": {  },
						"mouth": {  },
						"jaw": { "rotationX": 0.0, "rotationY": 0.0, "rotationZ": 0.0 }
					}
				},
				{
					"frame": 29,
					"elements": {
						"Body": { "offsetX": 0.0, "offsetY": -7.0, "offsetZ": 0.0, "rotationX": 0.0, "rotationY": 0.0, "rotationZ": 4.0 },
						"neck": { "rotationX": 0.0, "rotationY": 0.0, "rotationZ": -2.0 },
						"head": {  },
						"mouth": {  },
						"jaw": { "rotationX": 0.0, "rotationY": 0.0, "rotationZ": 4.0 },
						"abdomen": { "offsetX": 0.0, "offsetY": -0.7, "offsetZ": 0.0, "rotationX": 0.0, "rotationY": 0.0, "rotationZ": 10.0 },
						"tail": { "rotationX": 0.0, "rotationY": 0.0, "rotationZ": 28.0 },
						"L back leg": { "offsetX": 3.0, "offsetY": 3.0, "offsetZ": 1.0, "rotationX": 0.0, "rotationY": 0.0, "rotationZ": -120.0 },
						"L back feet": { "offsetX": 0.6, "offsetY": 0.0, "offsetZ": 1.0, "rotationX": -5.7, "rotationY": 0.0, "rotationZ": 18.0 },
						"R back leg": { "offsetX": 3.0, "offsetY": 3.0, "offsetZ": -1.0, "rotationX": 0.0, "rotationY": 0.0, "rotationZ": -120.0 },
						"R back feet": { "offsetX": 0.6, "offsetY": 0.0, "offsetZ": -1.0, "rotationX": 5.7, "rotationY": 0.0, "rotationZ": 18.0 },
						"L front leg": { "offsetX": 1.0, "offsetY": 0.0, "offsetZ": 2.0, "rotationX": 0.0, "rotationY": 0.0, "rotationZ": -100.0 },
						"L front feet": { "rotationX": 26.0, "rotationY": 0.0, "rotationZ": 11.0 },
						"R front leg": { "offsetX": 1.0, "offsetY": 0.0, "offsetZ": -2.0, "rotationX": 0.0, "rotationY": 0.0, "rotationZ": -100.0 },
						"R front feet": { "rotationX": -32.0, "rotationY": 0.0, "rotationZ": 12.0 }
					}
				},
				{
					"frame": 59,
					"elements": {
						"Body": { "offsetX": 0.0, "offsetY": -7.0, "offsetZ": 0.0, "rotationX": 0.0, "rotationY": 0.0, "rotationZ": 4.0 },
						"neck": { "rotationX": 0.0, "rotationY": 0.0, "rotationZ": 0.0 },
						"head": {  },
						"mouth": {  },
						"jaw": { "rotationX": 0.0, "rotationY": 0.0, "rotationZ": 0.0 },
						"abdomen": { "offsetX": 0.0, "offsetY": -0.7, "offsetZ": 0.0, "rotationX": 0.0, "rotationY": 0.0, "rotationZ": 10.0 },
						"tail": { "rotationX": 0.0, "rotationY": 0.0, "rotationZ": 28.0 },
						"L back leg": { "offsetX": 3.0, "offsetY": 3.0, "offsetZ": 1.0, "rotationX": 0.0, "rotationY": 0.0, "rotationZ": -120.0 },
						"L back feet": { "offsetX": 0.6, "offsetY": 0.0, "offsetZ": 1.0, "rotationX": -5.7, "rotationY": 0.0, "rotationZ": 18.0 },
						"R back leg": { "offsetX": 3.0, "offsetY": 3.0, "offsetZ": -1.0, "rotationX": 0.0, "rotationY": 0.0, "rotationZ": -120.0 },
						"R back feet": { "offsetX": 0.6, "offsetY": 0.0, "offsetZ": -1.0, "rotationX": 5.7, "rotationY": 0.0, "rotationZ": 18.0 },
						"L front leg": { "offsetX": 1.0, "offsetY": 0.0, "offsetZ": 2.0, "rotationX": 0.0, "rotationY": 0.0, "rotationZ": -100.0 },
						"L front feet": { "rotationX": 26.0, "rotationY": 0.0, "rotationZ": 11.0 },
						"R front leg": { "offsetX": 1.0, "offsetY": 0.0, "offsetZ": -2.0, "rotationX": 0.0, "rotationY": 0.0, "rotationZ": -100.0 },
						"R front feet": { "rotationX": -32.0, "rotationY": 0.0, "rotationZ": 12.0 }
					}
				}
			]
		},

		{
			"name": "Eat",
			"code": "eat",
			"quantityframes": 30,
			"onActivityStopped": "Rewind",
			"onAnimationEnd": "Repeat",
			"keyframes": [
				{
					"frame": 0,
					"elements": {
						"Body": {  },
						"neck": { "rotationX": 0.0, "rotationY": 0.0, "rotationZ": 36.0 },
						"head": {  },
						"mouth": {  },
						"jaw": { "rotationX": 0.0, "rotationY": 0.0, "rotationZ": 0.0 }
					}
				},
				{
					"frame": 15,
					"elements": {
						"Body": {  },
						"neck": { "rotationX": 0.0, "rotationY": 0.0, "rotationZ": 36.0 },
						"head": {  },
						"mouth": {  },
						"jaw": { "rotationX": 0.0, "rotationY": 0.0, "rotationZ": 21.0 }
					}
				}
			]
		}
	]
}