{
	"editor": {
		"allAngles": true,
		"singleTexture": true
	},
	"textureWidth": 32,
	"textureHeight": 16,
	"textures": {
	},
	"elements": [
		{
			"name": "body",
			"from": [ 6.0, 2.5, 6.0 ], 
			"to": [ 11.0, 5.5, 9.0 ], 
			"unwrapMode": 5,
			"unwrapRotation": 1,
			"uv": [ 0.0, 0.0 ],
			"rotationOrigin": [ 8.5, 4.0, 7.5 ],
			"faces": {
				"north": { "texture": "#pup", "uv": [ 0.0, 3.0, 3.0, 8.0 ], "rotation": 270 },
				"east": { "texture": "#pup", "uv": [ 3.0, 0.0, 6.0, 3.0 ], "rotation": 180 },
				"south": { "texture": "#pup", "uv": [ 6.0, 3.0, 9.0, 8.0 ], "rotation": 90 },
				"west": { "texture": "#pup", "uv": [ 3.0, 8.0, 6.0, 11.0 ] },
				"up": { "texture": "#pup", "uv": [ 3.0, 3.0, 6.0, 8.0 ], "rotation": 90 },
				"down": { "texture": "#pup", "uv": [ 9.0, 3.0, 12.0, 8.0 ], "rotation": 270 }
			},
			"children": [
				{
					"name": "neck",
					"from": [ -1.2, 1.0, 0.5 ], 
					"to": [ 0.8, 3.0, 2.5 ], 
					"unwrapMode": 5,
					"unwrapRotation": 1,
					"uv": [ 13.0, 0.0 ],
					"rotationOrigin": [ 0.6, 2.0, 1.5 ],
					"rotationZ": -30.0,
					"faces": {
						"north": { "texture": "#pup", "uv": [ 13.0, 2.0, 15.0, 4.0 ], "rotation": 270 },
						"east": { "texture": "#pup", "uv": [ 15.0, 0.0, 17.0, 2.0 ], "rotation": 180 },
						"south": { "texture": "#pup", "uv": [ 17.0, 2.0, 19.0, 4.0 ], "rotation": 90 },
						"west": { "texture": "#pup", "uv": [ 15.0, 4.0, 17.0, 6.0 ] },
						"up": { "texture": "#pup", "uv": [ 15.0, 2.0, 17.0, 4.0 ], "rotation": 90 },
						"down": { "texture": "#pup", "uv": [ 19.0, 2.0, 21.0, 4.0 ], "rotation": 270 }
					},
					"children": [
						{
							"name": "head",
							"from": [ -1.5, -0.1, -0.1 ], 
							"to": [ 0.5, 2.1, 2.1 ], 
							"unwrapMode": 4,
							"uv": [ 22.0, 0.0 ],
							"rotationOrigin": [ -0.1, 1.6, 1.0 ],
							"rotationZ": 42.0,
							"faces": {
								"north": { "texture": "#pup", "uv": [ 22.0, 2.0, 24.0, 4.0 ] },
								"east": { "texture": "#pup", "uv": [ 28.0, 2.0, 30.0, 4.0 ] },
								"south": { "texture": "#pup", "uv": [ 26.0, 2.0, 28.0, 4.0 ] },
								"west": { "texture": "#pup", "uv": [ 24.0, 2.0, 26.0, 4.0 ] },
								"up": { "texture": "#pup", "uv": [ 24.0, 0.0, 26.0, 2.0 ], "rotation": 90 },
								"down": { "texture": "#pup", "uv": [ 24.0, 4.0, 26.0, 6.0 ], "rotation": 90 }
							},
							"children": [
								{
									"name": "mouth up",
									"from": [ -1.4, 1.0, 0.6 ], 
									"to": [ 0.6, 2.0, 1.6 ], 
									"unwrapMode": 5,
									"unwrapRotation": 1,
									"uv": [ 1.0, 12.0 ],
									"rotationOrigin": [ 0.6, 1.5, 1.6 ],
									"rotationZ": 24.0,
									"faces": {
										"north": { "texture": "#pup", "uv": [ 1.0, 13.0, 2.0, 15.0 ], "rotation": 270 },
										"east": { "texture": "#pup", "uv": [ 2.0, 12.0, 3.0, 13.0 ], "rotation": 180, "enabled": false },
										"south": { "texture": "#pup", "uv": [ 3.0, 13.0, 4.0, 15.0 ], "rotation": 90 },
										"west": { "texture": "#pup", "uv": [ 2.0, 15.0, 3.0, 16.0 ] },
										"up": { "texture": "#pup", "uv": [ 2.0, 13.0, 3.0, 15.0 ], "rotation": 90 },
										"down": { "texture": "#pup", "uv": [ 4.0, 13.0, 5.0, 15.0 ], "rotation": 270 }
									}
								},
								{
									"name": "mouth down",
									"from": [ -0.9, 0.4, 0.7 ], 
									"to": [ 1.1, 0.9, 1.5 ], 
									"unwrapMode": 5,
									"unwrapRotation": 1,
									"uv": [ 6.0, 13.0 ],
									"rotationOrigin": [ 1.1, 0.9, 1.7 ],
									"rotationZ": 7.0,
									"faces": {
										"north": { "texture": "#pup", "uv": [ 6.0, 13.5, 6.5, 15.5 ], "rotation": 270 },
										"east": { "texture": "#pup", "uv": [ 6.5, 13.0, 7.0, 13.5 ], "rotation": 180, "enabled": false },
										"south": { "texture": "#pup", "uv": [ 7.0, 13.5, 7.5, 15.5 ], "rotation": 90 },
										"west": { "texture": "#pup", "uv": [ 6.5, 15.5, 7.0, 16.0 ] },
										"up": { "texture": "#pup", "uv": [ 6.5, 13.5, 7.0, 15.5 ], "rotation": 90 },
										"down": { "texture": "#pup", "uv": [ 7.5, 13.5, 8.0, 15.5 ], "rotation": 270 }
									}
								},
								{
									"name": "ear right",
									"from": [ 1.0, 1.8, -0.2 ], 
									"to": [ 1.5, 2.8, 0.8 ], 
									"unwrapMode": 4,
									"uv": [ 11.0, 10.0 ],
									"rotationOrigin": [ 1.5, 1.8, 0.3 ],
									"rotationX": -20.0,
									"rotationY": -30.0,
									"faces": {
										"north": { "texture": "#pup", "uv": [ 11.0, 10.5, 11.5, 11.5 ] },
										"east": { "texture": "#pup", "uv": [ 13.0, 10.5, 14.0, 11.5 ] },
										"south": { "texture": "#pup", "uv": [ 12.5, 10.5, 13.0, 11.5 ] },
										"west": { "texture": "#pup", "uv": [ 11.5, 10.5, 12.5, 11.5 ] },
										"up": { "texture": "#pup", "uv": [ 11.5, 10.0, 12.5, 10.5 ], "rotation": 90 },
										"down": { "texture": "#pup", "uv": [ 11.5, 11.5, 12.5, 12.0 ], "rotation": 90 }
									}
								},
								{
									"name": "ear left",
									"from": [ 1.0, 1.8, 1.3 ], 
									"to": [ 1.5, 2.8, 2.3 ], 
									"unwrapMode": 4,
									"uv": [ 11.0, 12.0 ],
									"rotationOrigin": [ 1.5, 1.8, 1.8 ],
									"rotationX": 20.0,
									"rotationY": 30.0,
									"faces": {
										"north": { "texture": "#pup", "uv": [ 11.0, 12.5, 11.5, 13.5 ] },
										"east": { "texture": "#pup", "uv": [ 13.0, 12.5, 14.0, 13.5 ] },
										"south": { "texture": "#pup", "uv": [ 12.5, 12.5, 13.0, 13.5 ] },
										"west": { "texture": "#pup", "uv": [ 11.5, 12.5, 12.5, 13.5 ] },
										"up": { "texture": "#pup", "uv": [ 11.5, 12.0, 12.5, 12.5 ], "rotation": 90 },
										"down": { "texture": "#pup", "uv": [ 11.5, 13.5, 12.5, 14.0 ], "rotation": 90 }
									}
								}
							]
						}
					]
				},
				{
					"name": "R front leg",
					"from": [ 0.5, -0.5, 0.2 ], 
					"to": [ 1.7, 1.5, 1.4 ], 
					"unwrapMode": 4,
					"uv": [ 15.0, 12.0 ],
					"rotationOrigin": [ 1.1, 1.5, 0.8 ],
					"rotationZ": 5.0,
					"faces": {
						"north": { "texture": "#pup", "uv": [ 15.0, 13.0, 16.0, 15.0 ] },
						"east": { "texture": "#pup", "uv": [ 18.0, 13.0, 19.0, 15.0 ] },
						"south": { "texture": "#pup", "uv": [ 17.0, 13.0, 18.0, 15.0 ] },
						"west": { "texture": "#pup", "uv": [ 16.0, 13.0, 17.0, 15.0 ] },
						"up": { "texture": "#pup", "uv": [ 16.0, 12.0, 17.0, 13.0 ], "rotation": 90, "enabled": false },
						"down": { "texture": "#pup", "uv": [ 16.0, 15.0, 17.0, 16.0 ], "rotation": 90 }
					},
					"children": [
						{
							"name": "R front feet",
							"from": [ 0.1, -2.0, 0.1 ], 
							"to": [ 1.1, 0.5, 1.1 ], 
							"unwrapMode": 4,
							"uv": [ 15.0, 6.0 ],
							"rotationOrigin": [ 0.6, 0.5, 0.6 ],
							"rotationZ": -7.0,
							"faces": {
								"north": { "texture": "#pup", "uv": [ 15.0, 7.0, 16.0, 9.5 ] },
								"east": { "texture": "#pup", "uv": [ 18.0, 7.0, 19.0, 9.5 ] },
								"south": { "texture": "#pup", "uv": [ 17.0, 7.0, 18.0, 9.5 ] },
								"west": { "texture": "#pup", "uv": [ 16.0, 7.0, 17.0, 9.5 ] },
								"up": { "texture": "#pup", "uv": [ 16.0, 6.0, 17.0, 7.0 ], "rotation": 90 },
								"down": { "texture": "#pup", "uv": [ 16.0, 9.5, 17.0, 10.5 ], "rotation": 90 }
							}
						}
					]
				},
				{
					"name": "L front leg",
					"from": [ 0.5, -0.5, 1.6 ], 
					"to": [ 1.7, 1.5, 2.8 ], 
					"unwrapMode": 4,
					"uv": [ 19.0, 12.0 ],
					"rotationOrigin": [ 1.0, 1.5, 2.2 ],
					"rotationZ": 5.0,
					"faces": {
						"north": { "texture": "#pup", "uv": [ 19.0, 13.0, 20.0, 15.0 ] },
						"east": { "texture": "#pup", "uv": [ 22.0, 13.0, 23.0, 15.0 ] },
						"south": { "texture": "#pup", "uv": [ 21.0, 13.0, 22.0, 15.0 ] },
						"west": { "texture": "#pup", "uv": [ 20.0, 13.0, 21.0, 15.0 ] },
						"up": { "texture": "#pup", "uv": [ 20.0, 12.0, 21.0, 13.0 ], "rotation": 90, "enabled": false },
						"down": { "texture": "#pup", "uv": [ 20.0, 15.0, 21.0, 16.0 ], "rotation": 90 }
					},
					"children": [
						{
							"name": "L front feet",
							"from": [ 0.1, -2.0, 0.1 ], 
							"to": [ 1.1, 0.5, 1.1 ], 
							"unwrapMode": 4,
							"uv": [ 19.0, 6.0 ],
							"rotationOrigin": [ 0.6, 0.5, 0.6 ],
							"rotationZ": -7.0,
							"faces": {
								"north": { "texture": "#pup", "uv": [ 19.0, 7.0, 20.0, 9.5 ] },
								"east": { "texture": "#pup", "uv": [ 22.0, 7.0, 23.0, 9.5 ] },
								"south": { "texture": "#pup", "uv": [ 21.0, 7.0, 22.0, 9.5 ] },
								"west": { "texture": "#pup", "uv": [ 20.0, 7.0, 21.0, 9.5 ] },
								"up": { "texture": "#pup", "uv": [ 20.0, 6.0, 21.0, 7.0 ], "rotation": 90 },
								"down": { "texture": "#pup", "uv": [ 20.0, 9.5, 21.0, 10.5 ], "rotation": 90 }
							}
						}
					]
				},
				{
					"name": "L back leg",
					"from": [ 3.5, -0.5, 2.1 ], 
					"to": [ 4.7, 2.5, 3.3 ], 
					"unwrapMode": 2,
					"uv": [ 28.0, 6.0 ],
					"rotationOrigin": [ 4.1, 2.5, 2.7 ],
					"rotationX": 4.0,
					"rotationZ": 25.0,
					"faces": {
						"north": { "texture": "#pup", "uv": [ 30.0, 7.0, 31.0, 10.0 ] },
						"east": { "texture": "#pup", "uv": [ 29.0, 7.0, 30.0, 10.0 ] },
						"south": { "texture": "#pup", "uv": [ 28.0, 7.0, 29.0, 10.0 ] },
						"west": { "texture": "#pup", "uv": [ 31.0, 7.0, 32.0, 10.0 ] },
						"up": { "texture": "#pup", "uv": [ 29.0, 6.0, 30.0, 7.0 ], "rotation": 270 },
						"down": { "texture": "#pup", "uv": [ 29.0, 10.0, 30.0, 11.0 ], "rotation": 270 }
					},
					"children": [
						{
							"name": "L back feet",
							"from": [ 0.1, -2.2, 0.1 ], 
							"to": [ 1.1, 0.8, 1.1 ], 
							"unwrapMode": 2,
							"uv": [ 28.0, 11.0 ],
							"rotationOrigin": [ 0.6, 0.8, 0.6 ],
							"rotationX": -4.0,
							"rotationZ": -23.0,
							"faces": {
								"north": { "texture": "#pup", "uv": [ 30.0, 12.0, 31.0, 15.0 ] },
								"east": { "texture": "#pup", "uv": [ 29.0, 12.0, 30.0, 15.0 ] },
								"south": { "texture": "#pup", "uv": [ 28.0, 12.0, 29.0, 15.0 ] },
								"west": { "texture": "#pup", "uv": [ 31.0, 12.0, 32.0, 15.0 ] },
								"up": { "texture": "#pup", "uv": [ 29.0, 11.0, 30.0, 12.0 ], "rotation": 270 },
								"down": { "texture": "#pup", "uv": [ 29.0, 15.0, 30.0, 16.0 ], "rotation": 270 }
							}
						}
					]
				},
				{
					"name": "tail",
					"from": [ 4.8, 2.4, 1.3 ], 
					"to": [ 6.8, 2.9, 1.8 ], 
					"unwrapMode": 5,
					"unwrapRotation": 1,
					"uv": [ 8.0, 9.0 ],
					"rotationOrigin": [ 4.8, 2.9, 1.5 ],
					"rotationZ": -39.0,
					"faces": {
						"north": { "texture": "#pup", "uv": [ 8.0, 9.5, 8.5, 11.5 ], "rotation": 270 },
						"east": { "texture": "#pup", "uv": [ 8.5, 9.0, 9.0, 9.5 ], "rotation": 180 },
						"south": { "texture": "#pup", "uv": [ 9.0, 9.5, 9.5, 11.5 ], "rotation": 90 },
						"west": { "texture": "#pup", "uv": [ 8.5, 11.5, 9.0, 12.0 ], "enabled": false },
						"up": { "texture": "#pup", "uv": [ 8.5, 9.5, 9.0, 11.5 ], "rotation": 90 },
						"down": { "texture": "#pup", "uv": [ 9.5, 9.5, 10.0, 11.5 ], "rotation": 270 }
					}
				},
				{
					"name": "R back leg",
					"from": [ 3.5, -0.5, -0.2 ], 
					"to": [ 4.7, 2.5, 1.0 ], 
					"unwrapMode": 2,
					"uv": [ 24.0, 6.0 ],
					"rotationOrigin": [ 4.1, 2.5, 0.4 ],
					"rotationX": -4.0,
					"rotationZ": 24.0,
					"faces": {
						"north": { "texture": "#pup", "uv": [ 26.0, 7.0, 27.0, 10.0 ] },
						"east": { "texture": "#pup", "uv": [ 25.0, 7.0, 26.0, 10.0 ] },
						"south": { "texture": "#pup", "uv": [ 24.0, 7.0, 25.0, 10.0 ] },
						"west": { "texture": "#pup", "uv": [ 27.0, 7.0, 28.0, 10.0 ] },
						"up": { "texture": "#pup", "uv": [ 25.0, 6.0, 26.0, 7.0 ], "rotation": 270 },
						"down": { "texture": "#pup", "uv": [ 25.0, 10.0, 26.0, 11.0 ], "rotation": 270 }
					},
					"children": [
						{
							"name": "R back feet",
							"from": [ 0.1, -2.2, 0.1 ], 
							"to": [ 1.1, 0.8, 1.1 ], 
							"unwrapMode": 2,
							"uv": [ 24.0, 11.0 ],
							"rotationOrigin": [ 0.6, 0.8, 0.6 ],
							"rotationX": 4.0,
							"rotationZ": -23.0,
							"faces": {
								"north": { "texture": "#pup", "uv": [ 26.0, 12.0, 27.0, 15.0 ] },
								"east": { "texture": "#pup", "uv": [ 25.0, 12.0, 26.0, 15.0 ] },
								"south": { "texture": "#pup", "uv": [ 24.0, 12.0, 25.0, 15.0 ] },
								"west": { "texture": "#pup", "uv": [ 27.0, 12.0, 28.0, 15.0 ] },
								"up": { "texture": "#pup", "uv": [ 25.0, 11.0, 26.0, 12.0 ], "rotation": 270 },
								"down": { "texture": "#pup", "uv": [ 25.0, 15.0, 26.0, 16.0 ], "rotation": 270 }
							}
						}
					]
				}
			]
		}
	],
	"animations": [
		{
			"name": "Walk",
			"code": "walk",
			"quantityframes": 36,
			"onActivityStopped": "EaseOut",
			"onAnimationEnd": "Repeat",
			"keyframes": [
				{
					"frame": 0,
					"elements": {
						"body": { "offsetX": 0.0, "offsetY": 0.0, "offsetZ": 0.0, "rotationX": -1.0, "rotationY": 0.0, "rotationZ": -3.0 },
						"neck": { "offsetX": 0.0, "offsetY": 0.0, "offsetZ": 0.0, "rotationX": 1.0, "rotationY": 0.0, "rotationZ": 0.0 },
						"head": { "offsetX": 0.0, "offsetY": 0.0, "offsetZ": 0.0, "rotationX": 2.0, "rotationY": 0.0, "rotationZ": 0.0 },
						"R front leg": { "offsetX": 0.0, "offsetY": 0.0, "offsetZ": 0.0, "rotationX": 3.0, "rotationY": 0.0, "rotationZ": 11.0 },
						"R front feet": { "offsetX": 0.0, "offsetY": 0.0, "offsetZ": 0.0, "rotationX": 0.0, "rotationY": 0.0, "rotationZ": 0.0 },
						"L front leg": {  },
						"L front feet": { "offsetX": 0.0, "offsetY": 0.0, "offsetZ": 0.0, "rotationX": 0.0, "rotationY": 0.0, "rotationZ": 0.0 },
						"L back leg": { "offsetX": 0.0, "offsetY": 0.5, "offsetZ": 0.0, "rotationX": 0.0, "rotationY": 0.0, "rotationZ": -3.0 },
						"L back feet": { "offsetX": 0.0, "offsetY": 0.5, "offsetZ": 0.0, "rotationX": 0.0, "rotationY": 0.0, "rotationZ": 0.0 },
						"tail": { "rotationX": 0.0, "rotationY": 0.0, "rotationZ": 0.0 }
					}
				},
				{
					"frame": 3,
					"elements": {
						"body": {  },
						"L front leg": { "offsetX": -0.5, "offsetY": 1.0, "offsetZ": 0.0, "rotationX": 0.0, "rotationY": 0.0, "rotationZ": -19.0 }
					}
				},
				{
					"frame": 4,
					"elements": {
						"body": {  },
						"R back leg": { "offsetX": -0.5, "offsetY": -0.4, "offsetZ": 0.0, "rotationX": 2.0, "rotationY": 0.0, "rotationZ": 22.0 }
					}
				},
				{
					"frame": 8,
					"elements": {
						"body": { "offsetX": 0.0, "offsetY": 0.0, "offsetZ": 0.0, "rotationX": 1.0, "rotationY": -4.0, "rotationZ": 2.0 },
						"neck": { "offsetX": 0.0, "offsetY": 0.0, "offsetZ": 0.0, "rotationX": -1.0, "rotationY": 2.0, "rotationZ": -1.0 },
						"head": { "offsetX": 0.0, "offsetY": 0.0, "offsetZ": 0.0, "rotationX": 0.0, "rotationY": 0.0, "rotationZ": 0.0 },
						"R front leg": { "offsetX": 0.0, "offsetY": 0.0, "offsetZ": 0.0, "rotationX": 2.0, "rotationY": 4.0, "rotationZ": 14.0 },
						"R front feet": { "offsetX": 0.0, "offsetY": 0.0, "offsetZ": 0.0, "rotationX": 0.0, "rotationY": 0.0, "rotationZ": 0.0 },
						"L front leg": {  },
						"L front feet": { "offsetX": 0.0, "offsetY": 0.0, "offsetZ": 0.0, "rotationX": 0.0, "rotationY": 0.0, "rotationZ": 0.0 },
						"L back leg": { "offsetX": 0.0, "offsetY": 0.0, "offsetZ": 0.0, "rotationX": -3.0, "rotationY": 0.0, "rotationZ": -19.0 },
						"L back feet": { "offsetX": 0.0, "offsetY": 0.0, "offsetZ": 0.0, "rotationX": 0.0, "rotationY": 0.0, "rotationZ": 0.0 },
						"tail": { "rotationX": 0.0, "rotationY": 0.0, "rotationZ": 0.0 },
						"R back leg": {  },
						"R back feet": { "offsetX": 0.0, "offsetY": 0.0, "offsetZ": 0.0 }
					}
				},
				{
					"frame": 11,
					"elements": {
						"body": {  },
						"L front leg": { "offsetX": 0.0, "offsetY": -0.5, "offsetZ": 0.0, "rotationX": -5.0, "rotationY": 4.0, "rotationZ": -33.0 }
					}
				},
				{
					"frame": 14,
					"elements": {
						"body": {  },
						"R back leg": { "offsetX": 0.0, "offsetY": 0.5, "offsetZ": 0.0, "rotationX": 0.0, "rotationY": 0.0, "rotationZ": 8.0 }
					}
				},
				{
					"frame": 18,
					"elements": {
						"body": { "offsetX": 0.0, "offsetY": 0.0, "offsetZ": 0.0, "rotationX": 1.0, "rotationY": 0.0, "rotationZ": -3.0 },
						"neck": { "offsetX": 0.0, "offsetY": 0.0, "offsetZ": 0.0, "rotationX": -1.0, "rotationY": 0.0, "rotationZ": 0.0 },
						"head": { "offsetX": 0.0, "offsetY": 0.0, "offsetZ": 0.0, "rotationX": -2.0, "rotationY": 0.0, "rotationZ": 0.0 },
						"R front leg": { "offsetX": -0.5, "offsetY": 0.5, "offsetZ": 0.0, "rotationX": 0.0, "rotationY": 0.0, "rotationZ": -19.0 },
						"R front feet": { "offsetX": 0.0, "offsetY": 0.0, "offsetZ": 0.0, "rotationX": 0.0, "rotationY": 0.0, "rotationZ": 0.0 },
						"L front leg": {  },
						"L front feet": { "offsetX": 0.0, "offsetY": 0.0, "offsetZ": 0.0, "rotationX": 0.0, "rotationY": 0.0, "rotationZ": 0.0 },
						"L back leg": { "offsetX": 0.0, "offsetY": 0.0, "offsetZ": 0.0, "rotationX": -3.0, "rotationY": 0.0, "rotationZ": 17.0 },
						"L back feet": { "offsetX": 0.0, "offsetY": 0.0, "offsetZ": 0.0, "rotationX": 0.0, "rotationY": 0.0, "rotationZ": 0.0 },
						"tail": { "rotationX": 0.0, "rotationY": 0.0, "rotationZ": 0.0 },
						"R back leg": {  },
						"R back feet": { "offsetX": 0.0, "offsetY": 0.5, "offsetZ": 0.0 }
					}
				},
				{
					"frame": 21,
					"elements": {
						"body": {  },
						"L front leg": { "offsetX": 0.0, "offsetY": 0.0, "offsetZ": 0.0, "rotationX": -3.0, "rotationY": 0.0, "rotationZ": 11.0 }
					}
				},
				{
					"frame": 22,
					"elements": {
						"body": {  },
						"R back leg": { "offsetX": 0.0, "offsetY": 0.0, "offsetZ": 0.0, "rotationX": 3.0, "rotationY": 0.0, "rotationZ": -14.0 }
					}
				},
				{
					"frame": 26,
					"elements": {
						"body": { "offsetX": 0.0, "offsetY": 0.0, "offsetZ": 0.0, "rotationX": -1.0, "rotationY": 4.0, "rotationZ": 2.0 },
						"neck": { "offsetX": 0.0, "offsetY": 0.0, "offsetZ": 0.0, "rotationX": 1.0, "rotationY": -2.0, "rotationZ": -1.0 },
						"head": { "offsetX": 0.0, "offsetY": 0.0, "offsetZ": 0.0, "rotationX": 0.0, "rotationY": 0.0, "rotationZ": 0.0 },
						"R front leg": { "offsetX": 0.0, "offsetY": -0.5, "offsetZ": 0.0, "rotationX": 5.0, "rotationY": -4.0, "rotationZ": -33.0 },
						"R front feet": { "offsetX": 0.0, "offsetY": 0.0, "offsetZ": 0.0, "rotationX": 0.0, "rotationY": 0.0, "rotationZ": 0.0 },
						"L front leg": {  },
						"L front feet": { "offsetX": 0.0, "offsetY": 0.0, "offsetZ": 0.0, "rotationX": 0.0, "rotationY": 0.0, "rotationZ": 0.0 },
						"L back leg": { "offsetX": -0.5, "offsetY": -0.7, "offsetZ": 0.0, "rotationX": -2.0, "rotationY": 0.0, "rotationZ": 22.0 },
						"L back feet": { "offsetX": 0.0, "offsetY": 0.0, "offsetZ": 0.0, "rotationX": 0.0, "rotationY": 0.0, "rotationZ": 0.0 },
						"tail": { "rotationX": 0.0, "rotationY": 0.0, "rotationZ": 0.0 },
						"R back leg": {  },
						"R back feet": { "offsetX": 0.0, "offsetY": 0.0, "offsetZ": 0.0 }
					}
				},
				{
					"frame": 29,
					"elements": {
						"body": {  },
						"L front leg": { "offsetX": 0.0, "offsetY": -0.2, "offsetZ": 0.0, "rotationX": -2.0, "rotationY": -4.0, "rotationZ": 14.0 }
					}
				},
				{
					"frame": 31,
					"elements": {
						"body": {  },
						"R back leg": { "offsetX": 0.0, "offsetY": 0.0, "offsetZ": 0.0, "rotationX": 3.0, "rotationY": 0.0, "rotationZ": 6.0 }
					}
				}
			]
		},

		{
			"name": "Run",
			"code": "run",
			"quantityframes": 40,
			"onActivityStopped": "EaseOut",
			"onAnimationEnd": "Repeat",
			"keyframes": [
				{
					"frame": 0,
					"elements": {
						"body": { "offsetX": 2.0, "offsetY": 0.3, "offsetZ": 0.0, "rotationX": 0.0, "rotationY": 0.0, "rotationZ": -22.0 },
						"neck": { "offsetX": 0.0, "offsetY": 0.0, "offsetZ": 0.0, "rotationX": 0.0, "rotationY": 0.0, "rotationZ": 25.0 },
						"head": { "offsetX": 0.0, "offsetY": 0.0, "offsetZ": 0.0, "rotationX": 0.0, "rotationY": 0.0, "rotationZ": -28.0 },
						"R front leg": { "offsetX": 0.0, "offsetY": -0.2, "offsetZ": 0.0, "rotationX": 0.0, "rotationY": 0.0, "rotationZ": 6.0 },
						"R front feet": { "offsetX": 0.0, "offsetY": 0.0, "offsetZ": 0.0, "rotationX": 0.0, "rotationY": 0.0, "rotationZ": 0.0 },
						"L front leg": { "offsetX": 0.0, "offsetY": -0.2, "offsetZ": 0.0, "rotationX": 0.0, "rotationY": 0.0, "rotationZ": 0.0 },
						"L front feet": { "offsetX": 0.0, "offsetY": 0.0, "offsetZ": 0.0, "rotationX": 0.0, "rotationY": 0.0, "rotationZ": 0.0 },
						"L back leg": { "offsetX": 0.0, "offsetY": 0.5, "offsetZ": 0.0, "rotationX": 0.0, "rotationY": 0.0, "rotationZ": 14.0 },
						"L back feet": { "offsetX": 0.0, "offsetY": 0.0, "offsetZ": 0.0, "rotationX": 0.0, "rotationY": 0.0, "rotationZ": -47.0 },
						"tail": { "offsetX": 0.0, "offsetY": 0.0, "offsetZ": 0.0, "rotationX": 0.0, "rotationY": 0.0, "rotationZ": 0.0 },
						"R back leg": { "offsetX": 0.0, "offsetY": 0.5, "offsetZ": 0.0, "rotationX": 0.0, "rotationY": 0.0, "rotationZ": 6.0 },
						"R back feet": { "offsetX": 0.0, "offsetY": 0.0, "offsetZ": 0.0, "rotationX": 0.0, "rotationY": 0.0, "rotationZ": -47.0 }
					}
				},
				{
					"frame": 10,
					"elements": {
						"body": { "offsetX": -1.0, "offsetY": 2.0, "offsetZ": 0.0, "rotationX": 0.0, "rotationY": 0.0, "rotationZ": -14.0 },
						"neck": { "offsetX": 0.0, "offsetY": 0.0, "offsetZ": 0.0, "rotationX": 0.0, "rotationY": 0.0, "rotationZ": 36.0 },
						"head": { "offsetX": 0.0, "offsetY": 0.0, "offsetZ": 0.0, "rotationX": 0.0, "rotationY": 0.0, "rotationZ": -39.0 },
						"R front leg": { "offsetX": 0.0, "offsetY": -0.1, "offsetZ": 0.0, "rotationX": 0.0, "rotationY": 0.0, "rotationZ": 58.0 },
						"R front feet": { "offsetX": 0.0, "offsetY": 0.0, "offsetZ": 0.0, "rotationX": 0.0, "rotationY": 0.0, "rotationZ": 0.0 },
						"L front leg": { "offsetX": 0.0, "offsetY": -0.2, "offsetZ": 0.0, "rotationX": 0.0, "rotationY": 0.0, "rotationZ": 39.0 },
						"L front feet": { "offsetX": 0.0, "offsetY": 0.0, "offsetZ": 0.0, "rotationX": 0.0, "rotationY": 0.0, "rotationZ": 0.0 },
						"L back leg": { "offsetX": 0.0, "offsetY": 0.5, "offsetZ": 0.0, "rotationX": 0.0, "rotationY": 0.0, "rotationZ": 39.0 },
						"L back feet": { "offsetX": 0.0, "offsetY": 0.0, "offsetZ": 0.0, "rotationX": 0.0, "rotationY": 0.0, "rotationZ": 0.0 },
						"tail": { "offsetX": 0.0, "offsetY": 0.0, "offsetZ": 0.0, "rotationX": 0.0, "rotationY": 0.0, "rotationZ": 0.0 },
						"R back leg": { "offsetX": 0.0, "offsetY": 0.5, "offsetZ": 0.0, "rotationX": 0.0, "rotationY": 0.0, "rotationZ": 36.0 },
						"R back feet": { "offsetX": 0.0, "offsetY": 0.0, "offsetZ": 0.0, "rotationX": 0.0, "rotationY": 0.0, "rotationZ": 8.0 }
					}
				},
				{
					"frame": 18,
					"elements": {
						"body": { "offsetX": -2.0, "offsetY": 0.0, "offsetZ": 0.0, "rotationX": 0.0, "rotationY": 0.0, "rotationZ": 14.0 },
						"neck": { "offsetX": 0.0, "offsetY": 0.0, "offsetZ": 0.0, "rotationX": 0.0, "rotationY": 0.0, "rotationZ": 44.0 },
						"head": { "offsetX": 0.0, "offsetY": 0.3, "offsetZ": 0.0, "rotationX": 0.0, "rotationY": 0.0, "rotationZ": -64.0 },
						"R front leg": { "offsetX": 0.0, "offsetY": 0.8, "offsetZ": 0.0, "rotationX": 0.0, "rotationY": 0.0, "rotationZ": -9.0 },
						"R front feet": { "offsetX": 0.0, "offsetY": 0.0, "offsetZ": 0.0, "rotationX": 0.0, "rotationY": 0.0, "rotationZ": 0.0 },
						"L front leg": { "offsetX": 0.0, "offsetY": 0.8, "offsetZ": 0.0, "rotationX": 0.0, "rotationY": 0.0, "rotationZ": -26.0 },
						"L front feet": { "offsetX": 0.0, "offsetY": 0.0, "offsetZ": 0.0, "rotationX": 0.0, "rotationY": 0.0, "rotationZ": 0.0 },
						"L back leg": { "offsetX": 0.0, "offsetY": 0.5, "offsetZ": 0.0, "rotationX": 0.0, "rotationY": 0.0, "rotationZ": 28.0 },
						"L back feet": { "offsetX": 0.0, "offsetY": 0.0, "offsetZ": 0.0, "rotationX": 0.0, "rotationY": 0.0, "rotationZ": -22.0 },
						"tail": { "offsetX": 0.0, "offsetY": 0.0, "offsetZ": 0.0, "rotationX": 0.0, "rotationY": 0.0, "rotationZ": 0.0 },
						"R back leg": { "offsetX": 0.0, "offsetY": 0.5, "offsetZ": 0.0, "rotationX": 0.0, "rotationY": 0.0, "rotationZ": 47.0 },
						"R back feet": { "offsetX": 0.0, "offsetY": 0.0, "offsetZ": 0.0, "rotationX": 0.0, "rotationY": 0.0, "rotationZ": -14.0 }
					}
				},
				{
					"frame": 30,
					"elements": {
						"body": { "offsetX": -1.0, "offsetY": -0.4, "offsetZ": 0.0, "rotationX": 0.0, "rotationY": 0.0, "rotationZ": -3.0 },
						"neck": { "offsetX": 0.0, "offsetY": 0.0, "offsetZ": 0.0, "rotationX": 0.0, "rotationY": 0.0, "rotationZ": 17.0 },
						"head": { "offsetX": 0.0, "offsetY": 0.3, "offsetZ": 0.0, "rotationX": 0.0, "rotationY": 0.0, "rotationZ": -22.0 },
						"R front leg": { "offsetX": 0.0, "offsetY": 0.0, "offsetZ": 0.0, "rotationX": 0.0, "rotationY": 0.0, "rotationZ": -3.0 },
						"R front feet": { "offsetX": 0.0, "offsetY": 0.0, "offsetZ": 0.0, "rotationX": 0.0, "rotationY": 0.0, "rotationZ": 0.0 },
						"L front leg": { "offsetX": 0.0, "offsetY": 0.0, "offsetZ": 0.0, "rotationX": 0.0, "rotationY": 0.0, "rotationZ": -22.0 },
						"L front feet": { "offsetX": 0.0, "offsetY": 0.0, "offsetZ": 0.0, "rotationX": 0.0, "rotationY": 0.0, "rotationZ": 0.0 },
						"L back leg": { "offsetX": 0.0, "offsetY": 0.5, "offsetZ": 0.0, "rotationX": 0.0, "rotationY": 0.0, "rotationZ": 6.0 },
						"L back feet": { "offsetX": 0.0, "offsetY": 0.0, "offsetZ": 0.0, "rotationX": 0.0, "rotationY": 0.0, "rotationZ": 0.0 },
						"tail": { "offsetX": 0.0, "offsetY": 0.0, "offsetZ": 0.0, "rotationX": 0.0, "rotationY": 0.0, "rotationZ": 0.0 },
						"R back leg": { "offsetX": 0.0, "offsetY": 0.5, "offsetZ": 0.0, "rotationX": 0.0, "rotationY": 0.0, "rotationZ": 22.0 },
						"R back feet": { "offsetX": 0.0, "offsetY": 0.0, "offsetZ": 0.0, "rotationX": 0.0, "rotationY": 0.0, "rotationZ": -14.0 }
					}
				}
			]
		},

		{
			"name": "Die",
			"code": "die",
			"quantityframes": 80,
			"onActivityStopped": "PlayTillEnd",
			"onAnimationEnd": "Hold",
			"keyframes": [
				{
					"frame": 0,
					"elements": {
						"body": { "offsetX": 0.0, "offsetY": 0.0, "offsetZ": 0.0, "rotationX": 0.0, "rotationY": 0.0, "rotationZ": 0.0 },
						"neck": { "offsetX": 0.0, "offsetY": 0.0, "offsetZ": 0.0, "rotationX": 0.0, "rotationY": 0.0, "rotationZ": 0.0 },
						"head": { "offsetX": 0.0, "offsetY": 0.0, "offsetZ": 0.0, "rotationX": 0.0, "rotationY": 0.0, "rotationZ": 0.0 },
						"R front leg": { "offsetX": 0.0, "offsetY": 0.0, "offsetZ": 0.0, "rotationX": 0.0, "rotationY": 0.0, "rotationZ": 0.0 },
						"R front feet": { "offsetX": 0.0, "offsetY": 0.0, "offsetZ": 0.0, "rotationX": 0.0, "rotationY": 0.0, "rotationZ": 0.0 },
						"L front leg": { "offsetX": 0.0, "offsetY": 0.0, "offsetZ": 0.0, "rotationX": 0.0, "rotationY": 0.0, "rotationZ": 0.0 },
						"L front feet": { "offsetX": 0.0, "offsetY": 0.0, "offsetZ": 0.0, "rotationX": 0.0, "rotationY": 0.0, "rotationZ": 0.0 },
						"L back leg": { "offsetX": 0.0, "offsetY": 0.0, "offsetZ": 0.0, "rotationX": 0.0, "rotationY": 0.0, "rotationZ": 0.0 },
						"L back feet": { "offsetX": 0.0, "offsetY": 0.0, "offsetZ": 0.0, "rotationX": 0.0, "rotationY": 0.0, "rotationZ": 0.0 },
						"tail": { "rotationX": 0.0, "rotationY": 0.0, "rotationZ": 0.0 },
						"R back leg": { "offsetX": 0.0, "offsetY": 0.0, "offsetZ": 0.0, "rotationX": 0.0, "rotationY": 0.0, "rotationZ": 0.0 },
						"R back feet": { "offsetX": 0.0, "offsetY": 0.0, "offsetZ": 0.0, "rotationX": 0.0, "rotationY": 0.0, "rotationZ": 0.0 }
					}
				},
				{
					"frame": 8,
					"elements": {
						"body": { "offsetX": 1.0, "offsetY": -1.0, "offsetZ": 0.0, "rotationX": -5.0, "rotationY": -10.0, "rotationZ": 13.0 },
						"neck": { "offsetX": 0.0, "offsetY": 0.0, "offsetZ": 0.0, "rotationX": -6.0, "rotationY": -25.0, "rotationZ": 13.0 },
						"head": { "offsetX": 0.0, "offsetY": 0.0, "offsetZ": 0.0, "rotationX": -11.0, "rotationY": 25.0, "rotationZ": 11.0 },
						"R front leg": { "offsetX": 0.0, "offsetY": 1.0, "offsetZ": 0.0, "rotationX": 3.0, "rotationY": -8.0, "rotationZ": -36.0 },
						"R front feet": { "offsetX": 0.0, "offsetY": 0.0, "offsetZ": 0.0, "rotationX": 0.0, "rotationY": 0.0, "rotationZ": 0.0 },
						"L front leg": { "offsetX": 0.0, "offsetY": 1.0, "offsetZ": 0.0, "rotationX": -11.0, "rotationY": 14.0, "rotationZ": -28.0 },
						"L front feet": { "offsetX": 0.0, "offsetY": 0.0, "offsetZ": 0.0, "rotationX": 0.0, "rotationY": 0.0, "rotationZ": 0.0 },
						"L back leg": { "offsetX": 0.0, "offsetY": 0.0, "offsetZ": 0.0, "rotationX": -8.0, "rotationY": 6.0, "rotationZ": 6.0 },
						"L back feet": { "offsetX": 0.0, "offsetY": 0.0, "offsetZ": 0.0, "rotationX": 0.0, "rotationY": 0.0, "rotationZ": -22.0 },
						"tail": { "rotationX": 0.0, "rotationY": 0.0, "rotationZ": 0.0 },
						"R back leg": { "offsetX": 0.0, "offsetY": 0.0, "offsetZ": 0.0, "rotationX": 8.0, "rotationY": -8.0, "rotationZ": 6.0 },
						"R back feet": { "offsetX": 0.0, "offsetY": 0.0, "offsetZ": 0.0, "rotationX": 0.0, "rotationY": 0.0, "rotationZ": -17.0 }
					}
				},
				{
					"frame": 12,
					"elements": {
						"body": { "offsetX": 1.0, "offsetY": -1.0, "offsetZ": 0.0, "rotationX": -3.0, "rotationY": -8.0, "rotationZ": 11.0 },
						"neck": { "offsetX": 0.0, "offsetY": 0.0, "offsetZ": 0.0, "rotationX": -6.0, "rotationY": -22.0, "rotationZ": 11.0 },
						"head": { "offsetX": 0.0, "offsetY": 0.0, "offsetZ": 0.0, "rotationX": -11.0, "rotationY": 25.0, "rotationZ": 11.0 },
						"R front leg": { "offsetX": 0.0, "offsetY": 1.0, "offsetZ": 0.0, "rotationX": 3.0, "rotationY": -8.0, "rotationZ": -36.0 },
						"R front feet": { "offsetX": 0.0, "offsetY": 0.0, "offsetZ": 0.0, "rotationX": 0.0, "rotationY": 0.0, "rotationZ": 0.0 },
						"L front leg": { "offsetX": 0.0, "offsetY": 1.0, "offsetZ": 0.0, "rotationX": -11.0, "rotationY": 14.0, "rotationZ": -28.0 },
						"L front feet": { "offsetX": 0.0, "offsetY": 0.0, "offsetZ": 0.0, "rotationX": 0.0, "rotationY": 0.0, "rotationZ": 0.0 },
						"L back leg": { "offsetX": 0.0, "offsetY": 0.0, "offsetZ": 0.0, "rotationX": -8.0, "rotationY": 6.0, "rotationZ": 6.0 },
						"L back feet": { "offsetX": 0.0, "offsetY": 0.0, "offsetZ": 0.0, "rotationX": 0.0, "rotationY": 0.0, "rotationZ": -22.0 },
						"tail": { "rotationX": 0.0, "rotationY": 0.0, "rotationZ": 0.0 },
						"R back leg": { "offsetX": 0.0, "offsetY": 0.0, "offsetZ": 0.0, "rotationX": 8.0, "rotationY": -8.0, "rotationZ": 6.0 },
						"R back feet": { "offsetX": 0.0, "offsetY": 0.0, "offsetZ": 0.0, "rotationX": 0.0, "rotationY": 0.0, "rotationZ": -17.0 }
					}
				},
				{
					"frame": 40,
					"elements": {
						"body": { "offsetX": 1.0, "offsetY": -1.0, "offsetZ": 0.0, "rotationX": -1.0, "rotationY": -6.0, "rotationZ": 8.0 },
						"neck": { "offsetX": 0.0, "offsetY": 0.0, "offsetZ": 0.0, "rotationX": -6.0, "rotationY": -22.0, "rotationZ": 11.0 },
						"head": { "offsetX": 0.0, "offsetY": 0.0, "offsetZ": 0.0, "rotationX": -11.0, "rotationY": 25.0, "rotationZ": 2.0 },
						"R front leg": { "offsetX": 0.0, "offsetY": 0.8, "offsetZ": 0.0, "rotationX": 6.0, "rotationY": -11.0, "rotationZ": -32.0 },
						"R front feet": { "offsetX": 0.0, "offsetY": 0.0, "offsetZ": 0.0, "rotationX": 0.0, "rotationY": 0.0, "rotationZ": 0.0 },
						"L front leg": { "offsetX": 0.0, "offsetY": 0.8, "offsetZ": 0.0, "rotationX": -11.0, "rotationY": 14.0, "rotationZ": -30.0 },
						"L front feet": { "offsetX": 0.0, "offsetY": 0.0, "offsetZ": 0.0, "rotationX": 0.0, "rotationY": 0.0, "rotationZ": 0.0 },
						"L back leg": { "offsetX": 0.0, "offsetY": 0.0, "offsetZ": 0.0, "rotationX": -5.0, "rotationY": 6.0, "rotationZ": 3.0 },
						"L back feet": { "offsetX": 0.0, "offsetY": 0.3, "offsetZ": 0.0, "rotationX": 0.0, "rotationY": 0.0, "rotationZ": -8.0 },
						"tail": { "rotationX": 0.0, "rotationY": 0.0, "rotationZ": 0.0 },
						"R back leg": { "offsetX": 0.0, "offsetY": 0.2, "offsetZ": 0.0, "rotationX": 11.0, "rotationY": -8.0, "rotationZ": 11.0 },
						"R back feet": { "offsetX": 0.0, "offsetY": 0.0, "offsetZ": 0.0, "rotationX": 0.0, "rotationY": 0.0, "rotationZ": -22.0 }
					}
				},
				{
					"frame": 56,
					"elements": {
						"body": { "offsetX": -4.0, "offsetY": -1.5, "offsetZ": -2.0, "rotationX": -11.0, "rotationY": -14.0, "rotationZ": 5.0 },
						"neck": { "offsetX": 0.0, "offsetY": 0.0, "offsetZ": 0.0, "rotationX": 25.0, "rotationY": 3.0, "rotationZ": 28.0 },
						"head": { "offsetX": 0.0, "offsetY": 0.0, "offsetZ": 0.0, "rotationX": -25.0, "rotationY": 14.0, "rotationZ": -22.0 },
						"R front leg": { "offsetX": 0.0, "offsetY": 1.5, "offsetZ": 0.0, "rotationX": -8.0, "rotationY": -17.0, "rotationZ": 64.0 },
						"R front feet": { "offsetX": 0.0, "offsetY": 0.0, "offsetZ": 0.0, "rotationX": 0.0, "rotationY": 0.0, "rotationZ": 0.0 },
						"L front leg": { "offsetX": 0.0, "offsetY": 0.5, "offsetZ": 0.0, "rotationX": -28.0, "rotationY": -3.0, "rotationZ": 45.0 },
						"L front feet": { "offsetX": 0.0, "offsetY": 0.0, "offsetZ": 0.0, "rotationX": 0.0, "rotationY": 0.0, "rotationZ": 0.0 },
						"L back leg": { "offsetX": 0.0, "offsetY": 0.5, "offsetZ": 0.0, "rotationX": -11.0, "rotationY": 8.0, "rotationZ": 25.0 },
						"L back feet": { "offsetX": 0.0, "offsetY": 0.0, "offsetZ": 0.0, "rotationX": -8.0, "rotationY": 6.0, "rotationZ": 6.0 },
						"tail": { "rotationX": 0.0, "rotationY": 0.0, "rotationZ": 0.0 },
						"R back leg": { "offsetX": 0.0, "offsetY": 0.0, "offsetZ": 0.0, "rotationX": -8.0, "rotationY": 11.0, "rotationZ": 44.0 },
						"R back feet": { "offsetX": 0.0, "offsetY": 0.4, "offsetZ": 0.0, "rotationX": -12.0, "rotationY": 8.0, "rotationZ": -19.0 }
					}
				},
				{
					"frame": 79,
					"elements": {
						"body": { "offsetX": -4.0, "offsetY": -1.5, "offsetZ": -2.0, "rotationX": -11.0, "rotationY": -14.0, "rotationZ": 5.0 },
						"neck": { "offsetX": 0.0, "offsetY": 0.0, "offsetZ": 0.0, "rotationX": 25.0, "rotationY": 3.0, "rotationZ": 28.0 },
						"head": { "offsetX": 0.0, "offsetY": 0.0, "offsetZ": 0.0, "rotationX": -25.0, "rotationY": 14.0, "rotationZ": -22.0 },
						"R front leg": { "offsetX": 0.0, "offsetY": 1.5, "offsetZ": 0.0, "rotationX": -8.0, "rotationY": -17.0, "rotationZ": 64.0 },
						"R front feet": { "offsetX": 0.0, "offsetY": 0.0, "offsetZ": 0.0, "rotationX": 0.0, "rotationY": 0.0, "rotationZ": 0.0 },
						"L front leg": { "offsetX": 0.0, "offsetY": 0.5, "offsetZ": 0.0, "rotationX": -28.0, "rotationY": -3.0, "rotationZ": 45.0 },
						"L front feet": { "offsetX": 0.0, "offsetY": 0.0, "offsetZ": 0.0, "rotationX": 0.0, "rotationY": 0.0, "rotationZ": 0.0 },
						"L back leg": { "offsetX": 0.0, "offsetY": 0.5, "offsetZ": 0.0, "rotationX": -11.0, "rotationY": 8.0, "rotationZ": 25.0 },
						"L back feet": { "offsetX": 0.0, "offsetY": 0.0, "offsetZ": 0.0, "rotationX": -8.0, "rotationY": 6.0, "rotationZ": 6.0 },
						"tail": { "rotationX": 0.0, "rotationY": 0.0, "rotationZ": 0.0 },
						"R back leg": { "offsetX": 0.0, "offsetY": 0.0, "offsetZ": 0.0, "rotationX": -8.0, "rotationY": 11.0, "rotationZ": 44.0 },
						"R back feet": { "offsetX": 0.0, "offsetY": 0.4, "offsetZ": 0.0, "rotationX": -12.0, "rotationY": 8.0, "rotationZ": -19.0 }
					}
				}
			]
		},

		{
			"name": "Hurt",
			"code": "hurt",
			"quantityframes": 30,
			"onActivityStopped": "PlayTillEnd",
			"onAnimationEnd": "Stop",
			"keyframes": [
				{
					"frame": 0,
					"elements": {
						"body": { "offsetX": 0.0, "offsetY": 0.0, "offsetZ": 0.0, "rotationX": 0.0, "rotationY": 0.0, "rotationZ": 0.0 },
						"neck": { "offsetX": 0.0, "offsetY": 0.0, "offsetZ": 0.0, "rotationX": 0.0, "rotationY": 0.0, "rotationZ": 0.0 },
						"head": { "offsetX": 0.0, "offsetY": 0.0, "offsetZ": 0.0, "rotationX": 0.0, "rotationY": 0.0, "rotationZ": 0.0 },
						"ear right": { "rotationX": 0.0, "rotationY": 0.0, "rotationZ": 0.0 },
						"ear left": { "rotationX": 0.0, "rotationY": 0.0, "rotationZ": 0.0 },
						"R front leg": { "offsetX": 0.0, "offsetY": 0.0, "offsetZ": 0.0, "rotationX": 0.0, "rotationY": 0.0, "rotationZ": 0.0 },
						"R front feet": { "offsetX": 0.0, "offsetY": 0.0, "offsetZ": 0.0, "rotationX": 0.0, "rotationY": 0.0, "rotationZ": 0.0 },
						"L front leg": { "offsetX": 0.0, "offsetY": 0.0, "offsetZ": 0.0, "rotationX": 0.0, "rotationY": 0.0, "rotationZ": 0.0 },
						"L front feet": { "offsetX": 0.0, "offsetY": 0.0, "offsetZ": 0.0, "rotationX": 0.0, "rotationY": 0.0, "rotationZ": 0.0 },
						"L back leg": { "offsetX": 0.0, "offsetY": 0.0, "offsetZ": 0.0, "rotationX": 0.0, "rotationY": 0.0, "rotationZ": 0.0 },
						"L back feet": { "offsetX": 0.0, "offsetY": 0.0, "offsetZ": 0.0, "rotationX": 0.0, "rotationY": 0.0, "rotationZ": 0.0 },
						"R back leg": { "offsetX": 0.0, "offsetY": 0.0, "offsetZ": 0.0, "rotationX": 0.0, "rotationY": 0.0, "rotationZ": 0.0 },
						"R back feet": { "offsetX": 0.0, "offsetY": 0.0, "offsetZ": 0.0, "rotationX": 0.0, "rotationY": 0.0, "rotationZ": 0.0 }
					}
				},
				{
					"frame": 5,
					"elements": {
						"body": { "offsetX": 1.0, "offsetY": 0.0, "offsetZ": 0.0, "rotationX": 0.0, "rotationY": 0.0, "rotationZ": 8.0 },
						"neck": { "offsetX": 0.0, "offsetY": 0.0, "offsetZ": 0.0, "rotationX": 0.0, "rotationY": 0.0, "rotationZ": 35.0 },
						"head": { "offsetX": 0.0, "offsetY": 0.0, "offsetZ": 0.0, "rotationX": 0.0, "rotationY": 0.0, "rotationZ": -55.0 },
						"ear right": { "rotationX": 0.0, "rotationY": 0.0, "rotationZ": -25.0 },
						"ear left": { "rotationX": 0.0, "rotationY": 0.0, "rotationZ": -25.0 },
						"R front leg": { "offsetX": 0.0, "offsetY": 0.0, "offsetZ": 0.0, "rotationX": 0.0, "rotationY": 0.0, "rotationZ": -30.0 },
						"R front feet": { "offsetX": 0.0, "offsetY": 0.0, "offsetZ": 0.0, "rotationX": 0.0, "rotationY": 0.0, "rotationZ": 0.0 },
						"L front leg": { "offsetX": 0.0, "offsetY": 0.0, "offsetZ": 0.0, "rotationX": 0.0, "rotationY": 0.0, "rotationZ": -28.0 },
						"L front feet": { "offsetX": 0.0, "offsetY": 0.0, "offsetZ": 0.0, "rotationX": 0.0, "rotationY": 0.0, "rotationZ": 0.0 },
						"L back leg": { "offsetX": 0.0, "offsetY": -0.3, "offsetZ": 0.0, "rotationX": 0.0, "rotationY": 0.0, "rotationZ": -13.0 },
						"L back feet": { "offsetX": 0.0, "offsetY": 0.0, "offsetZ": 0.0, "rotationX": 0.0, "rotationY": 0.0, "rotationZ": -5.0 },
						"R back leg": { "offsetX": 0.0, "offsetY": -0.3, "offsetZ": 0.0, "rotationX": 0.0, "rotationY": 0.0, "rotationZ": -12.0 },
						"R back feet": { "offsetX": 0.0, "offsetY": 0.0, "offsetZ": 0.0, "rotationX": 0.0, "rotationY": 0.0, "rotationZ": -6.0 }
					}
				}
			]
		},

		{
			"name": "Idle",
			"code": "idle",
			"quantityframes": 30,
			"onActivityStopped": "EaseOut",
			"onAnimationEnd": "Repeat",
			"keyframes": [
				{
					"frame": 0,
					"elements": {
						"body": { "offsetX": 0.0, "offsetY": 0.0, "offsetZ": 0.0, "rotationX": 0.0, "rotationY": 0.0, "rotationZ": 0.0 },
						"neck": { "offsetX": 0.0, "offsetY": 0.0, "offsetZ": 0.0, "rotationX": 0.0, "rotationY": 0.0, "rotationZ": 0.0 },
						"head": { "offsetX": 0.0, "offsetY": 0.0, "offsetZ": 0.0, "rotationX": 0.0, "rotationY": 0.0, "rotationZ": 0.0 },
						"R front leg": { "offsetX": 0.0, "offsetY": 0.0, "offsetZ": 0.0, "rotationX": 0.0, "rotationY": 0.0, "rotationZ": 0.0 },
						"R front feet": { "offsetX": 0.0, "offsetY": 0.0, "offsetZ": 0.0, "rotationX": 0.0, "rotationY": 0.0, "rotationZ": 0.0 },
						"L front leg": { "offsetX": 0.0, "offsetY": 0.0, "offsetZ": 0.0, "rotationX": 0.0, "rotationY": 0.0, "rotationZ": 0.0 },
						"L front feet": { "offsetX": 0.0, "offsetY": 0.0, "offsetZ": 0.0, "rotationX": 0.0, "rotationY": 0.0, "rotationZ": 0.0 },
						"L back leg": { "offsetX": 0.0, "offsetY": 0.0, "offsetZ": 0.0, "rotationX": 0.0, "rotationY": 0.0, "rotationZ": 0.0 },
						"L back feet": { "offsetX": 0.0, "offsetY": 0.0, "offsetZ": 0.0, "rotationX": 0.0, "rotationY": 0.0, "rotationZ": 0.0 },
						"R back leg": { "offsetX": 0.0, "offsetY": 0.0, "offsetZ": 0.0, "rotationX": 0.0, "rotationY": 0.0, "rotationZ": 0.0 },
						"R back feet": { "offsetX": 0.0, "offsetY": 0.0, "offsetZ": 0.0, "rotationX": 0.0, "rotationY": 0.0, "rotationZ": 0.0 }
					}
				},
				{
					"frame": 15,
					"elements": {
						"body": { "offsetX": 0.0, "offsetY": 0.0, "offsetZ": 0.0, "rotationX": 0.0, "rotationY": 0.0, "rotationZ": -1.0 },
						"neck": { "offsetX": 0.0, "offsetY": 0.0, "offsetZ": 0.0, "rotationX": 0.0, "rotationY": 0.0, "rotationZ": 1.0 },
						"head": { "offsetX": 0.0, "offsetY": 0.0, "offsetZ": 0.0, "rotationX": 0.0, "rotationY": 0.0, "rotationZ": 0.0 },
						"R front leg": { "offsetX": 0.0, "offsetY": 0.0, "offsetZ": 0.0, "rotationX": 0.0, "rotationY": 0.0, "rotationZ": 1.0 },
						"R front feet": { "offsetX": 0.0, "offsetY": 0.0, "offsetZ": 0.0, "rotationX": 0.0, "rotationY": 0.0, "rotationZ": 0.0 },
						"L front leg": { "offsetX": 0.0, "offsetY": 0.0, "offsetZ": 0.0, "rotationX": 0.0, "rotationY": 0.0, "rotationZ": 1.0 },
						"L front feet": { "offsetX": 0.0, "offsetY": 0.0, "offsetZ": 0.0, "rotationX": 0.0, "rotationY": 0.0, "rotationZ": 0.0 },
						"L back leg": { "offsetX": 0.0, "offsetY": 0.0, "offsetZ": 0.0, "rotationX": 0.0, "rotationY": 0.0, "rotationZ": 1.0 },
						"L back feet": { "offsetX": 0.0, "offsetY": 0.0, "offsetZ": 0.0, "rotationX": 0.0, "rotationY": 0.0, "rotationZ": 0.0 },
						"R back leg": { "offsetX": 0.0, "offsetY": 0.0, "offsetZ": 0.0, "rotationX": 0.0, "rotationY": 0.0, "rotationZ": 1.0 },
						"R back feet": { "offsetX": 0.0, "offsetY": 0.0, "offsetZ": 0.0, "rotationX": 0.0, "rotationY": 0.0, "rotationZ": 0.0 }
					}
				}
			]
		},

		{
			"name": "FallAsleep",
			"code": "fallasleep",
			"quantityframes": 140,
			"onActivityStopped": "EaseOut",
			"onAnimationEnd": "Stop",
			"keyframes": [
				{
					"frame": 0,
					"elements": {
						"body": { "offsetX": 0.0, "offsetY": 0.0, "offsetZ": 0.0, "rotationX": 0.0, "rotationY": 0.0, "rotationZ": 0.0 },
						"neck": { "offsetX": 0.0, "offsetY": 0.0, "offsetZ": 0.0, "rotationX": 0.0, "rotationY": 0.0, "rotationZ": 0.0 },
						"head": { "offsetX": 0.0, "offsetY": 0.0, "offsetZ": 0.0, "rotationX": 0.0, "rotationY": 0.0, "rotationZ": 0.0 },
						"R front leg": { "offsetX": 0.0, "offsetY": 0.0, "offsetZ": 0.0, "rotationX": 0.0, "rotationY": 0.0, "rotationZ": 0.0 },
						"R front feet": { "offsetX": 0.0, "offsetY": 0.0, "offsetZ": 0.0, "rotationX": 0.0, "rotationY": 0.0, "rotationZ": 0.0 },
						"L front leg": { "offsetX": 0.0, "offsetY": 0.0, "offsetZ": 0.0, "rotationX": 0.0, "rotationY": 0.0, "rotationZ": 0.0 },
						"L front feet": { "offsetX": 0.0, "offsetY": 0.0, "offsetZ": 0.0, "rotationX": 0.0, "rotationY": 0.0, "rotationZ": 0.0 },
						"L back leg": { "offsetX": 0.0, "offsetY": 0.0, "offsetZ": 0.0, "rotationX": 0.0, "rotationY": 0.0, "rotationZ": 0.0 },
						"L back feet": { "offsetX": 0.0, "offsetY": 0.0, "offsetZ": 0.0, "rotationX": 0.0, "rotationY": 0.0, "rotationZ": 0.0 },
						"R back leg": { "offsetX": 0.0, "offsetY": 0.0, "offsetZ": 0.0, "rotationX": 0.0, "rotationY": 0.0, "rotationZ": 0.0 },
						"R back feet": { "offsetX": 0.0, "offsetY": 0.0, "offsetZ": 0.0, "rotationX": 0.0, "rotationY": 0.0, "rotationZ": 0.0 }
					}
				},
				{
					"frame": 24,
					"elements": {
						"body": { "offsetX": 3.0, "offsetY": -2.2, "offsetZ": 0.0, "rotationX": 0.0, "rotationY": 0.0, "rotationZ": 5.0 },
						"neck": { "offsetX": 0.0, "offsetY": 0.0, "offsetZ": 0.0, "rotationX": 0.0, "rotationY": 0.0, "rotationZ": 30.0 },
						"head": { "offsetX": 0.0, "offsetY": 0.0, "offsetZ": 0.0, "rotationX": 6.0, "rotationY": 17.0, "rotationZ": -25.0 },
						"R front leg": { "offsetX": 0.0, "offsetY": -0.2, "offsetZ": 0.0, "rotationX": 39.0, "rotationY": 3.0, "rotationZ": -50.0 },
						"R front feet": { "offsetX": 0.0, "offsetY": 0.0, "offsetZ": 0.0, "rotationX": 0.0, "rotationY": 0.0, "rotationZ": -47.0 },
						"L front leg": { "offsetX": 0.0, "offsetY": -0.3, "offsetZ": 0.0, "rotationX": -47.0, "rotationY": -4.0, "rotationZ": -57.0 },
						"L front feet": { "offsetX": 0.0, "offsetY": 0.0, "offsetZ": 0.0, "rotationX": 0.0, "rotationY": 0.0, "rotationZ": -39.0 },
						"L back leg": { "offsetX": 0.0, "offsetY": 0.0, "offsetZ": 0.0, "rotationX": 0.0, "rotationY": 14.0, "rotationZ": -42.0 },
						"L back feet": { "offsetX": 0.0, "offsetY": 0.0, "offsetZ": 0.0, "rotationX": 0.0, "rotationY": 0.0, "rotationZ": -42.0 },
						"R back leg": { "offsetX": 0.0, "offsetY": 0.0, "offsetZ": 0.0, "rotationX": 11.0, "rotationY": -11.0, "rotationZ": -30.0 },
						"R back feet": { "offsetX": 0.0, "offsetY": 0.0, "offsetZ": 0.0, "rotationX": 0.0, "rotationY": 0.0, "rotationZ": -55.0 }
					}
				},
				{
					"frame": 105,
					"elements": {
						"body": { "offsetX": 3.0, "offsetY": -2.2, "offsetZ": 0.0, "rotationX": 0.0, "rotationY": 0.0, "rotationZ": 5.0 },
						"neck": { "offsetX": 0.0, "offsetY": 0.0, "offsetZ": 0.0, "rotationX": 0.0, "rotationY": 0.0, "rotationZ": 30.0 },
						"head": { "offsetX": 0.0, "offsetY": 0.0, "offsetZ": 0.0, "rotationX": 6.0, "rotationY": 17.0, "rotationZ": -25.0 },
						"R front leg": { "offsetX": 0.0, "offsetY": -0.2, "offsetZ": 0.0, "rotationX": 39.0, "rotationY": 3.0, "rotationZ": -50.0 },
						"R front feet": { "offsetX": 0.0, "offsetY": 0.0, "offsetZ": 0.0, "rotationX": 0.0, "rotationY": 0.0, "rotationZ": -47.0 },
						"L front leg": { "offsetX": 0.0, "offsetY": -0.3, "offsetZ": 0.0, "rotationX": -47.0, "rotationY": -4.0, "rotationZ": -57.0 },
						"L front feet": { "offsetX": 0.0, "offsetY": 0.0, "offsetZ": 0.0, "rotationX": 0.0, "rotationY": 0.0, "rotationZ": -39.0 },
						"L back leg": { "offsetX": 0.0, "offsetY": 0.0, "offsetZ": 0.0, "rotationX": 0.0, "rotationY": 14.0, "rotationZ": -42.0 },
						"L back feet": { "offsetX": 0.0, "offsetY": 0.0, "offsetZ": 0.0, "rotationX": 0.0, "rotationY": 0.0, "rotationZ": -42.0 },
						"R back leg": { "offsetX": 0.0, "offsetY": 0.0, "offsetZ": 0.0, "rotationX": 11.0, "rotationY": -11.0, "rotationZ": -30.0 },
						"R back feet": { "offsetX": 0.0, "offsetY": 0.0, "offsetZ": 0.0, "rotationX": 0.0, "rotationY": 0.0, "rotationZ": -55.0 }
					}
				}
			]
		},

		{
			"name": "Fall",
			"code": "fall",
			"quantityframes": 20,
			"onActivityStopped": "EaseOut",
			"onAnimationEnd": "Repeat",
			"keyframes": [
				{
					"frame": 0,
					"elements": {
						"body": { "rotationX": 0.0, "rotationY": 0.0, "rotationZ": 44.0 },
						"neck": { "offsetX": 0.0, "offsetY": 0.0, "offsetZ": 0.0, "rotationX": 0.0, "rotationY": 0.0, "rotationZ": -33.0 },
						"head": { "offsetX": 0.5, "offsetY": 0.0, "offsetZ": 0.0, "rotationX": 0.0, "rotationY": 0.0, "rotationZ": 36.0 },
						"tail": { "offsetX": 0.0, "offsetY": 0.0, "offsetZ": 0.0, "rotationX": 0.0, "rotationY": 0.0, "rotationZ": 30.0 },
						"R back leg": { "rotationX": 0.0, "rotationY": 0.0, "rotationZ": -39.0 },
						"R back feet": { "rotationX": 0.0, "rotationY": 0.0, "rotationZ": -11.0 },
						"L back leg": { "rotationX": 0.0, "rotationY": 0.0, "rotationZ": -30.0 },
						"L back feet": { "rotationX": 0.0, "rotationY": 0.0, "rotationZ": -14.0 },
						"L front leg": { "offsetX": 0.0, "offsetY": 0.0, "offsetZ": 0.0, "rotationX": 0.0, "rotationY": 0.0, "rotationZ": -44.0 },
						"L front feet": { "offsetX": 0.0, "offsetY": 1.0, "offsetZ": 0.0, "rotationX": 0.0, "rotationY": 0.0, "rotationZ": -25.0 },
						"R front leg": { "rotationX": 0.0, "rotationY": 0.0, "rotationZ": -50.0 },
						"R front feet": { "offsetX": 0.0, "offsetY": 1.0, "offsetZ": 0.0, "rotationX": 0.0, "rotationY": 0.0, "rotationZ": -25.0 }
					}
				},
				{
					"frame": 10,
					"elements": {
						"body": { "rotationX": 0.0, "rotationY": 0.0, "rotationZ": 45.0 },
						"neck": { "offsetX": 0.0, "offsetY": 0.0, "offsetZ": 0.0, "rotationX": 0.0, "rotationY": 0.0, "rotationZ": -34.0 },
						"head": { "offsetX": 0.5, "offsetY": 0.0, "offsetZ": 0.0, "rotationX": 0.0, "rotationY": 0.0, "rotationZ": 35.0 },
						"tail": { "offsetX": 0.0, "offsetY": 0.0, "offsetZ": 0.0, "rotationX": 0.0, "rotationY": 0.0, "rotationZ": 30.0 },
						"R back leg": { "rotationX": 0.0, "rotationY": 0.0, "rotationZ": -38.0 },
						"L back leg": { "rotationX": 0.0, "rotationY": 0.0, "rotationZ": -31.0 },
						"L front leg": { "offsetX": 0.0, "offsetY": 0.0, "offsetZ": 0.0, "rotationX": 0.0, "rotationY": 0.0, "rotationZ": -43.0 },
						"R front leg": { "rotationX": 0.0, "rotationY": 0.0, "rotationZ": -51.0 }
					}
				}
			]
		},

		{
			"name": "Swim",
			"code": "swim",
			"quantityframes": 22,
			"onActivityStopped": "EaseOut",
			"onAnimationEnd": "Repeat",
			"keyframes": [
				{
					"frame": 0,
					"elements": {
						"body": { "rotationX": 0.0, "rotationY": 0.0, "rotationZ": -5.0 },
						"neck": { "offsetX": 0.0, "offsetY": 0.0, "offsetZ": 0.0, "rotationX": 0.0, "rotationY": 0.0, "rotationZ": -17.0 },
						"head": { "offsetX": 0.0, "offsetY": 0.0, "offsetZ": 0.0, "rotationX": 0.0, "rotationY": 0.0, "rotationZ": 2.0 },
						"tail": { "rotationX": 0.0, "rotationY": 0.0, "rotationZ": 72.0 },
						"L back leg": { "offsetX": 0.0, "offsetY": 0.0, "offsetZ": 0.0, "rotationX": 0.0, "rotationY": 0.0, "rotationZ": -28.0 },
						"L back feet": { "rotationX": 0.0, "rotationY": 0.0, "rotationZ": -28.0 },
						"R back leg": { "offsetX": 0.0, "offsetY": 0.0, "offsetZ": 0.0, "rotationX": 0.0, "rotationY": 0.0, "rotationZ": 44.0 },
						"R back feet": { "rotationX": 0.0, "rotationY": 0.0, "rotationZ": 11.0 },
						"L front leg": { "offsetX": 0.0, "offsetY": 0.0, "offsetZ": 0.0, "rotationX": 0.0, "rotationY": 0.0, "rotationZ": -28.0 },
						"L front feet": { "rotationX": 0.0, "rotationY": 0.0, "rotationZ": -8.0 },
						"R front leg": { "offsetX": 0.0, "offsetY": 0.0, "offsetZ": 0.0, "rotationX": 0.0, "rotationY": 0.0, "rotationZ": 28.0 },
						"R front feet": { "rotationX": 0.0, "rotationY": 0.0, "rotationZ": 17.0 }
					}
				},
				{
					"frame": 5,
					"elements": {
						"body": { "rotationX": 0.0, "rotationY": 0.0, "rotationZ": -4.0 },
						"neck": { "rotationX": 0.0, "rotationY": 0.0, "rotationZ": -18.0 },
						"tail": { "rotationX": 0.0, "rotationY": 0.0, "rotationZ": 71.0 }
					}
				},
				{
					"frame": 8,
					"elements": {
						"body": { "rotationX": 0.0, "rotationY": 0.0, "rotationZ": -5.0 },
						"tail": { "rotationX": 0.0, "rotationY": 0.0, "rotationZ": 72.0 },
						"L back leg": { "rotationX": 0.0, "rotationY": 0.0, "rotationZ": 36.0 },
						"L back feet": { "rotationX": 0.0, "rotationY": 0.0, "rotationZ": 19.0 },
						"neck": { "rotationX": 0.0, "rotationY": 0.0, "rotationZ": -16.0 },
						"L front leg": { "offsetX": 0.0, "offsetY": 0.0, "offsetZ": 0.0, "rotationX": 0.0, "rotationY": 0.0, "rotationZ": 28.0 },
						"L front feet": { "rotationX": 0.0, "rotationY": 0.0, "rotationZ": 22.0 }
					}
				},
				{
					"frame": 13,
					"elements": {
						"body": { "rotationX": 0.0, "rotationY": 0.0, "rotationZ": -5.0 },
						"tail": { "rotationX": 0.0, "rotationY": 0.0, "rotationZ": 72.0 },
						"R back leg": { "rotationX": 0.0, "rotationY": 0.0, "rotationZ": -22.0 },
						"R back feet": { "rotationX": 0.0, "rotationY": 0.0, "rotationZ": -28.0 },
						"neck": { "rotationX": 0.0, "rotationY": 0.0, "rotationZ": -17.0 },
						"R front leg": { "rotationX": 0.0, "rotationY": 0.0, "rotationZ": -33.0 },
						"R front feet": { "rotationX": 0.0, "rotationY": 0.0, "rotationZ": -14.0 }
					}
				},
				{
					"frame": 19,
					"elements": {
						"body": { "rotationX": 0.0, "rotationY": 0.0, "rotationZ": -4.0 },
						"neck": { "rotationX": 0.0, "rotationY": 0.0, "rotationZ": -18.0 },
						"tail": { "rotationX": 0.0, "rotationY": 0.0, "rotationZ": 71.0 }
					}
				}
			]
		},

		{
			"name": "SwimIdle",
			"code": "swimidle",
			"quantityframes": 22,
			"onActivityStopped": "EaseOut",
			"onAnimationEnd": "Repeat",
			"keyframes": [
				{
					"frame": 0,
					"elements": {
						"body": { "rotationX": 0.0, "rotationY": 0.0, "rotationZ": -2.0 },
						"neck": { "offsetX": 0.0, "offsetY": 0.0, "offsetZ": 0.0, "rotationX": 0.0, "rotationY": 0.0, "rotationZ": -17.0 },
						"head": { "offsetX": 0.0, "offsetY": 0.0, "offsetZ": 0.0, "rotationX": 0.0, "rotationY": 0.0, "rotationZ": 2.0 },
						"tail": { "rotationX": 0.0, "rotationY": 0.0, "rotationZ": 72.0 },
						"L back leg": { "offsetX": 0.0, "offsetY": 0.0, "offsetZ": 0.0, "rotationX": 0.0, "rotationY": 0.0, "rotationZ": -22.0 },
						"L back feet": { "rotationX": 0.0, "rotationY": 0.0, "rotationZ": -28.0 },
						"R back leg": { "offsetX": 0.0, "offsetY": 0.0, "offsetZ": 0.0, "rotationX": 0.0, "rotationY": 0.0, "rotationZ": 22.0 },
						"R back feet": { "rotationX": 0.0, "rotationY": 0.0, "rotationZ": 11.0 },
						"L front leg": { "offsetX": 0.0, "offsetY": 0.0, "offsetZ": 0.0, "rotationX": 0.0, "rotationY": 0.0, "rotationZ": -17.0 },
						"L front feet": { "rotationX": 0.0, "rotationY": 0.0, "rotationZ": -8.0 },
						"R front leg": { "offsetX": 0.0, "offsetY": 0.0, "offsetZ": 0.0, "rotationX": 0.0, "rotationY": 0.0, "rotationZ": 11.0 },
						"R front feet": { "rotationX": 0.0, "rotationY": 0.0, "rotationZ": 17.0 }
					}
				},
				{
					"frame": 5,
					"elements": {
						"body": { "rotationX": 0.0, "rotationY": 0.0, "rotationZ": -1.0 },
						"neck": { "rotationX": 0.0, "rotationY": 0.0, "rotationZ": -18.0 },
						"tail": { "rotationX": 0.0, "rotationY": 0.0, "rotationZ": 73.0 }
					}
				},
				{
					"frame": 8,
					"elements": {
						"body": { "rotationX": 0.0, "rotationY": 0.0, "rotationZ": -2.0 },
						"tail": { "rotationX": 0.0, "rotationY": 0.0, "rotationZ": 72.0 },
						"L back leg": { "rotationX": 0.0, "rotationY": 0.0, "rotationZ": 19.0 },
						"L back feet": { "rotationX": 0.0, "rotationY": 0.0, "rotationZ": 19.0 },
						"neck": { "rotationX": 0.0, "rotationY": 0.0, "rotationZ": -17.0 },
						"L front leg": { "offsetX": 0.0, "offsetY": 0.0, "offsetZ": 0.0, "rotationX": 0.0, "rotationY": 0.0, "rotationZ": 11.0 },
						"L front feet": { "rotationX": 0.0, "rotationY": 0.0, "rotationZ": 22.0 }
					}
				},
				{
					"frame": 13,
					"elements": {
						"body": { "rotationX": 0.0, "rotationY": 0.0, "rotationZ": -2.0 },
						"tail": { "rotationX": 0.0, "rotationY": 0.0, "rotationZ": 72.0 },
						"R back leg": { "rotationX": 0.0, "rotationY": 0.0, "rotationZ": -19.0 },
						"R back feet": { "rotationX": 0.0, "rotationY": 0.0, "rotationZ": -28.0 },
						"neck": { "rotationX": 0.0, "rotationY": 0.0, "rotationZ": -17.0 },
						"R front leg": { "rotationX": 0.0, "rotationY": 0.0, "rotationZ": -17.0 },
						"R front feet": { "rotationX": 0.0, "rotationY": 0.0, "rotationZ": -14.0 }
					}
				},
				{
					"frame": 19,
					"elements": {
						"body": { "rotationX": 0.0, "rotationY": 0.0, "rotationZ": -1.0 },
						"neck": { "rotationX": 0.0, "rotationY": 0.0, "rotationZ": -18.0 },
						"tail": { "rotationX": 0.0, "rotationY": 0.0, "rotationZ": 73.0 }
					}
				}
			]
		},

		{
			"name": "Sleep",
			"code": "sleep",
			"quantityframes": 60,
			"onActivityStopped": "EaseOut",
			"onAnimationEnd": "Stop",
			"keyframes": [
				{
					"frame": 0,
					"elements": {
						"body": { "offsetX": 3.0, "offsetY": -2.2, "offsetZ": 0.0, "rotationX": 0.0, "rotationY": 0.0, "rotationZ": 5.0 },
						"neck": { "offsetX": 0.0, "offsetY": 0.1, "offsetZ": 0.0, "rotationX": 0.0, "rotationY": 0.0, "rotationZ": 30.0 },
						"head": { "offsetX": 0.0, "offsetY": 0.0, "offsetZ": 0.0, "rotationX": 6.0, "rotationY": 17.0, "rotationZ": -25.0 },
						"mouth down": { "rotationX": 0.0, "rotationY": 0.0, "rotationZ": 0.0 },
						"R front leg": { "offsetX": 0.0, "offsetY": -0.2, "offsetZ": 0.0, "rotationX": 39.0, "rotationY": 3.0, "rotationZ": -50.0 },
						"R front feet": { "offsetX": 0.0, "offsetY": 0.0, "offsetZ": 0.0, "rotationX": 0.0, "rotationY": 0.0, "rotationZ": -47.0 },
						"L front leg": { "offsetX": 0.0, "offsetY": -0.3, "offsetZ": 0.0, "rotationX": -47.0, "rotationY": -4.0, "rotationZ": -57.0 },
						"L front feet": { "offsetX": 0.0, "offsetY": 0.0, "offsetZ": 0.0, "rotationX": 0.0, "rotationY": 0.0, "rotationZ": -39.0 },
						"L back leg": { "offsetX": 0.0, "offsetY": 0.0, "offsetZ": 0.0, "rotationX": 0.0, "rotationY": 14.0, "rotationZ": -42.0 },
						"L back feet": { "offsetX": 0.0, "offsetY": 0.0, "offsetZ": 0.0, "rotationX": 0.0, "rotationY": 0.0, "rotationZ": -42.0 },
						"R back leg": { "offsetX": 0.0, "offsetY": 0.0, "offsetZ": 0.0, "rotationX": 11.0, "rotationY": -11.0, "rotationZ": -30.0 },
						"R back feet": { "offsetX": 0.0, "offsetY": 0.0, "offsetZ": 0.0, "rotationX": 0.0, "rotationY": 0.0, "rotationZ": -55.0 }
					}
				},
				{
					"frame": 29,
					"elements": {
						"body": { "offsetX": 3.0, "offsetY": -2.2, "offsetZ": 0.0, "rotationX": 0.0, "rotationY": 0.0, "rotationZ": 5.0 },
						"neck": { "offsetX": 0.0, "offsetY": 0.1, "offsetZ": 0.0, "rotationX": 0.0, "rotationY": 0.0, "rotationZ": 28.0 },
						"head": { "offsetX": 0.0, "offsetY": 0.0, "offsetZ": 0.0, "rotationX": 6.0, "rotationY": 17.0, "rotationZ": -25.0 },
						"mouth down": { "rotationX": 0.0, "rotationY": 0.0, "rotationZ": 5.0 },
						"R front leg": { "offsetX": 0.0, "offsetY": -0.2, "offsetZ": 0.0, "rotationX": 39.0, "rotationY": 3.0, "rotationZ": -50.0 },
						"R front feet": { "offsetX": 0.0, "offsetY": 0.0, "offsetZ": 0.0, "rotationX": 0.0, "rotationY": 0.0, "rotationZ": -47.0 },
						"L front leg": { "offsetX": 0.0, "offsetY": -0.3, "offsetZ": 0.0, "rotationX": -47.0, "rotationY": -4.0, "rotationZ": -57.0 },
						"L front feet": { "offsetX": 0.0, "offsetY": 0.0, "offsetZ": 0.0, "rotationX": 0.0, "rotationY": 0.0, "rotationZ": -39.0 },
						"L back leg": { "offsetX": 0.0, "offsetY": 0.0, "offsetZ": 0.0, "rotationX": 0.0, "rotationY": 14.0, "rotationZ": -42.0 },
						"L back feet": { "offsetX": 0.0, "offsetY": 0.0, "offsetZ": 0.0, "rotationX": 0.0, "rotationY": 0.0, "rotationZ": -42.0 },
						"R back leg": { "offsetX": 0.0, "offsetY": 0.0, "offsetZ": 0.0, "rotationX": 11.0, "rotationY": -11.0, "rotationZ": -30.0 },
						"R back feet": { "offsetX": 0.0, "offsetY": 0.0, "offsetZ": 0.0, "rotationX": 0.0, "rotationY": 0.0, "rotationZ": -55.0 }
					}
				},
				{
					"frame": 59,
					"elements": {
						"body": { "offsetX": 3.0, "offsetY": -2.2, "offsetZ": 0.0, "rotationX": 0.0, "rotationY": 0.0, "rotationZ": 5.0 },
						"neck": { "offsetX": 0.0, "offsetY": 0.1, "offsetZ": 0.0, "rotationX": 0.0, "rotationY": 0.0, "rotationZ": 30.0 },
						"head": { "offsetX": 0.0, "offsetY": 0.0, "offsetZ": 0.0, "rotationX": 6.0, "rotationY": 17.0, "rotationZ": -25.0 },
						"mouth down": { "rotationX": 0.0, "rotationY": 0.0, "rotationZ": 0.0 },
						"R front leg": { "offsetX": 0.0, "offsetY": -0.2, "offsetZ": 0.0, "rotationX": 39.0, "rotationY": 3.0, "rotationZ": -50.0 },
						"R front feet": { "offsetX": 0.0, "offsetY": 0.0, "offsetZ": 0.0, "rotationX": 0.0, "rotationY": 0.0, "rotationZ": -47.0 },
						"L front leg": { "offsetX": 0.0, "offsetY": -0.3, "offsetZ": 0.0, "rotationX": -47.0, "rotationY": -4.0, "rotationZ": -57.0 },
						"L front feet": { "offsetX": 0.0, "offsetY": 0.0, "offsetZ": 0.0, "rotationX": 0.0, "rotationY": 0.0, "rotationZ": -39.0 },
						"L back leg": { "offsetX": 0.0, "offsetY": 0.0, "offsetZ": 0.0, "rotationX": 0.0, "rotationY": 14.0, "rotationZ": -42.0 },
						"L back feet": { "offsetX": 0.0, "offsetY": 0.0, "offsetZ": 0.0, "rotationX": 0.0, "rotationY": 0.0, "rotationZ": -42.0 },
						"R back leg": { "offsetX": 0.0, "offsetY": 0.0, "offsetZ": 0.0, "rotationX": 11.0, "rotationY": -11.0, "rotationZ": -30.0 },
						"R back feet": { "offsetX": 0.0, "offsetY": 0.0, "offsetZ": 0.0, "rotationX": 0.0, "rotationY": 0.0, "rotationZ": -55.0 }
					}
				}
			]
		},

		{
			"name": "Eat",
			"code": "eat",
			"quantityframes": 30,
			"onActivityStopped": "Rewind",
			"onAnimationEnd": "Repeat",
			"keyframes": [
				{
					"frame": 0,
					"elements": {
						"body": {  },
						"neck": { "rotationX": 0.0, "rotationY": 0.0, "rotationZ": 53.0 },
						"tail": { "rotationX": 0.0, "rotationY": 0.0, "rotationZ": 0.0 }
					}
				},
				{
					"frame": 15,
					"elements": {
						"body": {  },
						"neck": { "rotationX": 0.0, "rotationY": 0.0, "rotationZ": 53.0 },
						"head": {  },
						"mouth down": { "rotationX": 0.0, "rotationY": 0.0, "rotationZ": 14.0 }
					}
				}
			]
		}
	]
}