{
	code: "pig-boar",
	class: "EntityAgent",
	hitboxSize: { x: 0.99, y: 0.8 },
	eyeHeight: 0.7,
	variantgroups: [
		{ code: "color", states: ["ashgrey", "brown", "chocolate", "darkgrey", "smokegrey", "walnut"] }],
	drops: [
		{
			type: "block",
			code: "neolithicmod:dead-pig-boar-{color}",
		},
	],
	client: {
		renderer: "Shape",
		shape: { base: "entity/land/pig/boar" },
		texture: { base: "entity/pig/{color}" },
		behaviors: [{ code: "repulseagents" }, { code: "controlledphysics", stepHeight: 1.0001 }, { code: "interpolateposition" }],
		animations: [
			{
				code: "hurt",
				animation: "hurt", 
				animationSpeed: 2.2,
				weight: 10,
				blendMode: "AddAverage" 
			}
		]
	},
	server: {
		behaviors: [
			{ code: "repulseagents" }, 
			{ code: "controlledphysics", stepHeight: 1.0001 },
			{ code: "despawn", minPlayerDistance: 8, belowLightLevel: 8, minSeconds: 300 },
			{ code: "health", currenthealth: 25, maxhealth: 25, },
			{ code: "breathe" },
			{ 
				code: "emotionstates",
				states: [
					{ code: "aggressiveondamage", duration: 20, chance: 0.9, slot: 0, prority: 2, accumType: "noaccum" },
					{ code: "fleeondamage", duration: 10, chance: 1, slot: 0, prority: 1, accumType: "max" }
				],
			},
			{ 
				code: "taskai",
				aitasks: [
					{
						code: "meleeattack",
						entityCodes: ["player"],
						priority: 2,
						damage: 5,
						mincooldown: 2500, 
						maxcooldown: 3500, 
						attackDurationMs: 900,
						damagePlayerAtMs: 300,
						animation: "Attack",
						animationSpeed: 2,
						whenInEmotionState: "aggressiveondamage",
						sound: "creature/pig/pig-attack",
					},
					{
						code: "seekentity",
						entityCodes: ["player"],
						priority: 1.9,
						mincooldown: 1000, 
						maxcooldown: 1500, 
						seekingRange: 5,
						movespeed: 0.025,
						animation: "Run",
						animationSpeed: 4,
						whenInEmotionState: "aggressiveondamage"
					},
					{
						code: "AiTaskSleep",
						priority: 1.8,
						priorityForCancel: 1.35,
						animation: "sleep",
						isnocturnal: false,
						cancelOnHurt: true,
						animationSpeed: 0.20
					},
					{
						code: "seekentity",
						entityCodes: ["player"],
						priority: 1.5,
						mincooldown: 1000, 
						maxcooldown: 1500, 
						seekingRange: 20,
						movespeed: 0.025,
						animation: "Run",
						animationSpeed: 4,
						whenInEmotionState: "aggressiveondamage"
					},
					{
						code: "fleeentity",
						entityCodes: ["player"],
						priority: 1.5,
						movespeed: 0.02,
						seekingRange: 12,
						animation: "Run",
						animationSpeed: 4,
						sound: "creature/pig/pig-hurt",
						whenInEmotionState: "fleeondamage"
					},
					{
						code: "getoutofwater",
						priority: 1.4,
						movespeed: 0.015,
						animation: "Walk",
						animationSpeed: 2.2
					},
					{
						code: "seekfoodandeat",
						movespeed: 0.004,
						priority: 1.3,
						animationSpeed: 2,
						animation: "Walk",
						eatSound: "player/eat",
						eatTime: 1.5,
						mincooldownHours: 1,
						maxcooldownHours: 4,
						doConsumePortion: false
					},
					{
						code: "idle",
						priority: 1.2,
						priorityForCancel: 1.35,
						minduration: 2500,
						maxduration: 2500,
						mincooldown: 6000,
						maxcooldown: 20000,
						animation: "Idle",
						animationSpeed: 1.25
					},
					{
						code: "idle",
						priority: 1.1,
						priorityForCancel: 1.35,
						minduration: 3200,
						maxduration: 3200,
						mincooldown: 6000,
						maxcooldown: 20000,
						animation: "Dig",
						animationSpeed: 1.5
					},
					{
						code: "wander", 
						priority: 1.0, 
						priorityForCancel: 1.35,
						movespeed: 0.004,
						animationSpeed: 2,
						animation: "Walk",
						preferredLightLevel: 20
					},
					{ 
						code: "lookaround", 
						priority: 0.5
					}
				]
			}
		],
		spawnconditions: {
			worldgen: {
				TriesPerChunk: { avg: 0.1, var: 0 },
				tryOnlySurface: true,
				minLightLevel: 10,
				groupSize: { dist: "verynarrowgaussian", avg: 3, var: 4 },
				insideBlockCodes: ["air", "tallgrass-*"],
				minTemp: 5,
				maxTemp: 28,
				minRain: 0.45,
				minForest: 0.35,
				companionsByType: {
					"pig-boar-ashgrey":
						["pig-sow-ashgrey", "pig-piglet"],
					"pig-boar-brown":
						["pig-sow-brown", "pig-piglet"],
					"pig-boar-chocolate":
						["pig-sow-chocolate", "pig-piglet"],
					"pig-boar-darkgrey":
						["pig-sow-darkgrey", "pig-piglet"],
					"pig-boar-smokegrey":
						["pig-sow-smokegrey", "pig-piglet"],
					"pig-boar-walnut":
						["pig-sow-walnut", "pig-piglet"]
				}
			},
			runtime: {
				group: "neutral",
				tryOnlySurface: true,
				chance: 0.003,
				maxQuantity: 4,
				minLightLevel: 10,
				groupSize: { dist: "verynarrowgaussian", avg: 3, var: 4 },
				insideBlockCodes: ["air", "tallgrass-*"],
				minTemp: 5,
				maxTemp: 28,
				minRain: 0.45,
				minForestOrShrubs: 0.35,
				companionsByType: {
					"pig-boar-ashgrey":
						["pig-sow-ashgrey", "pig-piglet"],
					"pig-boar-brown":
						["pig-sow-brown", "pig-piglet"],
					"pig-boar-chocolate":
						["pig-sow-chocolate", "pig-piglet"],
					"pig-boar-darkgrey":
						["pig-sow-darkgrey", "pig-piglet"],
					"pig-boar-smokegrey":
						["pig-sow-smokegrey", "pig-piglet"],
					"pig-boar-walnut":
						["pig-sow-walnut", "pig-piglet"]
				}
			}
		}
	},
	sounds: {
		hurt: "creature/pig/pig-hurt",
		death: "creature/pig/pig-hurt",
		idle: "creature/pig/pig-idle"
	},
	idleSoundChance: 0.01
}