{
	code: "dead-hyena",
	class: "BlockPlaceOnDrop",
	maxStackSize: 1,
	resistance: 13,
	entityClass: "NeolithicTransient",
	attributes: {
		convertFrom: "dead-hyena-*",
		convertTo: "dead-rotten-large", 
		eatenTo: "dead-rotten-large", 
		inGameHours: "24",
		contentConfig: [
			{
				foodFor: ["game:wolf-*", "game:fox-*"],
			}
		],
	},
	behaviors:
	[
		{
			name: "Carryable",
			properties:
			{
				translation: [ -0.6, 0.7, -0.38 ],
				rotation: [ 90, 0, 0 ],
				scale: 0.85
			}
		}
	],
	creativeinventory: { "general": ["*"], "neolithicfauna": ["*"] },
	variantgroups: 
	[
		{ code: "type", states: ["wild-male","wild-female-tan", "wild-female-brown", ] }
	],
	textures: 
	{
		all: { base: "entity/hyena/{type}" },
	},
	shapeByType: 
	{
		"*":
		{
			base: "block/dead/hyena",
			alternates: 
			[
				{ base: "block/dead/hyena", rotateY: 45 },
				{ base: "block/dead/hyena", rotateY: 90 },
				{ base: "block/dead/hyena", rotateY: 135 },
				{ base: "block/dead/hyena", rotateY: 180 },
				{ base: "block/dead/hyena", rotateY: 225 },		
				{ base: "block/dead/hyena", rotateY: 270 },
				{ base: "block/dead/hyena", rotateY: 45 },
				{ base: "block/dead/hyena", rotateY: 90 },
				{ base: "block/dead/hyena", rotateY: 135 },
				{ base: "block/dead/hyena", rotateY: 180 },
				{ base: "block/dead/hyena", rotateY: 225 },		
				{ base: "block/dead/hyena", rotateY: 270 }
			]
		}
	},
	randomDrawOffset: true,
	lightAbsorption: 0,
	sidesolid: { all: false },
	sideopaque: { all: false },
	selectionbox: { x1: 0, y1: 0, z1: 0, x2: 1, y2: 0.4, z2: 1 },
	collisionbox: null,
	materialDensity: 3000,
	guiTransform: 
	{
		rotation: { x: -22.5937, y: 190, z: 0 },
		origin: { x: 0.5, y: 0.22, z: 0.5 },
		scale: 1.22
	},
	fpHandTransform:
	{
		rotation: { x: 0, y: -24, z: 0 }
	},
	tpHandTransform:
	{
		translation: { x: -1.3, y: -0.7, z: -0.8 },
		rotation: { x: 2, y: 31, z: -25 },
		scale: 0.6
	},
	dropsByType: 
	{
		"*-female-tan":
		[
			{
				type: "block", 
				code: "hyenaheadtrophy-wild-female-tan-ground-north", 
				quantity: { avg: 0.3, var: 0 } ,
				tool:"saw"
			},
			{
				type: "block", 
				code: "headless-hyena-wild-female-tan", 
				quantity: { avg: 1, var: 0 } ,
				tool:"saw"
			},
			{
				type: "block", 
				code: "hyenaheadtrophy-wild-female-tan-ground-north", 
				quantity: { avg: 0.2, var: 0 } ,
				tool:"sword"
			},
			{
				type: "block", 
				code: "headless-hyena-wild-female-tan", 
				quantity: { avg: 1, var: 0 } ,
				tool:"sword"
			},
			{
				type: "block", 
				code: "hyenaheadtrophy-wild-female-tan-ground-north", 
				quantity: { avg: 0.1, var: 0 } ,
				tool:"axe"
			},
			{
				type: "block", 
				code: "headless-hyena-wild-female-tan", 
				quantity: { avg: 1, var: 0 } ,
				tool:"axe"
			},
			{
				type: "block", 
				code: "skinned-hyena", 
				quantity: { avg: 1, var: 0 } ,
				tool:"knife"
			},
			{
				type: "block", 
				code: "hyenapelt-ground-east", 
				quantity: { avg: 0.1, var: 0 } ,
				tool:"knife",
				lastDrop: true
			},
			{
				type: "item", 
				code: "game:hide-raw", 
				quantity: { avg: 5, var: 1 } ,
				tool:"knife",
				lastDrop: true
				
			},
		],
		"*-female-brown":
		[
			{
				type: "block", 
				code: "hyenaheadtrophy-wild-female-brown-ground-north", 
				quantity: { avg: 0.3, var: 0 } ,
				tool:"saw"
			},
			{
				type: "block", 
				code: "headless-hyena-wild-female-brown", 
				quantity: { avg: 1, var: 0 } ,
				tool:"saw"
			},
			{
				type: "block", 
				code: "hyenaheadtrophy-wild-female-brown-ground-north", 
				quantity: { avg: 0.2, var: 0 } ,
				tool:"sword"
			},
			{
				type: "block", 
				code: "headless-hyena-wild-female-brown", 
				quantity: { avg: 1, var: 0 } ,
				tool:"sword"
			},
			{
				type: "block", 
				code: "hyenaheadtrophy-wild-female-brown-ground-north", 
				quantity: { avg: 0.1, var: 0 } ,
				tool:"axe"
			},
			{
				type: "block", 
				code: "headless-hyena-wild-female-brown", 
				quantity: { avg: 1, var: 0 } ,
				tool:"axe"
			},
			{
				type: "block", 
				code: "skinned-hyena", 
				quantity: { avg: 1, var: 0 } ,
				tool:"knife"
			},
			{
				type: "block", 
				code: "hyenapelt-ground-east", 
				quantity: { avg: 0.1, var: 0 } ,
				tool:"knife",
				lastDrop: true
			},
			{
				type: "item", 
				code: "game:hide-raw", 
				quantity: { avg: 5, var: 1 } ,
				tool:"knife",
				lastDrop: true
				
			},
		],
		
		"*-male": 
		[
			{
				type: "block", 
				code: "hyenaheadtrophy-wild-male-ground-north", 
				quantity: { avg: 0.3, var: 0} ,
				tool:"saw"
			},
			{
				type: "block", 
				code: "headless-hyena-wild-male", 
				quantity: { avg: 1, var:0} ,
				tool:"saw"
			},
			{
				type: "block", 
				code: "hyenaheadtrophy-wild-male-ground-north", 
				quantity: { avg: 0.2, var: 0} ,
				tool:"sword"
			},
			{
				type: "block", 
				code: "headless-hyena-wild-male", 
				quantity: { avg: 1, var:0} ,
				tool:"sword"
			},
			{
				type: "block", 
				code: "hyenaheadtrophy-wild-male-ground-north", 
				quantity: { avg: 0.1, var: 0} ,
				tool:"axe"
			},
			{
				type: "block", 
				code: "headless-hyena-wild-male", 
				quantity: { avg: 1, var:0} ,
				tool:"axe"
			},
			{
				type: "block", 
				code: "skinned-hyena", 
				quantity: { avg: 1, var: 0 } ,
				tool:"knife"
			},
			{
				type: "block", 
				code: "hyenapelt-ground-east", 
				quantity: { avg: 0.1, var: 0 } ,
				tool:"knife",
				lastDrop: true
			},
			{
				type: "item", 
				code: "game:hide-raw", 
				quantity: { avg: 5, var: 1 } ,
				tool:"knife",
				lastDrop: true
				
			},
		],
	},
	sounds: {
		"place": "morbid/squish1",
		"break": "morbid/squish2"
	},
}