{
	code: "skinnedheadless",
	class: "BlockPlaceOnDrop",
	maxStackSize: 1,
	resistance: 13,
	entityClass: "NeolithicTransient",
	attributes: {
		convertFrom: "skinnedheadless-*",
		convertTo: "dead-rotten-large", 
		eatenTo: "dead-rotten-large", 
		inGameHours: "24",
		contentConfig: [
			{
				foodFor: ["game:wolf-*", "game:fox-*", "game: hyena-*"],
			}
		],
	},
	creativeinventory: { "general": ["*"], "neolithicfauna": ["*"] },
	variantgroups: [
		{ code: "type", states: ["ewe","ram","boar","sow","wolf-male","wolf-female","hyena", "panther-male", "panther-female"] }
	],
	texturesByType: { base: "block/skinnedheadless/{type}"},
	shapeByType: {
		"*": {
			base: "block/skinnedheadless/{type}",
			alternates: [
				{ base: "block/skinnedheadless/{type}", rotateY: 45 },
				{ base: "block/skinnedheadless/{type}", rotateY: 90 },
				{ base: "block/skinnedheadless/{type}", rotateY: 135 },
				{ base: "block/skinnedheadless/{type}", rotateY: 180 },
				{ base: "block/skinnedheadless/{type}", rotateY: 225 },
				{ base: "block/skinnedheadless/{type}", rotateY: 270 },
				{ base: "block/skinnedheadless/{type}", rotateY: 45 },
				{ base: "block/skinnedheadless/{type}", rotateY: 90 },
				{ base: "block/skinnedheadless/{type}", rotateY: 135 },
				{ base: "block/skinnedheadless/{type}", rotateY: 180 },
				{ base: "block/skinnedheadless/{type}", rotateY: 225 },
				{ base: "block/skinnedheadless/{type}", rotateY: 270 }
			]
		}
	},
	randomDrawOffset: true,
	lightAbsorption: 0,
	sidesolid: { all: false },
	sideopaque: { all: false },
	selectionbox: { x1: 0, y1: 0, z1: 0, x2: 1, y2: 0.4, z2: 1 },	
	collisionbox: null,
	materialDensity: 3000,
	guiTransform: {
		rotation: { x: -22.5937, y: 190, z: 0 },
		origin: { x: 0.5, y: 0.22, z: 0.5 },
		scale: 1.22
	},
	fpHandTransform: {
		rotation: { x: 0, y: -24, z: 0 }
	},
	tpHandTransform: {
		translation: { x: -1.3, y: -0.7, z: -0.8 },
		rotation: { x: 2, y: 31, z: -25 },
		scale: 0.6
	},
	dropsByType: {
		"skinnedheadless-panther-male": [		
			{
				type: "item", 
				code: "carnivoremeat-raw", 
				quantity: { avg: 3.5, var: 1 } ,
				tool:"knife"
			},
			{
				type: "item", 
				code: "game:fat", 
				quantity: { avg: 1.25, var: 0.25 } ,
				tool:"knife"
			},
			{
				type: "item", 
				code: "animal-tendon", 
				quantity: { avg: 4, var: 1 } ,
				tool:"knife"
			},
			{
				type: "item", 
				code: "animal-large-bone", 
				quantity: { avg: 4, var: 0 } ,
				tool:"knife"
			},
		],
		"skinnedheadless-panther-female": [
			{
				type: "item", 
				code: "carnivoremeat-raw", 
				quantity: { avg: 3, var: 1 } ,
				tool:"knife"
			},
			{
				type: "item", 
				code: "game:fat", 
				quantity: { avg: 1, var: 0.25 } ,
				tool:"knife"
			},
			{
				type: "item", 
				code: "animal-tendon", 
				quantity: { avg: 4, var: 1 } ,
				tool:"knife"
			},
			{
				type: "item", 
				code: "animal-large-bone", 
				quantity: { avg: 4, var: 0 } ,
				tool:"knife"
			},
		],
		
		"skinnedheadless-ewe": [		
			{
				type: "item", 
				code: "mutton-raw", 
				quantity: { avg: 4.5, var: 1.5 } ,
				tool:"knife"
			},
			{
				type: "item", 
				code: "game:fat", 
				quantity: { avg: 3, var: 0.5 } ,
				tool:"knife"
			},
			{
				type: "item", 
				code: "animal-tendon", 
				quantity: { avg: 1, var: 1 } ,
				tool:"knife"
			},
			{
				type: "item", 
				code: "animal-large-bone", 
				quantity: { avg: 4, var: 0 } ,
				tool:"knife"
			},
			],
		"skinnedheadless-ram": [		
			{
				type: "item", 
				code: "animal-horn", 
				quantity: { avg: 0.5, var: 0.25} ,
				tool:"knife"
			},			{
				type: "item", 
				code: "mutton-raw", 
				quantity: { avg: 5, var: 1.5 } ,
				tool:"knife"
			},
			{
				type: "item", 
				code: "game:fat", 
				quantity: { avg: 2.5, var: 0.5 } ,
				tool:"knife"
			},
			{
				type: "item", 
				code: "animal-tendon", 
				quantity: { avg: 2, var: 1 } ,
				tool:"knife"
			},
			{
				type: "item", 
				code: "animal-large-bone", 
				quantity: { avg: 4, var: 0 } ,
				tool:"knife"
			},
		],
		
		"skinnedheadless-wolf-male": [		
			{
				type: "item", 
				code: "carnivoremeat-raw", 
				quantity: { avg: 3.5, var: 1 } ,
				tool:"knife"
			},
			{
				type: "item", 
				code: "game:fat", 
				quantity: { avg: 1.25, var: 0.25 } ,
				tool:"knife"
			},
			{
				type: "item", 
				code: "animal-tendon", 
				quantity: { avg: 4, var: 1 } ,
				tool:"knife"
			},
			{
				type: "item", 
				code: "animal-large-bone", 
				quantity: { avg: 4, var: 0 } ,
				tool:"knife"
			},
		],
		"skinnedheadless-wolf-female": [
			{
				type: "item", 
				code: "carnivoremeat-raw", 
				quantity: { avg: 3, var: 1 } ,
				tool:"knife"
			},
			{
				type: "item", 
				code: "game:fat", 
				quantity: { avg: 1, var: 0.25 } ,
				tool:"knife"
			},
			{
				type: "item", 
				code: "animal-tendon", 
				quantity: { avg: 4, var: 1 } ,
				tool:"knife"
			},
			{
				type: "item", 
				code: "animal-large-bone", 
				quantity: { avg: 4, var: 0 } ,
				tool:"knife"
			},
		],

		"skinnedheadless-boar": [
			{
				type: "item",
				code: "porkchops-raw",
				quantity: {avg: 6.5, var: 1.5 },
				tool: "knife"
			},
			{
				type: "item",
				code: "game:fat",
				quantity: { avg: 5, var: 1 },
				tool: "knife"
			},
			{
				type: "item",
				code: "animal-tendon",
				quantity: { avg: 1, var: 1 },
				tool: "knife"
			},
			{
				type: "item",
				code: "animal-large-bone",
				quantity: { avg: 4, var: 0 },
				tool: "knife"
			},
		],

		"skinnedheadless-sow": [
			{
				type: "item", 
				code: "porkchops-raw", 
				quantity: { avg: 6, var: 1.5 } ,
				tool:"knife"
			},
			{
				type: "item", 
				code: "game:fat", 
				quantity: { avg: 4, var: 1 } ,
				tool:"knife"
			},
			{
				type: "item", 
				code: "animal-tendon", 
				quantity: { avg: 1, var: 1 } ,
				tool:"knife"
			},
			{
				type: "item", 
				code: "animal-large-bone", 
				quantity: { avg: 4, var: 0 } ,
				tool:"knife"
			},
		],
		"skinnedheadless-hyena": [
			{
				type: "item", 
				code: "carnivoremeat-raw", 
				quantity: { avg: 3, var: 1 } ,
				tool:"knife"
			},
			{
				type: "item", 
				code: "game:fat", 
				quantity: { avg: 1, var: 0.25 } ,
				tool:"knife"
			},
			{
				type: "item", 
				code: "animal-tendon", 
				quantity: { avg: 4, var: 1 } ,
				tool:"knife"
			},
			{
				type: "item", 
				code: "animal-large-bone", 
				quantity: { avg: 4, var: 0 } ,
				tool:"knife"
			},
		],
	},
	sounds: {
		"place": "morbid/squish1",
		"break": "morbid/squish2"
	},
}