{
	code: "dead-pig",
	class: "BlockPlaceOnDrop",
	maxStackSize: 1,
	resistance: 13,
	entityClass: "NeolithicTransient",
	attributes: {
		convertFrom: "dead-pig-*",
		convertTo: "dead-rotten-large", 
		eatenTo: "dead-rotten-large",
		inGameHours: "24",
		contentConfig: [
			{
				foodFor: ["game:wolf-*", "game:fox-*", "game: hyena-*"],
			}
		],
	},
	behaviors:
	[
		{
			name: "Carryable",
			properties:
			{
				translation: [ -0.6, 0.7, -0.38 ],
				rotation: [ 90, 0, 0 ],
				scale: 0.85
			}
		}
	],
	creativeinventory: { "general": ["*"], "neolithicfauna": ["*"] },
	variantgroups: [
		{ code: "type", states: ["boar", "sow"] },
		{ code: "color", states: ["ashgrey", "brown", "chocolate", "darkgrey", "smokegrey", "walnut"] }
	],
	textures: 
	{
		all: { base: "entity/pig/{color}" },
	},
	shapeByType: 
	{
		"*": 
		{
			base: "block/dead/pig/{type}",
			alternates: 
			[
				{ base: "block/dead/pig/{type}", rotateY: 45 },
				{ base: "block/dead/pig/{type}", rotateY: 90 },
				{ base: "block/dead/pig/{type}", rotateY: 135 },
				{ base: "block/dead/pig/{type}", rotateY: 180 },
				{ base: "block/dead/pig/{type}", rotateY: 225 },
				{ base: "block/dead/pig/{type}", rotateY: 270 },
				{ base: "block/dead/pig/{type}", rotateY: 45 },
				{ base: "block/dead/pig/{type}", rotateY: 90 },
				{ base: "block/dead/pig/{type}", rotateY: 135 },
				{ base: "block/dead/pig/{type}", rotateY: 180 },
				{ base: "block/dead/pig/{type}", rotateY: 225 },
				{ base: "block/dead/pig/{type}", rotateY: 270 },
			],
		}
	},
	randomDrawOffset: true,
	lightAbsorption: 0,
	sidesolid: { all: false },
	sideopaque: { all: false },
	selectionbox: { x1: 0, y1: 0, z1: 0, x2: 1, y2: 0.4, z2: 1 },	
	collisionbox: null,
	materialDensity: 3000,
	guiTransform:
	{
		rotation: { x: -22.5937, y: 190, z: 0 },
		origin: { x: 0.5, y: 0.22, z: 0.5 },
		scale: 1.22
	},
	fpHandTransform: 
	{
		rotation: { x: 0, y: -24, z: 0 }
	},
	tpHandTransform: 
	{
		translation: { x: -1.3, y: -0.7, z: -0.8 },
		rotation: { x: 2, y: 31, z: -25 },
		scale: 0.6
	},
	dropsByType:
	{
		"dead-pig-boar-*": 
		[
			{
				type: "block", 
				code: "hogheadtrophy-{color}-ground-north", 
				quantity: { avg: 0.3, var: 0} ,
				tool:"saw"
			},
			{
				type: "block", 
				code: "headless-pig-boar-{color}", 
				quantity: { avg: 1, var:0} ,
				tool:"saw"
			},
			{
				type: "block", 
				code: "hogheadtrophy-{color}-ground-north", 
				quantity: { avg: 0.2, var: 0} ,
				tool:"sword"
			},
			{
				type: "block", 
				code: "headless-pig-boar-{color}", 
				quantity: { avg: 1, var:0} ,
				tool:"sword"
			},
			{
				type: "block", 
				code: "hogheadtrophy-{color}-ground-north", 
				quantity: { avg: 0.1, var: 0} ,
				tool:"axe"
			},
			{
				type: "block", 
				code: "headless-pig-boar-{color}", 
				quantity: { avg: 1, var:0} ,
				tool:"axe"
			},
			{
				type: "block", 
				code: "skinned-boar", 
				quantity: { avg: 1, var: 0 } ,
				tool:"knife"
			},
			{
				type: "block", 
				code: "boarpelt-ground-east", 
				quantity: { avg: 0.1, var: 0 } ,
				tool:"knife",
				lastDrop: true
			},
			{
				type: "item", 
				code: "game:hide-raw", 
				quantity: { avg: 6, var: 1 } ,
				tool:"knife",
				lastDrop: true
			},
		],
		"dead-pig-sow-*": 
		[
			{
				type: "block", 
				code: "hogheadtrophy-{color}-ground-north", 
				quantity: { avg: 0.3, var: 0} ,
				tool:"saw"
			},
			{
				type: "block", 
				code: "headless-pig-sow-{color}", 
				quantity: { avg: 1, var:0} ,
				tool:"saw"
			},
			{
				type: "block", 
				code: "hogheadtrophy-{color}-ground-north", 
				quantity: { avg: 0.2, var: 0} ,
				tool:"sword"
			},
			{
				type: "block", 
				code: "headless-pig-sow-{color}", 
				quantity: { avg: 1, var:0} ,
				tool:"sword"
			},
			{
				type: "block", 
				code: "hogheadtrophy-{color}-ground-north", 
				quantity: { avg: 0.1, var: 0} ,
				tool:"axe"
			},
			{
				type: "block", 
				code: "headless-pig-sow-{color}", 
				quantity: { avg: 1, var:0} ,
				tool:"axe"
			},
			{
				type: "block", 
				code: "skinned-sow", 
				quantity: { avg: 1, var: 0 } ,
				tool:"knife"
			},
			{
				type: "block", 
				code: "boarpelt-ground-east", 
				quantity: { avg: 0.1, var: 0 } ,
				tool:"knife",
				lastDrop: true
			},
			{
				type: "item", 
				code: "game:hide-raw", 
				quantity: { avg: 6, var: 1 } ,
				tool:"knife",
				lastDrop: true
			},
		],
	},
	sounds: {
		"place": "morbid/squish1",
		"break": "morbid/squish2"
	},
}