{
	code: "headless-sheep",
	class: "BlockPlaceOnDrop",
	maxStackSize: 1,
	resistance: 10,
	entityClass: "NeolithicTransient",
	attributes: {
		convertFrom: "headless-sheep-*",
		convertTo: "dead-rotten-large", 
		eatenTo: "dead-rotten-large", 
		inGameHours: "24",
		contentConfig: [
			{
				foodFor: ["game:wolf-*", "game:fox-*", "game: hyena-*"],
			}
		],
	},
	creativeinventory: { "general": ["*"], "neolithicfauna": ["*"] },
	variantgroups: 
	[
		{ code: "type", states: ["ram","ewe",] },
	],
	textures: 
	{
	all: { base: "block/headless/sheep/{type}"},
	},
	shapeByType: {
		"*": {
			base: "block/headless/sheep/{type}",
			alternates: [
				{ base: "block/headless/sheep/{type}", rotateY: 45 },
				{ base: "block/headless/sheep/{type}", rotateY: 90 },
				{ base: "block/headless/sheep/{type}", rotateY: 135 },
				{ base: "block/headless/sheep/{type}", rotateY: 180 },
				{ base: "block/headless/sheep/{type}", rotateY: 225 },		
				{ base: "block/headless/sheep/{type}", rotateY: 270 },
				{ base: "block/headless/sheep/{type}", rotateY: 45 },
				{ base: "block/headless/sheep/{type}", rotateY: 90 },
				{ base: "block/headless/sheep/{type}", rotateY: 135 },
				{ base: "block/headless/sheep/{type}", rotateY: 180 },
				{ base: "block/headless/sheep/{type}", rotateY: 225 },		
				{ base: "block/headless/sheep/{type}", rotateY: 270 }
			]
		}
	},
	randomDrawOffset: true,
	lightAbsorption: 0,
	sidesolid: { all: false },
	sideopaque: { all: false },
	selectionbox: { x1: 0, y1: 0, z1: 0, x2: 1, y2: 0.4, z2: 1 },	
	collisionbox: null,
	materialDensity: 3000,
	guiTransform: {
		rotation: { x: -22.5937, y: 190, z: 0 },
		origin: { x: 0.5, y: 0.22, z: 0.5 },
		scale: 1.22
	},
	fpHandTransform: {
		rotation: { x: 0, y: -24, z: 0 }
	},
	tpHandTransform: {
		translation: { x: -1.3, y: -0.7, z: -0.8 },
		rotation: { x: 2, y: 31, z: -25 },
		scale: 0.6
	},
	dropsByType: {
		"headless-sheep-ewe": [
			{
				type: "block", 
				code: "skinnedheadless-ewe", 
				quantity: { avg: 1, var: 0 } ,
				tool:"knife"
			},
			{
				type: "block", 
				code: "bighornpelt-ground-east", 
				quantity: { avg: 0.1, var: 0 } ,
				tool:"knife",
				lastDrop: true
			},
			{
				type: "item", 
				code: "game:hide-raw", 
				quantity: { avg: 5, var: 1 } ,
				tool:"knife",
				lastDrop: true
			},
			],
		"headless-sheep-ram": [
			{
				type: "block", 
				code: "skinnedheadless-ram", 
				quantity: { avg: 1, var: 0 } ,
				tool:"knife"
			},
			{
				type: "block", 
				code: "bighornpelt-ground-east", 
				quantity: { avg: 0.1, var: 0 } ,
				tool:"knife",
				lastDrop: true
			},
			{
				type: "item", 
				code: "game:hide-raw", 
				quantity: { avg: 5, var: 1 } ,
				tool:"knife",
				lastDrop: true
				
			},
		],
	},
	sounds: {
		"place": "morbid/squish1",
		"break": "morbid/squish2"
	},
}