{
	code: "skeleton-large",
	maxStackSize: 16,
	resistance: 3,
	creativeinventory: { "general": ["*"], "neolithicfauna": ["*"] },
	texturesByType: { base: "block/skeleton/large"},
	shapeByType: {
		"*": {
			base: "block/skeleton/large",
			alternates: [
				{ base: "block/skeleton/large", rotateY: 45 },
				{ base: "block/skeleton/large", rotateY: 90 },
				{ base: "block/skeleton/large", rotateY: 135 },
				{ base: "block/skeleton/large", rotateY: 180 },
				{ base: "block/skeleton/large", rotateY: 225 },
				{ base: "block/skeleton/large", rotateY: 270 },
				{ base: "block/skeleton/large", rotateY: 45 },
				{ base: "block/skeleton/large", rotateY: 90 },
				{ base: "block/skeleton/large", rotateY: 135 },
				{ base: "block/skeleton/large", rotateY: 180 },
				{ base: "block/skeleton/large", rotateY: 225 },
				{ base: "block/skeleton/large", rotateY: 270 }
			]
		}
	},
	dropsByType: {
		"skeleton-large": 
		[
			{
			type: "item",
			code: "animal-large-bone",
			quantity: { avg: 4, var: 0},
			tool: "axe",
			},
		]
	},
	randomDrawOffset: true,
	lightAbsorption: 0,
	sidesolid: { all: false },
	sideopaque: { all: false },
	selectionbox: { x1: 0, y1: 0, z1: 0, x2: 1, y2: 0.4, z2: 1 },	
	collisionbox: null,
	materialDensity: 3000,
	guiTransform: {
		rotation: { x: -22.5937, y: 190, z: 0 },
		origin: { x: 0.5, y: 0.22, z: 0.5 },
		scale: 1.22
	},
	fpHandTransform: {
		rotation: { x: 0, y: -24, z: 0 }
	},
	tpHandTransform: {
		translation: { x: -1.3, y: -0.7, z: -0.8 },
		rotation: { x: 2, y: 31, z: -25 },
		scale: 0.6
	},
	sounds: {
		"place": "morbid/squish1",
		"break": "morbid/squish2"
	},
}