{
	code: "logwall",
	behaviors: [{name: "HorizontalOrientable"}],
	creativeinventory: { "general": ["*-north"], "construction": ["*-north"], "neolithicblocks": ["*-north"] },
		variantgroups: [
		{ code: "type", states: ["wall", "corner", "jut"]},
		{ loadFromProperties: "block/wood" },
		{ code: "style", states: ["bark", "debarked"]},
		{ code:"orientation", loadFromProperties: "abstract/horizontalorientation" },
	],
	shapebytype: {
		"logwall-wall-*-north":  {base: "block/wood/logwall/wall", rotateY: 0 },
		"logwall-wall-*-east":  {base: "block/wood/logwall/wall", rotateY: 270 },
		"logwall-wall-*-south":  {base: "block/wood/logwall/wall", rotateY: 180 },
		"logwall-wall-*-west":  {base: "block/wood/logwall/wall", rotateY: 90 },
		"logwall-jut-*-north":  {base: "block/wood/logwall/jut", rotateY: 0 },
		"logwall-jut-*-east":  {base: "block/wood/logwall/jut", rotateY: 270 },
		"logwall-jut-*-south":  {base: "block/wood/logwall/jut", rotateY: 180 },
		"logwall-jut-*-west":  {base: "block/wood/logwall/jut", rotateY: 90 },
		"logwall-corner-*-north":  {base: "block/wood/logwall/corner", rotateY: 0 },
		"logwall-corner-*-east":  {base: "block/wood/logwall/corner", rotateY: 270 },
		"logwall-corner-*-south":  {base: "block/wood/logwall/corner", rotateY: 180 },
		"logwall-corner-*-west":  {base: "block/wood/logwall/corner", rotateY: 90 }
	},
	blockmaterial: "wood",
	drawtype: "json",
	lightabsorption: 0,
	sideopaque: {
		all: false
	},
	sidesolidByType: {
		"logwall-wall-*-north": { all: true, south: false},
		"logwall-wall-*-east": { all: true, west: false},
		"logwall-wall-*-south": { all: true, north: false},
		"logwall-wall-*-west": { all: true, east: false},
		"logwall-corner-*": { all: true},
		"logwall-jut-*": { all: true},
		},
	collisionselectionboxesbytype: {
		"*-wall-*": [
			{ x1: 0, y1: 0, z1: 0.45, x2: 1, y2: 1, z2: 1,
			rotateYByType: {
					"*-north": 180,
					"*-east": 90,
					"*-south": 0,
					"*-west": 270,
				}
			}
		],
		"*-jut-*": [
			{ x1: 0, y1: 0, z1: 0.45, x2: 1, y2: 1, z2: 1,
			rotateYByType: {
					"*-north": 180,
					"*-east": 90,
					"*-south": 0,
					"*-west": 270,
				}
			},
			{ x1: 0.219, y1: 0.25, z1: 0, x2: 0.781, y2: 0.75, z2: 0.45,
			rotateYByType: {
					"*-north": 180,
					"*-east": 90,
					"*-south": 0,
					"*-west": 270,
				}
			},
		],
		"*-corner-*": [
			{ x1: 0, y1: 0, z1: 0, x2: 0.55, y2: 1, z2: 0.45,
			rotateYByType: {
					"*-north": 180,
					"*-east": 90,
					"*-south": 0,
					"*-west": 270,
				}
			},
			{ x1: 0, y1: 0, z1: 0.45, x2: 1, y2: 1, z2: 1,
			rotateYByType: {
					"*-north": 180,
					"*-east": 90,
					"*-south": 0,
					"*-west": 270,
				}
			}
		]
	},
	replaceable: 100,
	resistance: 2,
	texturesByType: {
		"logwall-*": {
			"all": { base: "game:block/wood/{style}/{wood}" },
			"acaciatop": { base: "block/wood/treetrunk/{wood}" },
			"acacia-shade": { base: "block/wood/logwall/{style}/{wood}-shade" }
			}
	},
	sounds: {
		place: "game:block/planks",
		walk: "game:walk/wood"
		}
