{
	code: "axe",
	class: "ItemAxe",
	variantgroups: [
		{code: "type", states: ["primitive"]},
		{ code: "stone", states: ["granite", "andesite", "basalt", "obsidian", "flint",] },
		{ code: "wood", states: ["acacia", "birch", "kapok", "maple", "oak", "pine"] },
	],
	tool: "axe",
	damagedby: ["blockbreaking", "attacking"],
	heldTpHitAnimation: "breaktool",
	shape: { base: "item/tool/branch-axe" },
	textures: {
		"stone": { base: "item/tool/material/{stone}" },
		"wood": { base: "game:block/wood/debarked/{wood}" },
		"rope": { base: "neolithicmod:block/rope" },
	},
	attackRange: 2,
	miningtierbytype: {
		"axe-primitive-granite-*": 1,
		"axe-primitive-andesite-*": 1,
		"axe-primitive-basalt-*": 1,
		"axe-primitive-obsidian-*": 1,
		"axe-primitive-flint-*": 1,
	},
	miningspeedbytype: {
		"axe-primitive-granite-*": {
			"wood": 3.3,
			"plant": 2.2,
			"leaves": 1.7
		},
		"axe-primitive-andesite-*": {
			"wood": 3.3,
			"plant": 2.2,
			"leaves": 1.7
		},
		"axe-primitive-basalt-*": {
			"wood": 3.3,
			"plant": 2.2,
			"leaves": 1.7
		},
		"axe-primitive-obsidian-*": {
			"wood": 4,
			"plant": 2.7,
			"leaves": 2.4
		},
		"axe-primitive-flint-*": {
			"wood": 3,
			"plant": 2.2,
			"leaves": 1.6
		},
	},
	durabilitybytype: {
		"axe-primitive-granite-*": 150,
		"axe-primitive-andesite-*": 150,
		"axe-primitive-basalt-*": 150,
		"axe-primitive-obsidian-*": 200,
		"axe-primitive-flint-*": 180,
	},
	attackpowerbytype: {
		"axe-primitive-granite-*": 0.75,
		"axe-primitive-andesite-*": 0.75,
		"axe-primitive-basalt-*": 0.75,
		"axe-primitive-obsidian-*": 1.5,
		"axe-primitive-flint-*": 1.25,

	},
	creativeinventory: { "general": ["*"], "items": ["*"], "neolithictools": ["*"] },
	fpHandTransform: {
		translation: { x: 0.046875, y: 0, z: 0 },
		rotation: { x: 15, y: 15, z: 90 },
		scale: 2.5
	},
	guiTransform: {
		translation: { x: 0, y: 5, z: 0 },
		rotation: { x: -77, y: -135, z: 160 },
		origin: { x: 0.54, y: 0.5, z: 0.48 },
		scale: 2.6
	},
	groundTransform: {
		translation: { x: 0.046875, y: 0, z: 0 },
		rotation: { x: 0, y: 0, z: 0 },
		scale: 2.5
	},
	tpHandTransform: {
		translation: { x: -0.75, y: -0.48, z: -0.52 },
		rotation: { x: 90, y: 1, z: 0 },
		scale: 1
	}
}