{
	code: "shovel",
	variantgroups: [
		{ code: "type", states: ["primitive"] },
		{ code: "stone", states: ["granite", "andesite", "basalt", "obsidian", "flint" ] },
		{ code: "wood", states: ["acacia", "birch", "kapok", "maple", "oak", "pine"] },
	],
	tool: "shovel",
	damagedby: ["blockbreaking", "attacking"],
	shape: { base: "item/tool/branch-shovel" },
	heldTpHitAnimation: "breaktool",
	textures: {
		"stone": { base: "item/tool/material/{stone}" },
		"wood": { base: "game:block/wood/debarked/{wood}" },
		"rope": { base: "neolithicmod:block/rope" },
	},
	miningspeedbytype: {
		"shovel-primitive-granite-*": {
			"soil": 2.2,
			"sand": 2.2,
			"gravel": 1.9
		},
		"shovel-primitive-andesite-*": {
			"soil": 2.2,
			"sand": 2.2,
			"gravel": 1.9
		},
		"shovel-primitive-basalt-*": {
			"soil": 2.2,
			"sand": 2.2,
			"gravel": 1.9
		},
		"shovel-primitive-obsidian-*": {
			"soil": 3,
			"sand": 3,
			"gravel": 2.2
		},

		"shovel-primitive-flint-*": {
			"soil": 2.5,
			"sand": 2.5,
			"gravel": 2.1
		},
	},
	attackpowerbytype: {
		"shovel-primitive-granite-*": 0.75,
		"shovel-primitive-andesite-*": 0.75,
		"shovel-primitive-basalt-*": 0.75,
		"shovel-primitive-obsidian-*": 1.25,
		"shovel-primitive-flint-*": 1,
	},
	durabilitybytype: {
		"shovel-primitive-granite-*": 150,
		"shovel-primitive-andesite-*": 150,
		"shovel-primitive-basalt-*": 150,
		"shovel-primitive-obsidian-*": 250,
		"shovel-primitive-flint-*": 200,

	},
	creativeinventory: { "general": ["*"], "items": ["*"], "neolithictools": ["*"] },
	fpHandTransform: {
		translation: { x: 0.046875, y: 0, z: 0 },
		rotation: { x: 15, y: 15, z: 90 },
		scale: 2.5
	},
	guiTransform: {
		translation: { x: 6, y: -3, z: 0 },
		rotation: { x: -112, y: -131, z: -180 },
		scale: 1.74,
		origin: { x: 0.5, y: 0.5, z: 0.5 }
	},
	groundTransform: {
		translation: { x: 0.046875, y: 0, z: 0 },
		rotation: { x: 0, y: 0, z: 0 },
		scale: 2.5
	},
	tpHandTransform: {
		translation: { x: -0.796875, y: -0.53125, z: -0.5 },
		rotation: { x: 0, y: 0, z: -10 },
		scale: 1
	}
}