{
	code: "skullhyena",
	class: "BlockSign",
	creativeinventory: { "general": ["skullhyena-ground-north"], "decorative": ["skullhyena-ground-north"], "neolithicdeco": ["skullhyena-ground-north"] },
	variantgroups: [
		{ code:"attachment", states: ["ground", "wall"] },
		{ code:"side", loadFromProperties: "abstract/horizontalorientation" }
	],
	shapeByType: {
		"*-ground-north":  {base: "block/bone/skulls/hyenaground", rotateY: 0},
		"*-ground-east":  {base: "block/bone/skulls/hyenaground", rotateY: 270 },
		"*-ground-south":  {base: "block/bone/skulls/hyenaground", rotateY: 180 },
		"*-ground-west":  {base: "block/bone/skulls/hyenaground", rotateY: 90},
		"*-wall-north": { base: "block/bone/skulls/hyenawall", rotateY: 0 },
		"*-wall-east": { base: "block/bone/skulls/hyenawall", rotateY: 270 },
		"*-wall-south": { base: "block/bone/skulls/hyenawall", rotateY: 180 },
		"*-wall-west": { base: "block/bone/skulls/hyenawall", rotateY: 90 }
	},
	textures: {
		all: { base: "block/skullcow" }
	},
	lightAbsorption: 0,
	resistance: 0.15,
	sidesolid: { all: false },
	sideopaque: { all: false },
	selectionboxbytype: {
		"*-ground-north": { x1: 0.2, y1: 0.3, z1: 0, x2: 0.8, y2: 0.8, z2: 1, rotateY: 180 },
		"*-ground-east": { x1: 0.2, y1: 0.3, z1: 0, x2: 0.8, y2: 0.8, z2: 1, rotateY: 90 },
		"*-ground-south": { x1: 0.2, y1: 0.3, z1: 0, x2: 0.8, y2: 0.8, z2: 1, rotateY: 0 },
		"*-ground-west": { x1: 0.2, y1: 0.3, z1: 0, x2: 0.8, y2: 0.8, z2: 1, rotateY: 270 },
		"*-wall-north": { x1: 0.2, y1: 0.15, z1: 0, x2: 0.8, y2: 0.8, z2: 1, rotateY: 180 },
		"*-wall-east": { x1: 0.2, y1: 0.15, z1: 0, x2: 0.8, y2: 0.8, z2: 1, rotateY: 90 },
		"*-wall-south": { x1: 0.2, y1: 0.15, z1: 0, x2: 0.8, y2: 0.8, z2: 1, rotateY: 0 },
		"*-wall-west": { x1: 0.2, y1: 0.15, z1: 0, x2: 0.8, y2: 0.8, z2: 1, rotateY: 270 }
	},
	collisionbox: null,
	materialDensity: 3000,
	guiTransform: {
		rotation: { x: -22.5937, y: 132, z: 0 },
		origin: { x: 0.5, y: 0.22, z: 0.5 },
		scale: 2
	},
	fpHandTransform: {
		rotation: { x: 0, y: -24, z: 0 }
	},
	tpHandTransform: {
		translation: { x: -1.3, y: -0.7, z: -0.8 },
		rotation: { x: 2, y: 31, z: -25 },
		scale: 0.6
	}
}