{
	"editor": {
		"allAngles": true,
		"singleTexture": false
	},
	"textureWidth": 16,
	"textureHeight": 16,
	"textures": {
		"sisalflowers": "block/plant/sisal/sisalflowers",
		"sisalleaf": "block/plant/sisal/sisalleaf",
		"sisalbark": "block/plant/sisal/sisalbark",
	},
	"elements": [
		{
			"name": "barkbase",
			"from": [ 5.0, 0.0, 5.0 ], 
			"to": [ 11.0, 1.0, 11.0 ], 
			"rotationOrigin": [ 5.0, 0.0, 5.0 ],
			"faces": {
				"north": { "texture": "#sisalbark", "uv": [ 2.0, 3.0, 8.0, 4.0 ] },
				"east": { "texture": "#sisalbark", "uv": [ 2.0, 3.0, 8.0, 4.0 ] },
				"south": { "texture": "#sisalbark", "uv": [ 2.0, 2.0, 8.0, 3.0 ] },
				"west": { "texture": "#sisalbark", "uv": [ 4.0, 4.0, 10.0, 5.0 ] },
				"up": { "texture": "#sisalbark", "uv": [ 0.0, 0.0, 6.0, 6.0 ], "enabled": false },
				"down": { "texture": "#sisalbark", "uv": [ 3.0, 3.0, 9.0, 9.0 ] }
			},
			"children": [
				{
					"name": "barkmain",
					"from": [ -1.0, 1.0, -1.0 ], 
					"to": [ 7.0, 10.0, 7.0 ], 
					"rotationOrigin": [ -1.0, 1.0, -1.0 ],
					"faces": {
						"north": { "texture": "#sisalbark", "uv": [ 4.0, 4.0, 12.0, 13.0 ] },
						"east": { "texture": "#sisalbark", "uv": [ 3.0, 5.0, 11.0, 14.0 ] },
						"south": { "texture": "#sisalbark", "uv": [ 3.0, 2.0, 11.0, 11.0 ] },
						"west": { "texture": "#sisalbark", "uv": [ 4.0, 3.0, 12.0, 12.0 ] },
						"up": { "texture": "#sisalbark", "uv": [ 4.0, 3.0, 12.0, 11.0 ] },
						"down": { "texture": "#sisalbark", "uv": [ 3.0, 2.0, 11.0, 10.0 ] }
					},
					"children": [
						{
							"name": "barktop",
							"from": [ 1.0, 9.0, 1.0 ], 
							"to": [ 7.0, 10.0, 7.0 ], 
							"rotationOrigin": [ 1.0, 9.0, 1.0 ],
							"faces": {
								"north": { "texture": "#sisalbark", "uv": [ 2.0, 4.0, 8.0, 5.0 ] },
								"east": { "texture": "#sisalbark", "uv": [ 2.0, 2.0, 8.0, 3.0 ] },
								"south": { "texture": "#sisalbark", "uv": [ 3.0, 3.0, 9.0, 4.0 ] },
								"west": { "texture": "#sisalbark", "uv": [ 2.0, 2.0, 8.0, 3.0 ] },
								"up": { "texture": "#sisalbark", "uv": [ 2.0, 1.0, 8.0, 7.0 ] },
								"down": { "texture": "#sisalbark", "uv": [ 0.0, 0.0, 6.0, 6.0 ], "enabled": false }
							},
							"children": [
								{
									"name": "Cube1",
									"from": [ 0.0, 1.0, 0.0 ], 
									"to": [ 0.5, 12.0, 4.0 ], 
									"rotationOrigin": [ 3.0, 1.0, 3.0 ],
									"rotationY": -119.0,
									"rotationZ": 39.0,
									"faces": {
										"north": { "texture": "#sisalleaf", "uv": [ 0.0, 0.0, 0.5, 11.0 ] },
										"east": { "texture": "#sisalleaf", "uv": [ 0.0, 0.0, 4.0, 11.0 ] },
										"south": { "texture": "#sisalleaf", "uv": [ 0.0, 0.0, 0.5, 11.0 ] },
										"west": { "texture": "#sisalleaf", "uv": [ 0.0, 0.0, 4.0, 11.0 ] },
										"up": { "texture": "#sisalleaf", "uv": [ 0.0, 0.0, 0.5, 4.0 ] },
										"down": { "texture": "#sisalleaf", "uv": [ 0.0, 0.0, 0.5, 4.0 ] }
									},
									"children": [
										{
											"name": "Cube14",
											"from": [ 0.0, 11.0, 0.5 ], 
											"to": [ 0.6, 20.0, 3.5 ], 
											"rotationOrigin": [ 0.0, 11.0, 0.5 ],
											"rotationZ": -5.0,
											"faces": {
												"north": { "texture": "#sisalleaf", "uv": [ 0.0, 0.0, 0.5, 9.0 ] },
												"east": { "texture": "#sisalleaf", "uv": [ 0.0, 0.0, 3.0, 9.0 ] },
												"south": { "texture": "#sisalleaf", "uv": [ 0.0, 0.0, 0.5, 9.0 ] },
												"west": { "texture": "#sisalleaf", "uv": [ 0.0, 0.0, 3.0, 9.0 ] },
												"up": { "texture": "#sisalleaf", "uv": [ 0.0, 0.0, 0.5, 3.0 ] },
												"down": { "texture": "#sisalleaf", "uv": [ 0.0, 0.0, 0.5, 3.0 ] }
											},
											"children": [
												{
													"name": "Cube15",
													"from": [ 0.0, 9.0, 0.5 ], 
													"to": [ 0.6, 16.0, 2.5 ], 
													"rotationOrigin": [ 0.0, 9.0, 0.5 ],
													"rotationZ": -5.0,
													"faces": {
														"north": { "texture": "#sisalleaf", "uv": [ 0.0, 0.0, 0.5, 7.0 ] },
														"east": { "texture": "#sisalleaf", "uv": [ 0.0, 0.0, 2.0, 7.0 ] },
														"south": { "texture": "#sisalleaf", "uv": [ 0.0, 0.0, 0.5, 7.0 ] },
														"west": { "texture": "#sisalleaf", "uv": [ 0.0, 0.0, 2.0, 7.0 ] },
														"up": { "texture": "#sisalleaf", "uv": [ 0.0, 0.0, 0.5, 2.0 ] },
														"down": { "texture": "#sisalleaf", "uv": [ 0.0, 0.0, 0.5, 2.0 ] }
													},
													"children": [
														{
															"name": "Cube58",
															"from": [ 0.0, 7.0, 0.4 ], 
															"to": [ 0.6, 10.0, 1.4 ], 
															"rotationOrigin": [ 0.0, 7.0, 0.4 ],
															"faces": {
																"north": { "texture": "#sisalleaf", "uv": [ 0.0, 0.0, 0.5, 3.0 ] },
																"east": { "texture": "#sisalleaf", "uv": [ 0.0, 0.0, 1.0, 3.0 ] },
																"south": { "texture": "#sisalleaf", "uv": [ 0.0, 0.0, 0.5, 3.0 ] },
																"west": { "texture": "#sisalleaf", "uv": [ 0.0, 0.0, 1.0, 3.0 ] },
																"up": { "texture": "#sisalleaf", "uv": [ 0.0, 0.0, 0.5, 1.0 ] },
																"down": { "texture": "#sisalleaf", "uv": [ 0.0, 0.0, 0.5, 1.0 ] }
															}
														}
													]
												}
											]
										}
									]
								},
								{
									"name": "Cube5",
									"from": [ 0.0, 1.0, 0.0 ], 
									"to": [ 0.5, 12.0, 4.0 ], 
									"rotationOrigin": [ 3.0, 1.0, 3.0 ],
									"rotationY": 50.0,
									"rotationZ": 39.0,
									"faces": {
										"north": { "texture": "#sisalleaf", "uv": [ 0.0, 0.0, 0.5, 11.0 ] },
										"east": { "texture": "#sisalleaf", "uv": [ 0.0, 0.0, 4.0, 11.0 ] },
										"south": { "texture": "#sisalleaf", "uv": [ 0.0, 0.0, 0.5, 11.0 ] },
										"west": { "texture": "#sisalleaf", "uv": [ 0.0, 0.0, 4.0, 11.0 ] },
										"up": { "texture": "#sisalleaf", "uv": [ 0.0, 0.0, 0.5, 4.0 ] },
										"down": { "texture": "#sisalleaf", "uv": [ 0.0, 0.0, 0.5, 4.0 ] }
									},
									"children": [
										{
											"name": "Cube16",
											"from": [ 0.0, 11.0, 0.5 ], 
											"to": [ 0.6, 19.0, 3.5 ], 
											"rotationOrigin": [ 0.0, 11.0, 0.5 ],
											"rotationZ": -5.0,
											"faces": {
												"north": { "texture": "#sisalleaf", "uv": [ 0.0, 0.0, 0.5, 8.0 ] },
												"east": { "texture": "#sisalleaf", "uv": [ 0.0, 0.0, 3.0, 8.0 ] },
												"south": { "texture": "#sisalleaf", "uv": [ 0.0, 0.0, 0.5, 8.0 ] },
												"west": { "texture": "#sisalleaf", "uv": [ 0.0, 0.0, 3.0, 8.0 ] },
												"up": { "texture": "#sisalleaf", "uv": [ 0.0, 0.0, 0.5, 3.0 ] },
												"down": { "texture": "#sisalleaf", "uv": [ 0.0, 0.0, 0.5, 3.0 ] }
											},
											"children": [
												{
													"name": "Cube17",
													"from": [ 0.0, 8.0, 0.5 ], 
													"to": [ 0.6, 14.0, 2.5 ], 
													"rotationOrigin": [ 0.0, 8.0, 0.5 ],
													"rotationZ": -5.0,
													"faces": {
														"north": { "texture": "#sisalleaf", "uv": [ 0.0, 0.0, 0.5, 6.0 ] },
														"east": { "texture": "#sisalleaf", "uv": [ 0.0, 0.0, 2.0, 6.0 ] },
														"south": { "texture": "#sisalleaf", "uv": [ 0.0, 0.0, 0.5, 6.0 ] },
														"west": { "texture": "#sisalleaf", "uv": [ 0.0, 0.0, 2.0, 6.0 ] },
														"up": { "texture": "#sisalleaf", "uv": [ 0.0, 0.0, 0.5, 2.0 ] },
														"down": { "texture": "#sisalleaf", "uv": [ 0.0, 0.0, 0.5, 2.0 ] }
													},
													"children": [
														{
															"name": "Cube59",
															"from": [ 0.0, 6.0, 0.5 ], 
															"to": [ 0.6, 9.0, 1.5 ], 
															"rotationOrigin": [ 0.0, 6.0, 0.6 ],
															"faces": {
																"north": { "texture": "#sisalleaf", "uv": [ 0.0, 0.0, 0.5, 3.0 ] },
																"east": { "texture": "#sisalleaf", "uv": [ 0.0, 0.0, 1.0, 3.0 ] },
																"south": { "texture": "#sisalleaf", "uv": [ 0.0, 0.0, 0.5, 3.0 ] },
																"west": { "texture": "#sisalleaf", "uv": [ 0.0, 0.0, 1.0, 3.0 ] },
																"up": { "texture": "#sisalleaf", "uv": [ 0.0, 0.0, 0.5, 1.0 ] },
																"down": { "texture": "#sisalleaf", "uv": [ 0.0, 0.0, 0.5, 1.0 ] }
															}
														}
													]
												}
											]
										}
									]
								},
								{
									"name": "Cube6",
									"from": [ 0.0, 1.0, 0.0 ], 
									"to": [ 0.5, 12.0, 4.0 ], 
									"rotationOrigin": [ 3.0, 1.0, 3.0 ],
									"rotationY": -44.0,
									"rotationZ": 33.0,
									"faces": {
										"north": { "texture": "#sisalleaf", "uv": [ 0.0, 0.0, 0.5, 11.0 ] },
										"east": { "texture": "#sisalleaf", "uv": [ 0.0, 0.0, 4.0, 11.0 ] },
										"south": { "texture": "#sisalleaf", "uv": [ 0.0, 0.0, 0.5, 11.0 ] },
										"west": { "texture": "#sisalleaf", "uv": [ 0.0, 0.0, 4.0, 11.0 ] },
										"up": { "texture": "#sisalleaf", "uv": [ 0.0, 0.0, 0.5, 4.0 ] },
										"down": { "texture": "#sisalleaf", "uv": [ 0.0, 0.0, 0.5, 4.0 ] }
									},
									"children": [
										{
											"name": "Cube18",
											"from": [ 0.0, 11.0, 0.5 ], 
											"to": [ 0.6, 21.0, 3.5 ], 
											"rotationOrigin": [ 0.0, 11.0, 0.5 ],
											"rotationZ": -5.0,
											"faces": {
												"north": { "texture": "#sisalleaf", "uv": [ 0.0, 0.0, 0.5, 10.0 ] },
												"east": { "texture": "#sisalleaf", "uv": [ 0.0, 0.0, 3.0, 10.0 ] },
												"south": { "texture": "#sisalleaf", "uv": [ 0.0, 0.0, 0.5, 10.0 ] },
												"west": { "texture": "#sisalleaf", "uv": [ 0.0, 0.0, 3.0, 10.0 ] },
												"up": { "texture": "#sisalleaf", "uv": [ 0.0, 0.0, 0.5, 3.0 ] },
												"down": { "texture": "#sisalleaf", "uv": [ 0.0, 0.0, 0.5, 3.0 ] }
											},
											"children": [
												{
													"name": "Cube19",
													"from": [ 0.0, 10.0, 0.4 ], 
													"to": [ 0.6, 18.0, 2.4 ], 
													"rotationOrigin": [ 0.0, 10.0, 0.4 ],
													"rotationZ": -5.0,
													"faces": {
														"north": { "texture": "#sisalleaf", "uv": [ 0.0, 0.0, 0.5, 8.0 ] },
														"east": { "texture": "#sisalleaf", "uv": [ 0.0, 0.0, 2.0, 8.0 ] },
														"south": { "texture": "#sisalleaf", "uv": [ 0.0, 0.0, 0.5, 8.0 ] },
														"west": { "texture": "#sisalleaf", "uv": [ 0.0, 0.0, 2.0, 8.0 ] },
														"up": { "texture": "#sisalleaf", "uv": [ 0.0, 0.0, 0.5, 2.0 ] },
														"down": { "texture": "#sisalleaf", "uv": [ 0.0, 0.0, 0.5, 2.0 ] }
													},
													"children": [
														{
															"name": "Cube60",
															"from": [ 0.0, 8.0, 0.5 ], 
															"to": [ 0.6, 13.0, 1.5 ], 
															"rotationOrigin": [ 0.0, 8.0, 0.0 ],
															"faces": {
																"north": { "texture": "#sisalleaf", "uv": [ 0.0, 0.0, 0.5, 5.0 ] },
																"east": { "texture": "#sisalleaf", "uv": [ 0.0, 0.0, 1.0, 5.0 ] },
																"south": { "texture": "#sisalleaf", "uv": [ 0.0, 0.0, 0.5, 5.0 ] },
																"west": { "texture": "#sisalleaf", "uv": [ 0.0, 0.0, 1.0, 5.0 ] },
																"up": { "texture": "#sisalleaf", "uv": [ 0.0, 0.0, 0.5, 1.0 ] },
																"down": { "texture": "#sisalleaf", "uv": [ 0.0, 0.0, 0.5, 1.0 ] }
															}
														}
													]
												}
											]
										}
									]
								},
								{
									"name": "Cube7",
									"from": [ 0.0, 1.0, 0.0 ], 
									"to": [ 0.5, 12.0, 4.0 ], 
									"rotationOrigin": [ 3.0, 1.0, 3.0 ],
									"rotationY": -14.0,
									"rotationZ": 44.0,
									"faces": {
										"north": { "texture": "#sisalleaf", "uv": [ 0.0, 0.0, 0.5, 11.0 ] },
										"east": { "texture": "#sisalleaf", "uv": [ 0.0, 0.0, 4.0, 11.0 ] },
										"south": { "texture": "#sisalleaf", "uv": [ 0.0, 0.0, 0.5, 11.0 ] },
										"west": { "texture": "#sisalleaf", "uv": [ 0.0, 0.0, 4.0, 11.0 ] },
										"up": { "texture": "#sisalleaf", "uv": [ 0.0, 0.0, 0.5, 4.0 ] },
										"down": { "texture": "#sisalleaf", "uv": [ 0.0, 0.0, 0.5, 4.0 ] }
									},
									"children": [
										{
											"name": "Cube20",
											"from": [ 0.0, 11.0, 0.5 ], 
											"to": [ 0.6, 20.0, 3.5 ], 
											"rotationOrigin": [ 0.0, 11.0, 0.5 ],
											"rotationZ": -5.0,
											"faces": {
												"north": { "texture": "#sisalleaf", "uv": [ 0.0, 0.0, 0.5, 9.0 ] },
												"east": { "texture": "#sisalleaf", "uv": [ 0.0, 0.0, 3.0, 9.0 ] },
												"south": { "texture": "#sisalleaf", "uv": [ 0.0, 0.0, 0.5, 9.0 ] },
												"west": { "texture": "#sisalleaf", "uv": [ 0.0, 0.0, 3.0, 9.0 ] },
												"up": { "texture": "#sisalleaf", "uv": [ 0.0, 0.0, 0.5, 3.0 ] },
												"down": { "texture": "#sisalleaf", "uv": [ 0.0, 0.0, 0.5, 3.0 ] }
											},
											"children": [
												{
													"name": "Cube21",
													"from": [ 0.0, 9.0, 0.4 ], 
													"to": [ 0.6, 16.0, 2.4 ], 
													"rotationOrigin": [ 0.0, 9.0, 0.4 ],
													"rotationZ": -5.0,
													"faces": {
														"north": { "texture": "#sisalleaf", "uv": [ 0.0, 0.0, 0.5, 7.0 ] },
														"east": { "texture": "#sisalleaf", "uv": [ 0.0, 0.0, 2.0, 7.0 ] },
														"south": { "texture": "#sisalleaf", "uv": [ 0.0, 0.0, 0.5, 7.0 ] },
														"west": { "texture": "#sisalleaf", "uv": [ 0.0, 0.0, 2.0, 7.0 ] },
														"up": { "texture": "#sisalleaf", "uv": [ 0.0, 0.0, 0.5, 2.0 ] },
														"down": { "texture": "#sisalleaf", "uv": [ 0.0, 0.0, 0.5, 2.0 ] }
													},
													"children": [
														{
															"name": "Cube61",
															"from": [ 0.0, 7.0, 0.5 ], 
															"to": [ 0.6, 14.0, 1.5 ], 
															"rotationOrigin": [ 0.0, 7.0, 0.5 ],
															"faces": {
																"north": { "texture": "#sisalleaf", "uv": [ 0.0, 0.0, 0.5, 7.0 ] },
																"east": { "texture": "#sisalleaf", "uv": [ 0.0, 0.0, 1.0, 7.0 ] },
																"south": { "texture": "#sisalleaf", "uv": [ 0.0, 0.0, 0.5, 7.0 ] },
																"west": { "texture": "#sisalleaf", "uv": [ 0.0, 0.0, 1.0, 7.0 ] },
																"up": { "texture": "#sisalleaf", "uv": [ 0.0, 0.0, 0.5, 1.0 ] },
																"down": { "texture": "#sisalleaf", "uv": [ 0.0, 0.0, 0.5, 1.0 ] }
															}
														}
													]
												}
											]
										}
									]
								},
								{
									"name": "Cube8",
									"from": [ 0.0, 1.0, 0.0 ], 
									"to": [ 0.5, 13.0, 4.0 ], 
									"rotationOrigin": [ 3.0, 1.0, 3.0 ],
									"rotationY": 125.0,
									"rotationZ": 39.0,
									"faces": {
										"north": { "texture": "#sisalleaf", "uv": [ 0.0, 0.0, 0.5, 12.0 ] },
										"east": { "texture": "#sisalleaf", "uv": [ 0.0, 0.0, 4.0, 12.0 ] },
										"south": { "texture": "#sisalleaf", "uv": [ 0.0, 0.0, 0.5, 12.0 ] },
										"west": { "texture": "#sisalleaf", "uv": [ 0.0, 0.0, 4.0, 12.0 ] },
										"up": { "texture": "#sisalleaf", "uv": [ 0.0, 0.0, 0.5, 4.0 ] },
										"down": { "texture": "#sisalleaf", "uv": [ 0.0, 0.0, 0.5, 4.0 ] }
									},
									"children": [
										{
											"name": "Cube24",
											"from": [ 0.0, 12.0, 0.6 ], 
											"to": [ 0.6, 22.0, 3.6 ], 
											"rotationOrigin": [ 0.0, 12.0, 0.6 ],
											"rotationZ": -5.0,
											"faces": {
												"north": { "texture": "#sisalleaf", "uv": [ 0.0, 0.0, 0.5, 10.0 ] },
												"east": { "texture": "#sisalleaf", "uv": [ 0.0, 0.0, 3.0, 10.0 ] },
												"south": { "texture": "#sisalleaf", "uv": [ 0.0, 0.0, 0.5, 10.0 ] },
												"west": { "texture": "#sisalleaf", "uv": [ 0.0, 0.0, 3.0, 10.0 ] },
												"up": { "texture": "#sisalleaf", "uv": [ 0.0, 0.0, 0.5, 3.0 ] },
												"down": { "texture": "#sisalleaf", "uv": [ 0.0, 0.0, 0.5, 3.0 ] }
											},
											"children": [
												{
													"name": "Cube25",
													"from": [ 0.0, 10.0, 0.5 ], 
													"to": [ 0.6, 17.0, 2.5 ], 
													"rotationOrigin": [ 0.0, 10.0, 0.5 ],
													"rotationZ": -5.0,
													"faces": {
														"north": { "texture": "#sisalleaf", "uv": [ 0.0, 0.0, 0.5, 7.0 ] },
														"east": { "texture": "#sisalleaf", "uv": [ 0.0, 0.0, 2.0, 7.0 ] },
														"south": { "texture": "#sisalleaf", "uv": [ 0.0, 0.0, 0.5, 7.0 ] },
														"west": { "texture": "#sisalleaf", "uv": [ 0.0, 0.0, 2.0, 7.0 ] },
														"up": { "texture": "#sisalleaf", "uv": [ 0.0, 0.0, 0.5, 2.0 ] },
														"down": { "texture": "#sisalleaf", "uv": [ 0.0, 0.0, 0.5, 2.0 ] }
													},
													"children": [
														{
															"name": "Cube62",
															"from": [ 0.0, 7.0, 0.5 ], 
															"to": [ 0.6, 14.0, 1.5 ], 
															"rotationOrigin": [ 0.0, 7.0, 0.0 ],
															"faces": {
																"north": { "texture": "#sisalleaf", "uv": [ 0.0, 0.0, 0.5, 7.0 ] },
																"east": { "texture": "#sisalleaf", "uv": [ 0.0, 0.0, 1.0, 7.0 ] },
																"south": { "texture": "#sisalleaf", "uv": [ 0.0, 0.0, 0.5, 7.0 ] },
																"west": { "texture": "#sisalleaf", "uv": [ 0.0, 0.0, 1.0, 7.0 ] },
																"up": { "texture": "#sisalleaf", "uv": [ 0.0, 0.0, 0.5, 1.0 ] },
																"down": { "texture": "#sisalleaf", "uv": [ 0.0, 0.0, 0.5, 1.0 ] }
															}
														}
													]
												}
											]
										}
									]
								},
								{
									"name": "Cube9",
									"from": [ 0.0, 0.9, 1.9 ], 
									"to": [ 0.5, 12.9, 5.9 ], 
									"rotationOrigin": [ 3.0, 0.9, 4.9 ],
									"rotationY": -80.0,
									"rotationZ": 47.0,
									"faces": {
										"north": { "texture": "#sisalleaf", "uv": [ 0.0, 0.0, 0.5, 12.0 ] },
										"east": { "texture": "#sisalleaf", "uv": [ 0.0, 0.0, 4.0, 12.0 ] },
										"south": { "texture": "#sisalleaf", "uv": [ 0.0, 0.0, 0.5, 12.0 ] },
										"west": { "texture": "#sisalleaf", "uv": [ 0.0, 0.0, 4.0, 12.0 ] },
										"up": { "texture": "#sisalleaf", "uv": [ 0.0, 0.0, 0.5, 4.0 ] },
										"down": { "texture": "#sisalleaf", "uv": [ 0.0, 0.0, 0.5, 4.0 ] }
									},
									"children": [
										{
											"name": "Cube22",
											"from": [ 0.0, 12.0, 0.5 ], 
											"to": [ 0.6, 21.0, 3.5 ], 
											"rotationOrigin": [ 0.0, 12.0, 0.5 ],
											"rotationZ": -5.0,
											"faces": {
												"north": { "texture": "#sisalleaf", "uv": [ 0.0, 0.0, 0.5, 9.0 ] },
												"east": { "texture": "#sisalleaf", "uv": [ 0.0, 0.0, 3.0, 9.0 ] },
												"south": { "texture": "#sisalleaf", "uv": [ 0.0, 0.0, 0.5, 9.0 ] },
												"west": { "texture": "#sisalleaf", "uv": [ 0.0, 0.0, 3.0, 9.0 ] },
												"up": { "texture": "#sisalleaf", "uv": [ 0.0, 0.0, 0.5, 3.0 ] },
												"down": { "texture": "#sisalleaf", "uv": [ 0.0, 0.0, 0.5, 3.0 ] }
											},
											"children": [
												{
													"name": "Cube23",
													"from": [ 0.0, 9.0, 0.5 ], 
													"to": [ 0.6, 17.0, 2.5 ], 
													"rotationOrigin": [ 0.0, 9.0, 0.5 ],
													"rotationZ": -5.0,
													"faces": {
														"north": { "texture": "#sisalleaf", "uv": [ 0.0, 0.0, 0.5, 8.0 ] },
														"east": { "texture": "#sisalleaf", "uv": [ 0.0, 0.0, 2.0, 8.0 ] },
														"south": { "texture": "#sisalleaf", "uv": [ 0.0, 0.0, 0.5, 8.0 ] },
														"west": { "texture": "#sisalleaf", "uv": [ 0.0, 0.0, 2.0, 8.0 ] },
														"up": { "texture": "#sisalleaf", "uv": [ 0.0, 0.0, 0.5, 2.0 ] },
														"down": { "texture": "#sisalleaf", "uv": [ 0.0, 0.0, 0.5, 2.0 ] }
													},
													"children": [
														{
															"name": "Cube63",
															"from": [ 0.0, 8.0, 0.4 ], 
															"to": [ 0.6, 15.0, 1.4 ], 
															"rotationOrigin": [ 0.0, 8.0, 0.4 ],
															"faces": {
																"north": { "texture": "#sisalleaf", "uv": [ 0.0, 0.0, 0.5, 7.0 ] },
																"east": { "texture": "#sisalleaf", "uv": [ 0.0, 0.0, 1.0, 7.0 ] },
																"south": { "texture": "#sisalleaf", "uv": [ 0.0, 0.0, 0.5, 7.0 ] },
																"west": { "texture": "#sisalleaf", "uv": [ 0.0, 0.0, 1.0, 7.0 ] },
																"up": { "texture": "#sisalleaf", "uv": [ 0.0, 0.0, 0.5, 1.0 ] },
																"down": { "texture": "#sisalleaf", "uv": [ 0.0, 0.0, 0.5, 1.0 ] }
															}
														}
													]
												}
											]
										}
									]
								},
								{
									"name": "Cube10",
									"from": [ 2.0, 1.0, 2.0 ], 
									"to": [ 2.5, 13.0, 6.0 ], 
									"rotationOrigin": [ 5.0, 1.0, 5.0 ],
									"rotationY": 19.0,
									"rotationZ": 28.0,
									"faces": {
										"north": { "texture": "#sisalleaf", "uv": [ 0.0, 0.0, 0.5, 12.0 ] },
										"east": { "texture": "#sisalleaf", "uv": [ 0.0, 0.0, 4.0, 12.0 ] },
										"south": { "texture": "#sisalleaf", "uv": [ 0.0, 0.0, 0.5, 12.0 ] },
										"west": { "texture": "#sisalleaf", "uv": [ 0.0, 0.0, 4.0, 12.0 ] },
										"up": { "texture": "#sisalleaf", "uv": [ 0.0, 0.0, 0.5, 4.0 ] },
										"down": { "texture": "#sisalleaf", "uv": [ 0.0, 0.0, 0.5, 4.0 ] }
									},
									"children": [
										{
											"name": "Cube32",
											"from": [ 0.0, 12.0, 0.4 ], 
											"to": [ 0.6, 23.0, 3.4 ], 
											"rotationOrigin": [ 0.0, 12.0, 0.4 ],
											"rotationZ": -5.0,
											"faces": {
												"north": { "texture": "#sisalleaf", "uv": [ 0.0, 0.0, 0.5, 11.0 ] },
												"east": { "texture": "#sisalleaf", "uv": [ 0.0, 0.0, 3.0, 11.0 ] },
												"south": { "texture": "#sisalleaf", "uv": [ 0.0, 0.0, 0.5, 11.0 ] },
												"west": { "texture": "#sisalleaf", "uv": [ 0.0, 0.0, 3.0, 11.0 ] },
												"up": { "texture": "#sisalleaf", "uv": [ 0.0, 0.0, 0.5, 3.0 ] },
												"down": { "texture": "#sisalleaf", "uv": [ 0.0, 0.0, 0.5, 3.0 ] }
											},
											"children": [
												{
													"name": "Cube33",
													"from": [ 0.0, 11.0, 0.5 ], 
													"to": [ 0.6, 18.0, 2.5 ], 
													"rotationOrigin": [ 0.0, 11.0, 0.5 ],
													"rotationZ": -5.0,
													"faces": {
														"north": { "texture": "#sisalleaf", "uv": [ 0.0, 0.0, 0.5, 7.0 ] },
														"east": { "texture": "#sisalleaf", "uv": [ 0.0, 0.0, 2.0, 7.0 ] },
														"south": { "texture": "#sisalleaf", "uv": [ 0.0, 0.0, 0.5, 7.0 ] },
														"west": { "texture": "#sisalleaf", "uv": [ 0.0, 0.0, 2.0, 7.0 ] },
														"up": { "texture": "#sisalleaf", "uv": [ 0.0, 0.0, 0.5, 2.0 ] },
														"down": { "texture": "#sisalleaf", "uv": [ 0.0, 0.0, 0.5, 2.0 ] }
													},
													"children": [
														{
															"name": "Cube64",
															"from": [ 0.0, 7.0, 0.5 ], 
															"to": [ 0.6, 14.0, 1.5 ], 
															"rotationOrigin": [ 0.0, 7.0, 0.5 ],
															"faces": {
																"north": { "texture": "#sisalleaf", "uv": [ 0.0, 0.0, 0.5, 7.0 ] },
																"east": { "texture": "#sisalleaf", "uv": [ 0.0, 0.0, 1.0, 7.0 ] },
																"south": { "texture": "#sisalleaf", "uv": [ 0.0, 0.0, 0.5, 7.0 ] },
																"west": { "texture": "#sisalleaf", "uv": [ 0.0, 0.0, 1.0, 7.0 ] },
																"up": { "texture": "#sisalleaf", "uv": [ 0.0, 0.0, 0.5, 1.0 ] },
																"down": { "texture": "#sisalleaf", "uv": [ 0.0, 0.0, 0.5, 1.0 ] }
															}
														}
													]
												}
											]
										}
									]
								},
								{
									"name": "Cube11",
									"from": [ 0.0, 1.0, -1.0 ], 
									"to": [ 0.5, 13.0, 3.0 ], 
									"rotationOrigin": [ 3.0, 1.0, 2.0 ],
									"rotationY": -169.0,
									"rotationZ": 42.0,
									"faces": {
										"north": { "texture": "#sisalleaf", "uv": [ 0.0, 0.0, 0.5, 12.0 ] },
										"east": { "texture": "#sisalleaf", "uv": [ 0.0, 0.0, 4.0, 12.0 ] },
										"south": { "texture": "#sisalleaf", "uv": [ 0.0, 0.0, 0.5, 12.0 ] },
										"west": { "texture": "#sisalleaf", "uv": [ 0.0, 0.0, 4.0, 12.0 ] },
										"up": { "texture": "#sisalleaf", "uv": [ 0.0, 0.0, 0.5, 4.0 ] },
										"down": { "texture": "#sisalleaf", "uv": [ 0.0, 0.0, 0.5, 4.0 ] }
									},
									"children": [
										{
											"name": "Cube30",
											"from": [ 0.0, 12.0, 0.4 ], 
											"to": [ 0.6, 22.0, 3.4 ], 
											"rotationOrigin": [ 0.0, 12.0, 0.4 ],
											"rotationZ": -5.0,
											"faces": {
												"north": { "texture": "#sisalleaf", "uv": [ 0.0, 0.0, 0.5, 10.0 ] },
												"east": { "texture": "#sisalleaf", "uv": [ 0.0, 0.0, 3.0, 10.0 ] },
												"south": { "texture": "#sisalleaf", "uv": [ 0.0, 0.0, 0.5, 10.0 ] },
												"west": { "texture": "#sisalleaf", "uv": [ 0.0, 0.0, 3.0, 10.0 ] },
												"up": { "texture": "#sisalleaf", "uv": [ 0.0, 0.0, 0.5, 3.0 ] },
												"down": { "texture": "#sisalleaf", "uv": [ 0.0, 0.0, 0.5, 3.0 ] }
											},
											"children": [
												{
													"name": "Cube31",
													"from": [ 0.0, 10.0, 0.5 ], 
													"to": [ 0.6, 17.0, 2.5 ], 
													"rotationOrigin": [ 0.0, 10.0, 0.5 ],
													"rotationZ": -5.0,
													"faces": {
														"north": { "texture": "#sisalleaf", "uv": [ 0.0, 0.0, 0.5, 7.0 ] },
														"east": { "texture": "#sisalleaf", "uv": [ 0.0, 0.0, 2.0, 7.0 ] },
														"south": { "texture": "#sisalleaf", "uv": [ 0.0, 0.0, 0.5, 7.0 ] },
														"west": { "texture": "#sisalleaf", "uv": [ 0.0, 0.0, 2.0, 7.0 ] },
														"up": { "texture": "#sisalleaf", "uv": [ 0.0, 0.0, 0.5, 2.0 ] },
														"down": { "texture": "#sisalleaf", "uv": [ 0.0, 0.0, 0.5, 2.0 ] }
													},
													"children": [
														{
															"name": "Cube65",
															"from": [ 0.0, 7.0, 0.5 ], 
															"to": [ 0.6, 15.0, 1.5 ], 
															"rotationOrigin": [ 0.0, 7.0, 0.5 ],
															"faces": {
																"north": { "texture": "#sisalleaf", "uv": [ 0.0, 0.0, 0.5, 8.0 ] },
																"east": { "texture": "#sisalleaf", "uv": [ 0.0, 0.0, 1.0, 8.0 ] },
																"south": { "texture": "#sisalleaf", "uv": [ 0.0, 0.0, 0.5, 8.0 ] },
																"west": { "texture": "#sisalleaf", "uv": [ 0.0, 0.0, 1.0, 8.0 ] },
																"up": { "texture": "#sisalleaf", "uv": [ 0.0, 0.0, 0.5, 1.0 ] },
																"down": { "texture": "#sisalleaf", "uv": [ 0.0, 0.0, 0.5, 1.0 ] }
															}
														}
													]
												}
											]
										}
									]
								},
								{
									"name": "Cube12",
									"from": [ 2.0, 0.9, -1.1 ], 
									"to": [ 2.5, 12.9, 2.9 ], 
									"rotationOrigin": [ 5.0, 0.9, 1.9 ],
									"rotationY": 78.0,
									"rotationZ": 44.0,
									"faces": {
										"north": { "texture": "#sisalleaf", "uv": [ 0.0, 0.0, 0.5, 12.0 ] },
										"east": { "texture": "#sisalleaf", "uv": [ 0.0, 0.0, 4.0, 12.0 ] },
										"south": { "texture": "#sisalleaf", "uv": [ 0.0, 0.0, 0.5, 12.0 ] },
										"west": { "texture": "#sisalleaf", "uv": [ 0.0, 0.0, 4.0, 12.0 ] },
										"up": { "texture": "#sisalleaf", "uv": [ 0.0, 0.0, 0.5, 4.0 ] },
										"down": { "texture": "#sisalleaf", "uv": [ 0.0, 0.0, 0.5, 4.0 ] }
									},
									"children": [
										{
											"name": "Cube26",
											"from": [ 0.0, 12.0, 0.5 ], 
											"to": [ 0.6, 22.0, 3.5 ], 
											"rotationOrigin": [ 0.0, 12.0, 0.5 ],
											"rotationZ": -5.0,
											"faces": {
												"north": { "texture": "#sisalleaf", "uv": [ 0.0, 0.0, 0.5, 10.0 ] },
												"east": { "texture": "#sisalleaf", "uv": [ 0.0, 0.0, 3.0, 10.0 ] },
												"south": { "texture": "#sisalleaf", "uv": [ 0.0, 0.0, 0.5, 10.0 ] },
												"west": { "texture": "#sisalleaf", "uv": [ 0.0, 0.0, 3.0, 10.0 ] },
												"up": { "texture": "#sisalleaf", "uv": [ 0.0, 0.0, 0.5, 3.0 ] },
												"down": { "texture": "#sisalleaf", "uv": [ 0.0, 0.0, 0.5, 3.0 ] }
											},
											"children": [
												{
													"name": "Cube27",
													"from": [ 0.0, 10.0, 0.5 ], 
													"to": [ 0.6, 17.0, 2.5 ], 
													"rotationOrigin": [ 0.0, 10.0, 0.5 ],
													"rotationZ": -5.0,
													"faces": {
														"north": { "texture": "#sisalleaf", "uv": [ 0.0, 0.0, 0.5, 7.0 ] },
														"east": { "texture": "#sisalleaf", "uv": [ 0.0, 0.0, 2.0, 7.0 ] },
														"south": { "texture": "#sisalleaf", "uv": [ 0.0, 0.0, 0.5, 7.0 ] },
														"west": { "texture": "#sisalleaf", "uv": [ 0.0, 0.0, 2.0, 7.0 ] },
														"up": { "texture": "#sisalleaf", "uv": [ 0.0, 0.0, 0.5, 2.0 ] },
														"down": { "texture": "#sisalleaf", "uv": [ 0.0, 0.0, 0.5, 2.0 ] }
													},
													"children": [
														{
															"name": "Cube66",
															"from": [ 0.0, 7.0, 0.5 ], 
															"to": [ 0.6, 15.0, 1.5 ], 
															"rotationOrigin": [ 0.0, 7.0, 0.5 ],
															"faces": {
																"north": { "texture": "#sisalleaf", "uv": [ 0.0, 0.0, 0.5, 8.0 ] },
																"east": { "texture": "#sisalleaf", "uv": [ 0.0, 0.0, 1.0, 8.0 ] },
																"south": { "texture": "#sisalleaf", "uv": [ 0.0, 0.0, 0.5, 8.0 ] },
																"west": { "texture": "#sisalleaf", "uv": [ 0.0, 0.0, 1.0, 8.0 ] },
																"up": { "texture": "#sisalleaf", "uv": [ 0.0, 0.0, 0.5, 1.0 ] },
																"down": { "texture": "#sisalleaf", "uv": [ 0.0, 0.0, 0.5, 1.0 ] }
															}
														}
													]
												}
											]
										}
									]
								},
								{
									"name": "Cube13",
									"from": [ 1.0, 1.0, -1.0 ], 
									"to": [ 1.5, 12.0, 3.0 ], 
									"rotationOrigin": [ 3.0, 1.0, 2.0 ],
									"rotationY": 161.0,
									"rotationZ": 47.0,
									"faces": {
										"north": { "texture": "#sisalleaf", "uv": [ 0.0, 0.0, 0.5, 11.0 ] },
										"east": { "texture": "#sisalleaf", "uv": [ 0.0, 0.0, 4.0, 11.0 ] },
										"south": { "texture": "#sisalleaf", "uv": [ 0.0, 0.0, 0.5, 11.0 ] },
										"west": { "texture": "#sisalleaf", "uv": [ 0.0, 0.0, 4.0, 11.0 ] },
										"up": { "texture": "#sisalleaf", "uv": [ 0.0, 0.0, 0.5, 4.0 ] },
										"down": { "texture": "#sisalleaf", "uv": [ 0.0, 0.0, 0.5, 4.0 ] }
									},
									"children": [
										{
											"name": "Cube28",
											"from": [ 0.0, 11.0, 0.4 ], 
											"to": [ 0.6, 21.0, 3.4 ], 
											"rotationOrigin": [ 0.0, 11.0, 0.4 ],
											"rotationZ": -5.0,
											"faces": {
												"north": { "texture": "#sisalleaf", "uv": [ 0.0, 0.0, 0.5, 10.0 ] },
												"east": { "texture": "#sisalleaf", "uv": [ 0.0, 0.0, 3.0, 10.0 ] },
												"south": { "texture": "#sisalleaf", "uv": [ 0.0, 0.0, 0.5, 10.0 ] },
												"west": { "texture": "#sisalleaf", "uv": [ 0.0, 0.0, 3.0, 10.0 ] },
												"up": { "texture": "#sisalleaf", "uv": [ 0.0, 0.0, 0.5, 3.0 ] },
												"down": { "texture": "#sisalleaf", "uv": [ 0.0, 0.0, 0.5, 3.0 ] }
											},
											"children": [
												{
													"name": "Cube29",
													"from": [ 0.0, 10.0, 0.4 ], 
													"to": [ 0.6, 18.0, 2.4 ], 
													"rotationOrigin": [ 0.0, 10.0, 0.4 ],
													"rotationZ": -5.0,
													"faces": {
														"north": { "texture": "#sisalleaf", "uv": [ 0.0, 0.0, 0.5, 8.0 ] },
														"east": { "texture": "#sisalleaf", "uv": [ 0.0, 0.0, 2.0, 8.0 ] },
														"south": { "texture": "#sisalleaf", "uv": [ 0.0, 0.0, 0.5, 8.0 ] },
														"west": { "texture": "#sisalleaf", "uv": [ 0.0, 0.0, 2.0, 8.0 ] },
														"up": { "texture": "#sisalleaf", "uv": [ 0.0, 0.0, 0.5, 2.0 ] },
														"down": { "texture": "#sisalleaf", "uv": [ 0.0, 0.0, 0.5, 2.0 ] }
													},
													"children": [
														{
															"name": "Cube67",
															"from": [ 0.0, 8.0, 0.5 ], 
															"to": [ 0.6, 17.0, 1.5 ], 
															"rotationOrigin": [ 0.0, 8.0, 0.4 ],
															"faces": {
																"north": { "texture": "#sisalleaf", "uv": [ 0.0, 0.0, 0.5, 9.0 ] },
																"east": { "texture": "#sisalleaf", "uv": [ 0.0, 0.0, 1.0, 9.0 ] },
																"south": { "texture": "#sisalleaf", "uv": [ 0.0, 0.0, 0.5, 9.0 ] },
																"west": { "texture": "#sisalleaf", "uv": [ 0.0, 0.0, 1.0, 9.0 ] },
																"up": { "texture": "#sisalleaf", "uv": [ 0.0, 0.0, 0.5, 1.0 ] },
																"down": { "texture": "#sisalleaf", "uv": [ 0.0, 0.0, 0.5, 1.0 ] }
															}
														}
													]
												}
											]
										}
									]
								},
								{
									"name": "Cube34",
									"from": [ 1.0, 1.0, -1.0 ], 
									"to": [ 1.5, 12.0, 3.0 ], 
									"rotationOrigin": [ 3.0, 1.0, 2.0 ],
									"rotationY": -44.0,
									"rotationZ": 25.0,
									"faces": {
										"north": { "texture": "#sisalleaf", "uv": [ 0.0, 0.0, 0.5, 11.0 ] },
										"east": { "texture": "#sisalleaf", "uv": [ 0.0, 0.0, 4.0, 11.0 ] },
										"south": { "texture": "#sisalleaf", "uv": [ 0.0, 0.0, 0.5, 11.0 ] },
										"west": { "texture": "#sisalleaf", "uv": [ 0.0, 0.0, 4.0, 11.0 ] },
										"up": { "texture": "#sisalleaf", "uv": [ 0.0, 0.0, 0.5, 4.0 ] },
										"down": { "texture": "#sisalleaf", "uv": [ 0.0, 0.0, 0.5, 4.0 ] }
									},
									"children": [
										{
											"name": "Cube35",
											"from": [ 0.0, 11.0, 0.4 ], 
											"to": [ 0.6, 21.0, 3.4 ], 
											"rotationOrigin": [ 0.0, 11.0, 0.4 ],
											"rotationZ": -5.0,
											"faces": {
												"north": { "texture": "#sisalleaf", "uv": [ 0.0, 0.0, 0.5, 10.0 ] },
												"east": { "texture": "#sisalleaf", "uv": [ 0.0, 0.0, 3.0, 10.0 ] },
												"south": { "texture": "#sisalleaf", "uv": [ 0.0, 0.0, 0.5, 10.0 ] },
												"west": { "texture": "#sisalleaf", "uv": [ 0.0, 0.0, 3.0, 10.0 ] },
												"up": { "texture": "#sisalleaf", "uv": [ 0.0, 0.0, 0.5, 3.0 ] },
												"down": { "texture": "#sisalleaf", "uv": [ 0.0, 0.0, 0.5, 3.0 ] }
											},
											"children": [
												{
													"name": "Cube36",
													"from": [ 0.0, 10.0, 0.4 ], 
													"to": [ 0.6, 18.0, 2.4 ], 
													"rotationOrigin": [ 0.0, 10.0, 0.4 ],
													"rotationZ": -5.0,
													"faces": {
														"north": { "texture": "#sisalleaf", "uv": [ 0.0, 0.0, 0.5, 8.0 ] },
														"east": { "texture": "#sisalleaf", "uv": [ 0.0, 0.0, 2.0, 8.0 ] },
														"south": { "texture": "#sisalleaf", "uv": [ 0.0, 0.0, 0.5, 8.0 ] },
														"west": { "texture": "#sisalleaf", "uv": [ 0.0, 0.0, 2.0, 8.0 ] },
														"up": { "texture": "#sisalleaf", "uv": [ 0.0, 0.0, 0.5, 2.0 ] },
														"down": { "texture": "#sisalleaf", "uv": [ 0.0, 0.0, 0.5, 2.0 ] }
													},
													"children": [
														{
															"name": "Cube68",
															"from": [ 0.0, 8.0, 0.5 ], 
															"to": [ 0.6, 18.0, 1.5 ], 
															"rotationOrigin": [ 0.0, 8.0, 0.0 ],
															"faces": {
																"north": { "texture": "#sisalleaf", "uv": [ 0.0, 0.0, 0.5, 10.0 ] },
																"east": { "texture": "#sisalleaf", "uv": [ 0.0, 0.0, 1.0, 10.0 ] },
																"south": { "texture": "#sisalleaf", "uv": [ 0.0, 0.0, 0.5, 10.0 ] },
																"west": { "texture": "#sisalleaf", "uv": [ 0.0, 0.0, 1.0, 10.0 ] },
																"up": { "texture": "#sisalleaf", "uv": [ 0.0, 0.0, 0.5, 1.0 ] },
																"down": { "texture": "#sisalleaf", "uv": [ 0.0, 0.0, 0.5, 1.0 ] }
															}
														}
													]
												}
											]
										}
									]
								},
								{
									"name": "Cube37",
									"from": [ 2.0, 1.0, -1.0 ], 
									"to": [ 2.5, 13.0, 3.0 ], 
									"rotationOrigin": [ 5.0, 1.0, 2.0 ],
									"rotationY": 8.0,
									"rotationZ": 22.0,
									"faces": {
										"north": { "texture": "#sisalleaf", "uv": [ 0.0, 0.0, 0.5, 12.0 ] },
										"east": { "texture": "#sisalleaf", "uv": [ 0.0, 0.0, 4.0, 12.0 ] },
										"south": { "texture": "#sisalleaf", "uv": [ 0.0, 0.0, 0.5, 12.0 ] },
										"west": { "texture": "#sisalleaf", "uv": [ 0.0, 0.0, 4.0, 12.0 ] },
										"up": { "texture": "#sisalleaf", "uv": [ 0.0, 0.0, 0.5, 4.0 ] },
										"down": { "texture": "#sisalleaf", "uv": [ 0.0, 0.0, 0.5, 4.0 ] }
									},
									"children": [
										{
											"name": "Cube38",
											"from": [ 0.0, 12.0, 0.4 ], 
											"to": [ 0.6, 23.0, 3.4 ], 
											"rotationOrigin": [ 0.0, 12.0, 0.4 ],
											"rotationZ": -5.0,
											"faces": {
												"north": { "texture": "#sisalleaf", "uv": [ 0.0, 0.0, 0.5, 11.0 ] },
												"east": { "texture": "#sisalleaf", "uv": [ 0.0, 0.0, 3.0, 11.0 ] },
												"south": { "texture": "#sisalleaf", "uv": [ 0.0, 0.0, 0.5, 11.0 ] },
												"west": { "texture": "#sisalleaf", "uv": [ 0.0, 0.0, 3.0, 11.0 ] },
												"up": { "texture": "#sisalleaf", "uv": [ 0.0, 0.0, 0.5, 3.0 ] },
												"down": { "texture": "#sisalleaf", "uv": [ 0.0, 0.0, 0.5, 3.0 ] }
											},
											"children": [
												{
													"name": "Cube39",
													"from": [ 0.0, 11.0, 0.5 ], 
													"to": [ 0.6, 19.0, 2.5 ], 
													"rotationOrigin": [ 0.0, 11.0, 0.5 ],
													"rotationZ": -5.0,
													"faces": {
														"north": { "texture": "#sisalleaf", "uv": [ 0.0, 0.0, 0.5, 8.0 ] },
														"east": { "texture": "#sisalleaf", "uv": [ 0.0, 0.0, 2.0, 8.0 ] },
														"south": { "texture": "#sisalleaf", "uv": [ 0.0, 0.0, 0.5, 8.0 ] },
														"west": { "texture": "#sisalleaf", "uv": [ 0.0, 0.0, 2.0, 8.0 ] },
														"up": { "texture": "#sisalleaf", "uv": [ 0.0, 0.0, 0.5, 2.0 ] },
														"down": { "texture": "#sisalleaf", "uv": [ 0.0, 0.0, 0.5, 2.0 ] }
													},
													"children": [
														{
															"name": "Cube69",
															"from": [ 0.0, 8.0, 0.5 ], 
															"to": [ 0.6, 17.0, 1.5 ], 
															"rotationOrigin": [ 0.0, 8.0, 0.0 ],
															"faces": {
																"north": { "texture": "#sisalleaf", "uv": [ 0.0, 0.0, 0.5, 9.0 ] },
																"east": { "texture": "#sisalleaf", "uv": [ 0.0, 0.0, 1.0, 9.0 ] },
																"south": { "texture": "#sisalleaf", "uv": [ 0.0, 0.0, 0.5, 9.0 ] },
																"west": { "texture": "#sisalleaf", "uv": [ 0.0, 0.0, 1.0, 9.0 ] },
																"up": { "texture": "#sisalleaf", "uv": [ 0.0, 0.0, 0.5, 1.0 ] },
																"down": { "texture": "#sisalleaf", "uv": [ 0.0, 0.0, 0.5, 1.0 ] }
															}
														}
													]
												}
											]
										}
									]
								},
								{
									"name": "Cube40",
									"from": [ 4.0, 0.0, -2.0 ], 
									"to": [ 4.5, 12.0, 2.0 ], 
									"rotationOrigin": [ 5.0, 1.0, 0.0 ],
									"rotationY": -147.0,
									"rotationZ": 33.0,
									"faces": {
										"north": { "texture": "#sisalleaf", "uv": [ 0.0, 0.0, 0.5, 12.0 ] },
										"east": { "texture": "#sisalleaf", "uv": [ 0.0, 0.0, 4.0, 12.0 ] },
										"south": { "texture": "#sisalleaf", "uv": [ 0.0, 0.0, 0.5, 12.0 ] },
										"west": { "texture": "#sisalleaf", "uv": [ 0.0, 0.0, 4.0, 12.0 ] },
										"up": { "texture": "#sisalleaf", "uv": [ 0.0, 0.0, 0.5, 4.0 ] },
										"down": { "texture": "#sisalleaf", "uv": [ 0.0, 0.0, 0.5, 4.0 ] }
									},
									"children": [
										{
											"name": "Cube41",
											"from": [ 0.0, 12.0, 0.4 ], 
											"to": [ 0.6, 23.0, 3.4 ], 
											"rotationOrigin": [ 0.0, 12.0, 0.4 ],
											"rotationZ": -5.0,
											"faces": {
												"north": { "texture": "#sisalleaf", "uv": [ 0.0, 0.0, 0.5, 11.0 ] },
												"east": { "texture": "#sisalleaf", "uv": [ 0.0, 0.0, 3.0, 11.0 ] },
												"south": { "texture": "#sisalleaf", "uv": [ 0.0, 0.0, 0.5, 11.0 ] },
												"west": { "texture": "#sisalleaf", "uv": [ 0.0, 0.0, 3.0, 11.0 ] },
												"up": { "texture": "#sisalleaf", "uv": [ 0.0, 0.0, 0.5, 3.0 ] },
												"down": { "texture": "#sisalleaf", "uv": [ 0.0, 0.0, 0.5, 3.0 ] }
											},
											"children": [
												{
													"name": "Cube42",
													"from": [ 0.0, 11.0, 0.5 ], 
													"to": [ 0.6, 19.0, 2.5 ], 
													"rotationOrigin": [ 0.0, 11.0, 0.5 ],
													"rotationZ": -5.0,
													"faces": {
														"north": { "texture": "#sisalleaf", "uv": [ 0.0, 0.0, 0.5, 8.0 ] },
														"east": { "texture": "#sisalleaf", "uv": [ 0.0, 0.0, 2.0, 8.0 ] },
														"south": { "texture": "#sisalleaf", "uv": [ 0.0, 0.0, 0.5, 8.0 ] },
														"west": { "texture": "#sisalleaf", "uv": [ 0.0, 0.0, 2.0, 8.0 ] },
														"up": { "texture": "#sisalleaf", "uv": [ 0.0, 0.0, 0.5, 2.0 ] },
														"down": { "texture": "#sisalleaf", "uv": [ 0.0, 0.0, 0.5, 2.0 ] }
													},
													"children": [
														{
															"name": "Cube70",
															"from": [ 0.0, 8.0, 0.5 ], 
															"to": [ 0.6, 15.0, 1.5 ], 
															"rotationOrigin": [ 0.0, 8.0, 0.0 ],
															"faces": {
																"north": { "texture": "#sisalleaf", "uv": [ 0.0, 0.0, 0.5, 7.0 ] },
																"east": { "texture": "#sisalleaf", "uv": [ 0.0, 0.0, 1.0, 7.0 ] },
																"south": { "texture": "#sisalleaf", "uv": [ 0.0, 0.0, 0.5, 7.0 ] },
																"west": { "texture": "#sisalleaf", "uv": [ 0.0, 0.0, 1.0, 7.0 ] },
																"up": { "texture": "#sisalleaf", "uv": [ 0.0, 0.0, 0.5, 1.0 ] },
																"down": { "texture": "#sisalleaf", "uv": [ 0.0, 0.0, 0.5, 1.0 ] }
															}
														}
													]
												}
											]
										}
									]
								},
								{
									"name": "Cube43",
									"from": [ 4.0, 0.0, -2.0 ], 
									"to": [ 4.5, 12.0, 2.0 ], 
									"rotationOrigin": [ 5.0, 1.0, 0.0 ],
									"rotationY": -180.0,
									"rotationZ": 28.0,
									"faces": {
										"north": { "texture": "#sisalleaf", "uv": [ 0.0, 0.0, 0.5, 12.0 ] },
										"east": { "texture": "#sisalleaf", "uv": [ 0.0, 0.0, 4.0, 12.0 ] },
										"south": { "texture": "#sisalleaf", "uv": [ 0.0, 0.0, 0.5, 12.0 ] },
										"west": { "texture": "#sisalleaf", "uv": [ 0.0, 0.0, 4.0, 12.0 ] },
										"up": { "texture": "#sisalleaf", "uv": [ 0.0, 0.0, 0.5, 4.0 ] },
										"down": { "texture": "#sisalleaf", "uv": [ 0.0, 0.0, 0.5, 4.0 ] }
									},
									"children": [
										{
											"name": "Cube44",
											"from": [ 0.0, 12.0, 0.4 ], 
											"to": [ 0.6, 23.0, 3.4 ], 
											"rotationOrigin": [ 0.0, 12.0, 0.4 ],
											"rotationZ": -5.0,
											"faces": {
												"north": { "texture": "#sisalleaf", "uv": [ 0.0, 0.0, 0.5, 11.0 ] },
												"east": { "texture": "#sisalleaf", "uv": [ 0.0, 0.0, 3.0, 11.0 ] },
												"south": { "texture": "#sisalleaf", "uv": [ 0.0, 0.0, 0.5, 11.0 ] },
												"west": { "texture": "#sisalleaf", "uv": [ 0.0, 0.0, 3.0, 11.0 ] },
												"up": { "texture": "#sisalleaf", "uv": [ 0.0, 0.0, 0.5, 3.0 ] },
												"down": { "texture": "#sisalleaf", "uv": [ 0.0, 0.0, 0.5, 3.0 ] }
											},
											"children": [
												{
													"name": "Cube45",
													"from": [ 0.0, 11.0, 0.5 ], 
													"to": [ 0.6, 19.0, 2.5 ], 
													"rotationOrigin": [ 0.0, 11.0, 0.5 ],
													"rotationZ": -5.0,
													"faces": {
														"north": { "texture": "#sisalleaf", "uv": [ 0.0, 0.0, 0.5, 8.0 ] },
														"east": { "texture": "#sisalleaf", "uv": [ 0.0, 0.0, 2.0, 8.0 ] },
														"south": { "texture": "#sisalleaf", "uv": [ 0.0, 0.0, 0.5, 8.0 ] },
														"west": { "texture": "#sisalleaf", "uv": [ 0.0, 0.0, 2.0, 8.0 ] },
														"up": { "texture": "#sisalleaf", "uv": [ 0.0, 0.0, 0.5, 2.0 ] },
														"down": { "texture": "#sisalleaf", "uv": [ 0.0, 0.0, 0.5, 2.0 ] }
													},
													"children": [
														{
															"name": "Cube71",
															"from": [ 0.0, 8.0, 0.4 ], 
															"to": [ 0.6, 18.0, 1.4 ], 
															"rotationOrigin": [ 0.0, 8.0, 0.0 ],
															"faces": {
																"north": { "texture": "#sisalleaf", "uv": [ 0.0, 0.0, 0.5, 10.0 ] },
																"east": { "texture": "#sisalleaf", "uv": [ 0.0, 0.0, 1.0, 10.0 ] },
																"south": { "texture": "#sisalleaf", "uv": [ 0.0, 0.0, 0.5, 10.0 ] },
																"west": { "texture": "#sisalleaf", "uv": [ 0.0, 0.0, 1.0, 10.0 ] },
																"up": { "texture": "#sisalleaf", "uv": [ 0.0, 0.0, 0.5, 1.0 ] },
																"down": { "texture": "#sisalleaf", "uv": [ 0.0, 0.0, 0.5, 1.0 ] }
															}
														}
													]
												}
											]
										}
									]
								},
								{
									"name": "Cube46",
									"from": [ 1.0, 1.0, -1.0 ], 
									"to": [ 1.5, 12.0, 3.0 ], 
									"rotationOrigin": [ 3.0, 1.0, 2.0 ],
									"rotationY": 108.0,
									"rotationZ": 36.0,
									"faces": {
										"north": { "texture": "#sisalleaf", "uv": [ 0.0, 0.0, 0.5, 11.0 ] },
										"east": { "texture": "#sisalleaf", "uv": [ 0.0, 0.0, 4.0, 11.0 ] },
										"south": { "texture": "#sisalleaf", "uv": [ 0.0, 0.0, 0.5, 11.0 ] },
										"west": { "texture": "#sisalleaf", "uv": [ 0.0, 0.0, 4.0, 11.0 ] },
										"up": { "texture": "#sisalleaf", "uv": [ 0.0, 0.0, 0.5, 4.0 ] },
										"down": { "texture": "#sisalleaf", "uv": [ 0.0, 0.0, 0.5, 4.0 ] }
									},
									"children": [
										{
											"name": "Cube47",
											"from": [ 0.0, 11.0, 0.4 ], 
											"to": [ 0.6, 21.0, 3.4 ], 
											"rotationOrigin": [ 0.0, 11.0, 0.4 ],
											"rotationZ": -5.0,
											"faces": {
												"north": { "texture": "#sisalleaf", "uv": [ 0.0, 0.0, 0.5, 10.0 ] },
												"east": { "texture": "#sisalleaf", "uv": [ 0.0, 0.0, 3.0, 10.0 ] },
												"south": { "texture": "#sisalleaf", "uv": [ 0.0, 0.0, 0.5, 10.0 ] },
												"west": { "texture": "#sisalleaf", "uv": [ 0.0, 0.0, 3.0, 10.0 ] },
												"up": { "texture": "#sisalleaf", "uv": [ 0.0, 0.0, 0.5, 3.0 ] },
												"down": { "texture": "#sisalleaf", "uv": [ 0.0, 0.0, 0.5, 3.0 ] }
											},
											"children": [
												{
													"name": "Cube48",
													"from": [ 0.0, 10.0, 0.4 ], 
													"to": [ 0.6, 18.0, 2.4 ], 
													"rotationOrigin": [ 0.0, 10.0, 0.4 ],
													"rotationZ": -5.0,
													"faces": {
														"north": { "texture": "#sisalleaf", "uv": [ 0.0, 0.0, 0.5, 8.0 ] },
														"east": { "texture": "#sisalleaf", "uv": [ 0.0, 0.0, 2.0, 8.0 ] },
														"south": { "texture": "#sisalleaf", "uv": [ 0.0, 0.0, 0.5, 8.0 ] },
														"west": { "texture": "#sisalleaf", "uv": [ 0.0, 0.0, 2.0, 8.0 ] },
														"up": { "texture": "#sisalleaf", "uv": [ 0.0, 0.0, 0.5, 2.0 ] },
														"down": { "texture": "#sisalleaf", "uv": [ 0.0, 0.0, 0.5, 2.0 ] }
													},
													"children": [
														{
															"name": "Cube72",
															"from": [ 0.0, 8.0, 0.4 ], 
															"to": [ 0.6, 18.0, 1.4 ], 
															"rotationOrigin": [ 0.0, 8.0, 0.0 ],
															"faces": {
																"north": { "texture": "#sisalleaf", "uv": [ 0.0, 0.0, 0.5, 10.0 ] },
																"east": { "texture": "#sisalleaf", "uv": [ 0.0, 0.0, 1.0, 10.0 ] },
																"south": { "texture": "#sisalleaf", "uv": [ 0.0, 0.0, 0.5, 10.0 ] },
																"west": { "texture": "#sisalleaf", "uv": [ 0.0, 0.0, 1.0, 10.0 ] },
																"up": { "texture": "#sisalleaf", "uv": [ 0.0, 0.0, 0.5, 1.0 ] },
																"down": { "texture": "#sisalleaf", "uv": [ 0.0, 0.0, 0.5, 1.0 ] }
															}
														}
													]
												}
											]
										}
									]
								},
								{
									"name": "Cube49",
									"from": [ 4.0, 0.0, -2.0 ], 
									"to": [ 4.5, 12.0, 2.0 ], 
									"rotationOrigin": [ 5.0, 1.0, 0.0 ],
									"rotationY": -100.0,
									"rotationZ": 22.0,
									"faces": {
										"north": { "texture": "#sisalleaf", "uv": [ 0.0, 0.0, 0.5, 12.0 ] },
										"east": { "texture": "#sisalleaf", "uv": [ 0.0, 0.0, 4.0, 12.0 ] },
										"south": { "texture": "#sisalleaf", "uv": [ 0.0, 0.0, 0.5, 12.0 ] },
										"west": { "texture": "#sisalleaf", "uv": [ 0.0, 0.0, 4.0, 12.0 ] },
										"up": { "texture": "#sisalleaf", "uv": [ 0.0, 0.0, 0.5, 4.0 ] },
										"down": { "texture": "#sisalleaf", "uv": [ 0.0, 0.0, 0.5, 4.0 ] }
									},
									"children": [
										{
											"name": "Cube50",
											"from": [ 0.0, 12.0, 0.4 ], 
											"to": [ 0.6, 23.0, 3.4 ], 
											"rotationOrigin": [ 0.0, 12.0, 0.4 ],
											"rotationZ": -5.0,
											"faces": {
												"north": { "texture": "#sisalleaf", "uv": [ 0.0, 0.0, 0.5, 11.0 ] },
												"east": { "texture": "#sisalleaf", "uv": [ 0.0, 0.0, 3.0, 11.0 ] },
												"south": { "texture": "#sisalleaf", "uv": [ 0.0, 0.0, 0.5, 11.0 ] },
												"west": { "texture": "#sisalleaf", "uv": [ 0.0, 0.0, 3.0, 11.0 ] },
												"up": { "texture": "#sisalleaf", "uv": [ 0.0, 0.0, 0.5, 3.0 ] },
												"down": { "texture": "#sisalleaf", "uv": [ 0.0, 0.0, 0.5, 3.0 ] }
											},
											"children": [
												{
													"name": "Cube51",
													"from": [ 0.0, 11.0, 0.5 ], 
													"to": [ 0.6, 19.0, 2.5 ], 
													"rotationOrigin": [ 0.0, 11.0, 0.5 ],
													"rotationZ": -5.0,
													"faces": {
														"north": { "texture": "#sisalleaf", "uv": [ 0.0, 0.0, 0.5, 8.0 ] },
														"east": { "texture": "#sisalleaf", "uv": [ 0.0, 0.0, 2.0, 8.0 ] },
														"south": { "texture": "#sisalleaf", "uv": [ 0.0, 0.0, 0.5, 8.0 ] },
														"west": { "texture": "#sisalleaf", "uv": [ 0.0, 0.0, 2.0, 8.0 ] },
														"up": { "texture": "#sisalleaf", "uv": [ 0.0, 0.0, 0.5, 2.0 ] },
														"down": { "texture": "#sisalleaf", "uv": [ 0.0, 0.0, 0.5, 2.0 ] }
													},
													"children": [
														{
															"name": "Cube73",
															"from": [ 0.0, 8.0, 0.4 ], 
															"to": [ 0.6, 18.0, 1.4 ], 
															"rotationOrigin": [ 0.0, 8.0, 0.0 ],
															"faces": {
																"north": { "texture": "#sisalleaf", "uv": [ 0.0, 0.0, 0.5, 10.0 ] },
																"east": { "texture": "#sisalleaf", "uv": [ 0.0, 0.0, 1.0, 10.0 ] },
																"south": { "texture": "#sisalleaf", "uv": [ 0.0, 0.0, 0.5, 10.0 ] },
																"west": { "texture": "#sisalleaf", "uv": [ 0.0, 0.0, 1.0, 10.0 ] },
																"up": { "texture": "#sisalleaf", "uv": [ 0.0, 0.0, 0.5, 1.0 ] },
																"down": { "texture": "#sisalleaf", "uv": [ 0.0, 0.0, 0.5, 1.0 ] }
															}
														}
													]
												}
											]
										}
									]
								},
								{
									"name": "Cube52",
									"from": [ 2.0, 1.0, -1.0 ], 
									"to": [ 2.5, 13.0, 3.0 ], 
									"rotationOrigin": [ 5.0, 1.0, 2.0 ],
									"rotationY": 75.0,
									"rotationZ": 22.0,
									"faces": {
										"north": { "texture": "#sisalleaf", "uv": [ 0.0, 0.0, 0.5, 12.0 ] },
										"east": { "texture": "#sisalleaf", "uv": [ 0.0, 0.0, 4.0, 12.0 ] },
										"south": { "texture": "#sisalleaf", "uv": [ 0.0, 0.0, 0.5, 12.0 ] },
										"west": { "texture": "#sisalleaf", "uv": [ 0.0, 0.0, 4.0, 12.0 ] },
										"up": { "texture": "#sisalleaf", "uv": [ 0.0, 0.0, 0.5, 4.0 ] },
										"down": { "texture": "#sisalleaf", "uv": [ 0.0, 0.0, 0.5, 4.0 ] }
									},
									"children": [
										{
											"name": "Cube53",
											"from": [ 0.0, 12.0, 0.4 ], 
											"to": [ 0.6, 23.0, 3.4 ], 
											"rotationOrigin": [ 0.0, 12.0, 0.4 ],
											"rotationZ": -5.0,
											"faces": {
												"north": { "texture": "#sisalleaf", "uv": [ 0.0, 0.0, 0.5, 11.0 ] },
												"east": { "texture": "#sisalleaf", "uv": [ 0.0, 0.0, 3.0, 11.0 ] },
												"south": { "texture": "#sisalleaf", "uv": [ 0.0, 0.0, 0.5, 11.0 ] },
												"west": { "texture": "#sisalleaf", "uv": [ 0.0, 0.0, 3.0, 11.0 ] },
												"up": { "texture": "#sisalleaf", "uv": [ 0.0, 0.0, 0.5, 3.0 ] },
												"down": { "texture": "#sisalleaf", "uv": [ 0.0, 0.0, 0.5, 3.0 ] }
											},
											"children": [
												{
													"name": "Cube54",
													"from": [ 0.0, 11.0, 0.5 ], 
													"to": [ 0.6, 18.0, 2.5 ], 
													"rotationOrigin": [ 0.0, 11.0, 0.5 ],
													"rotationZ": -5.0,
													"faces": {
														"north": { "texture": "#sisalleaf", "uv": [ 0.0, 0.0, 0.5, 7.0 ] },
														"east": { "texture": "#sisalleaf", "uv": [ 0.0, 0.0, 2.0, 7.0 ] },
														"south": { "texture": "#sisalleaf", "uv": [ 0.0, 0.0, 0.5, 7.0 ] },
														"west": { "texture": "#sisalleaf", "uv": [ 0.0, 0.0, 2.0, 7.0 ] },
														"up": { "texture": "#sisalleaf", "uv": [ 0.0, 0.0, 0.5, 2.0 ] },
														"down": { "texture": "#sisalleaf", "uv": [ 0.0, 0.0, 0.5, 2.0 ] }
													},
													"children": [
														{
															"name": "Cube74",
															"from": [ 0.0, 7.0, 0.4 ], 
															"to": [ 0.6, 18.2, 1.4 ], 
															"rotationOrigin": [ 0.0, 7.0, 0.0 ],
															"faces": {
																"north": { "texture": "#sisalleaf", "uv": [ 0.0, 0.0, 0.5, 11.0 ] },
																"east": { "texture": "#sisalleaf", "uv": [ 0.0, 0.0, 1.0, 11.0 ] },
																"south": { "texture": "#sisalleaf", "uv": [ 0.0, 0.0, 0.5, 11.0 ] },
																"west": { "texture": "#sisalleaf", "uv": [ 0.0, 0.0, 1.0, 11.0 ] },
																"up": { "texture": "#sisalleaf", "uv": [ 0.0, 0.0, 0.5, 1.0 ] },
																"down": { "texture": "#sisalleaf", "uv": [ 0.0, 0.0, 0.5, 1.0 ] }
															}
														}
													]
												}
											]
										}
									]
								},
								{
									"name": "Cube55",
									"from": [ 3.0, 1.0, 0.0 ], 
									"to": [ 3.5, 10.0, 4.0 ], 
									"rotationOrigin": [ 5.0, 1.0, 2.0 ],
									"rotationY": 163.0,
									"rotationZ": 22.0,
									"faces": {
										"north": { "texture": "#sisalleaf", "uv": [ 0.0, 0.0, 0.5, 9.0 ] },
										"east": { "texture": "#sisalleaf", "uv": [ 0.0, 0.0, 4.0, 9.0 ] },
										"south": { "texture": "#sisalleaf", "uv": [ 0.0, 0.0, 0.5, 9.0 ] },
										"west": { "texture": "#sisalleaf", "uv": [ 0.0, 0.0, 4.0, 9.0 ] },
										"up": { "texture": "#sisalleaf", "uv": [ 0.0, 0.0, 0.5, 4.0 ] },
										"down": { "texture": "#sisalleaf", "uv": [ 0.0, 0.0, 0.5, 4.0 ] }
									},
									"children": [
										{
											"name": "Cube56",
											"from": [ 0.0, 9.0, 0.4 ], 
											"to": [ 0.6, 17.0, 3.4 ], 
											"rotationOrigin": [ 0.0, 9.0, 0.4 ],
											"rotationZ": -5.0,
											"faces": {
												"north": { "texture": "#sisalleaf", "uv": [ 0.0, 0.0, 0.5, 8.0 ] },
												"east": { "texture": "#sisalleaf", "uv": [ 0.0, 0.0, 3.0, 8.0 ] },
												"south": { "texture": "#sisalleaf", "uv": [ 0.0, 0.0, 0.5, 8.0 ] },
												"west": { "texture": "#sisalleaf", "uv": [ 0.0, 0.0, 3.0, 8.0 ] },
												"up": { "texture": "#sisalleaf", "uv": [ 0.0, 0.0, 0.5, 3.0 ] },
												"down": { "texture": "#sisalleaf", "uv": [ 0.0, 0.0, 0.5, 3.0 ] }
											},
											"children": [
												{
													"name": "Cube57",
													"from": [ 0.0, 8.0, 0.5 ], 
													"to": [ 0.6, 13.0, 2.5 ], 
													"rotationOrigin": [ 0.0, 8.0, 0.5 ],
													"rotationZ": -5.0,
													"faces": {
														"north": { "texture": "#sisalleaf", "uv": [ 0.0, 0.0, 0.5, 5.0 ] },
														"east": { "texture": "#sisalleaf", "uv": [ 0.0, 0.0, 2.0, 5.0 ] },
														"south": { "texture": "#sisalleaf", "uv": [ 0.0, 0.0, 0.5, 5.0 ] },
														"west": { "texture": "#sisalleaf", "uv": [ 0.0, 0.0, 2.0, 5.0 ] },
														"up": { "texture": "#sisalleaf", "uv": [ 0.0, 0.0, 0.5, 2.0 ] },
														"down": { "texture": "#sisalleaf", "uv": [ 0.0, 0.0, 0.5, 2.0 ] }
													},
													"children": [
														{
															"name": "Cube75",
															"from": [ 0.0, 5.0, 0.5 ], 
															"to": [ 0.6, 16.0, 1.5 ], 
															"rotationOrigin": [ 0.0, 5.0, 0.0 ],
															"faces": {
																"north": { "texture": "#sisalleaf", "uv": [ 0.0, 0.0, 0.5, 11.0 ] },
																"east": { "texture": "#sisalleaf", "uv": [ 0.0, 0.0, 1.0, 11.0 ] },
																"south": { "texture": "#sisalleaf", "uv": [ 0.0, 0.0, 0.5, 11.0 ] },
																"west": { "texture": "#sisalleaf", "uv": [ 0.0, 0.0, 1.0, 11.0 ] },
																"up": { "texture": "#sisalleaf", "uv": [ 0.0, 0.0, 0.5, 1.0 ] },
																"down": { "texture": "#sisalleaf", "uv": [ 0.0, 0.0, 0.5, 1.0 ] }
															}
														}
													]
												}
											]
										}
									]
								},
								{
									"name": "flowerstembottom",
									"from": [ 2.5, 0.0, 2.5 ], 
									"to": [ 3.5, 16.0, 3.5 ], 
									"rotationOrigin": [ 3.0, 0.0, 2.0 ],
									"faces": {
										"north": { "texture": "#sisalleaf", "uv": [ 0.0, 0.0, 1.0, 16.0 ] },
										"east": { "texture": "#sisalleaf", "uv": [ 0.0, 0.0, 1.0, 16.0 ] },
										"south": { "texture": "#sisalleaf", "uv": [ 0.0, 0.0, 1.0, 16.0 ] },
										"west": { "texture": "#sisalleaf", "uv": [ 0.0, 0.0, 1.0, 16.0 ] },
										"up": { "texture": "#sisalleaf", "uv": [ 0.0, 0.0, 1.0, 1.0 ], "enabled": false },
										"down": { "texture": "#sisalleaf", "uv": [ 0.0, 0.0, 1.0, 1.0 ], "enabled": false }
									},
									"children": [
										{
											"name": "flowerstemmid",
											"from": [ 0.0, 16.0, 0.0 ], 
											"to": [ 1.0, 32.0, 1.0 ], 
											"rotationOrigin": [ 0.0, 16.0, 0.0 ],
											"faces": {
												"north": { "texture": "#sisalleaf", "uv": [ 0.0, 0.0, 1.0, 16.0 ] },
												"east": { "texture": "#sisalleaf", "uv": [ 0.0, 0.0, 1.0, 16.0 ] },
												"south": { "texture": "#sisalleaf", "uv": [ 0.0, 0.0, 1.0, 16.0 ] },
												"west": { "texture": "#sisalleaf", "uv": [ 0.0, 0.0, 1.0, 16.0 ] },
												"up": { "texture": "#sisalleaf", "uv": [ 0.0, 0.0, 1.0, 1.0 ], "enabled": false },
												"down": { "texture": "#sisalleaf", "uv": [ 0.0, 0.0, 1.0, 1.0 ], "enabled": false }
											},
											"children": [
												{
													"name": "flowerstemtop",
													"from": [ 0.0, 16.0, 0.0 ], 
													"to": [ 1.0, 32.0, 1.0 ], 
													"rotationOrigin": [ 0.0, 16.0, 0.0 ],
													"faces": {
														"north": { "texture": "#sisalleaf", "uv": [ 0.0, 0.0, 1.0, 16.0 ] },
														"east": { "texture": "#sisalleaf", "uv": [ 0.0, 0.0, 1.0, 16.0 ] },
														"south": { "texture": "#sisalleaf", "uv": [ 0.0, 0.0, 1.0, 16.0 ] },
														"west": { "texture": "#sisalleaf", "uv": [ 0.0, 0.0, 1.0, 16.0 ] },
														"up": { "texture": "#sisalleaf", "uv": [ 0.0, 0.0, 1.0, 1.0 ] },
														"down": { "texture": "#sisalleaf", "uv": [ 0.0, 0.0, 1.0, 1.0 ], "enabled": false }
													},
													"children": [
														{
															"name": "Cube79",
															"from": [ 0.0, 8.0, 0.0 ], 
															"to": [ 0.6, 18.0, 0.6 ], 
															"rotationOrigin": [ 0.0, 8.0, 0.0 ],
															"rotationZ": -55.0,
															"faces": {
																"north": { "texture": "#sisalleaf", "uv": [ 0.0, 0.0, 0.5, 10.0 ] },
																"east": { "texture": "#sisalleaf", "uv": [ 0.0, 0.0, 0.5, 10.0 ] },
																"south": { "texture": "#sisalleaf", "uv": [ 0.0, 0.0, 0.5, 10.0 ] },
																"west": { "texture": "#sisalleaf", "uv": [ 0.0, 0.0, 0.5, 10.0 ] },
																"up": { "texture": "#sisalleaf", "uv": [ 0.0, 0.0, 0.5, 0.5 ] },
																"down": { "texture": "#sisalleaf", "uv": [ 0.0, 0.0, 0.5, 0.5 ] }
															},
															"children": [
																{
																	"name": "Cube87",
																	"from": [ -1.5, 2.0, -1.5 ], 
																	"to": [ 1.5, 11.0, 1.5 ], 
																	"renderPass": 2,
																	"rotationOrigin": [ -1.5, 2.0, -1.6 ],
																	"faces": {
																		"north": { "texture": "#sisalflowers", "uv": [ 0.0, 0.0, 3.0, 9.0 ] },
																		"east": { "texture": "#sisalflowers", "uv": [ 0.0, 0.0, 3.0, 9.0 ] },
																		"south": { "texture": "#sisalflowers", "uv": [ 0.0, 0.0, 3.0, 9.0 ] },
																		"west": { "texture": "#sisalflowers", "uv": [ 0.0, 0.0, 3.0, 9.0 ] },
																		"up": { "texture": "#sisalflowers", "uv": [ 0.0, 0.0, 3.0, 3.0 ] },
																		"down": { "texture": "#sisalflowers", "uv": [ 0.0, 0.0, 3.0, 3.0 ] }
																	}
																}
															]
														},
														{
															"name": "Cube80",
															"from": [ 0.0, 9.5, 0.0 ], 
															"to": [ 0.6, 19.5, 0.6 ], 
															"rotationOrigin": [ 0.0, 9.0, 0.0 ],
															"rotationX": 61.0,
															"faces": {
																"north": { "texture": "#sisalleaf", "uv": [ 0.0, 0.0, 0.5, 10.0 ] },
																"east": { "texture": "#sisalleaf", "uv": [ 0.0, 0.0, 0.5, 10.0 ] },
																"south": { "texture": "#sisalleaf", "uv": [ 0.0, 0.0, 0.5, 10.0 ] },
																"west": { "texture": "#sisalleaf", "uv": [ 0.0, 0.0, 0.5, 10.0 ] },
																"up": { "texture": "#sisalleaf", "uv": [ 0.0, 0.0, 0.5, 0.5 ] },
																"down": { "texture": "#sisalleaf", "uv": [ 0.0, 0.0, 0.5, 0.5 ] }
															},
															"children": [
																{
																	"name": "Cube88",
																	"from": [ -1.5, 2.0, -1.5 ], 
																	"to": [ 1.5, 11.0, 1.5 ], 
																	"rotationOrigin": [ -1.5, 2.0, -1.5 ],
																	"faces": {
																		"north": { "texture": "#sisalflowers", "uv": [ 0.0, 0.0, 3.0, 9.0 ] },
																		"east": { "texture": "#sisalflowers", "uv": [ 0.0, 0.0, 3.0, 9.0 ] },
																		"south": { "texture": "#sisalflowers", "uv": [ 0.0, 0.0, 3.0, 9.0 ] },
																		"west": { "texture": "#sisalflowers", "uv": [ 0.0, 0.0, 3.0, 9.0 ] },
																		"up": { "texture": "#sisalflowers", "uv": [ 0.0, 0.0, 3.0, 3.0 ] },
																		"down": { "texture": "#sisalflowers", "uv": [ 0.0, 0.0, 3.0, 3.0 ] }
																	}
																}
															]
														},
														{
															"name": "Cube81",
															"from": [ 0.0, 3.9, 0.0 ], 
															"to": [ 0.6, 13.9, 0.6 ], 
															"rotationOrigin": [ 0.0, 4.0, 0.0 ],
															"rotationX": -61.0,
															"rotationY": 6.0,
															"rotationZ": -19.0,
															"faces": {
																"north": { "texture": "#sisalleaf", "uv": [ 0.0, 0.0, 0.5, 10.0 ] },
																"east": { "texture": "#sisalleaf", "uv": [ 0.0, 0.0, 0.5, 10.0 ] },
																"south": { "texture": "#sisalleaf", "uv": [ 0.0, 0.0, 0.5, 10.0 ] },
																"west": { "texture": "#sisalleaf", "uv": [ 0.0, 0.0, 0.5, 10.0 ] },
																"up": { "texture": "#sisalleaf", "uv": [ 0.0, 0.0, 0.5, 0.5 ] },
																"down": { "texture": "#sisalleaf", "uv": [ 0.0, 0.0, 0.5, 0.5 ] }
															},
															"children": [
																{
																	"name": "Cube89",
																	"from": [ -1.5, 2.0, -1.5 ], 
																	"to": [ 1.5, 11.0, 1.5 ], 
																	"rotationOrigin": [ -1.5, 2.0, -1.5 ],
																	"faces": {
																		"north": { "texture": "#sisalflowers", "uv": [ 0.0, 0.0, 3.0, 9.0 ] },
																		"east": { "texture": "#sisalflowers", "uv": [ 0.0, 0.0, 3.0, 9.0 ] },
																		"south": { "texture": "#sisalflowers", "uv": [ 0.0, 0.0, 3.0, 9.0 ] },
																		"west": { "texture": "#sisalflowers", "uv": [ 0.0, 0.0, 3.0, 9.0 ] },
																		"up": { "texture": "#sisalflowers", "uv": [ 0.0, 0.0, 3.0, 3.0 ] },
																		"down": { "texture": "#sisalflowers", "uv": [ 0.0, 0.0, 3.0, 3.0 ] }
																	}
																}
															]
														},
														{
															"name": "Cube82",
															"from": [ 0.0, 7.0, 0.0 ], 
															"to": [ 0.6, 17.0, 0.6 ], 
															"rotationOrigin": [ 0.0, 7.0, 0.0 ],
															"rotationY": 25.0,
															"rotationZ": 75.0,
															"faces": {
																"north": { "texture": "#sisalleaf", "uv": [ 0.0, 0.0, 0.5, 10.0 ] },
																"east": { "texture": "#sisalleaf", "uv": [ 0.0, 0.0, 0.5, 10.0 ] },
																"south": { "texture": "#sisalleaf", "uv": [ 0.0, 0.0, 0.5, 10.0 ] },
																"west": { "texture": "#sisalleaf", "uv": [ 0.0, 0.0, 0.5, 10.0 ] },
																"up": { "texture": "#sisalleaf", "uv": [ 0.0, 0.0, 0.5, 0.5 ] },
																"down": { "texture": "#sisalleaf", "uv": [ 0.0, 0.0, 0.5, 0.5 ] }
															},
															"children": [
																{
																	"name": "Cube90",
																	"from": [ -1.5, 2.0, -1.5 ], 
																	"to": [ 1.5, 11.0, 1.5 ], 
																	"rotationOrigin": [ -1.5, 2.0, -1.5 ],
																	"faces": {
																		"north": { "texture": "#sisalflowers", "uv": [ 0.0, 0.0, 3.0, 9.0 ] },
																		"east": { "texture": "#sisalflowers", "uv": [ 0.0, 0.0, 3.0, 9.0 ] },
																		"south": { "texture": "#sisalflowers", "uv": [ 0.0, 0.0, 3.0, 9.0 ] },
																		"west": { "texture": "#sisalflowers", "uv": [ 0.0, 0.0, 3.0, 9.0 ] },
																		"up": { "texture": "#sisalflowers", "uv": [ 0.0, 0.0, 3.0, 3.0 ] },
																		"down": { "texture": "#sisalflowers", "uv": [ 0.0, 0.0, 3.0, 3.0 ] }
																	}
																}
															]
														},
														{
															"name": "Cube83",
															"from": [ 0.0, 0.0, 0.0 ], 
															"to": [ 0.6, 10.0, 0.6 ], 
															"rotationOrigin": [ 0.0, 0.0, 0.0 ],
															"rotationY": -44.0,
															"rotationZ": -44.0,
															"faces": {
																"north": { "texture": "#sisalleaf", "uv": [ 0.0, 0.0, 0.5, 10.0 ] },
																"east": { "texture": "#sisalleaf", "uv": [ 0.0, 0.0, 0.5, 10.0 ] },
																"south": { "texture": "#sisalleaf", "uv": [ 0.0, 0.0, 0.5, 10.0 ] },
																"west": { "texture": "#sisalleaf", "uv": [ 0.0, 0.0, 0.5, 10.0 ] },
																"up": { "texture": "#sisalleaf", "uv": [ 0.0, 0.0, 0.5, 0.5 ] },
																"down": { "texture": "#sisalleaf", "uv": [ 0.0, 0.0, 0.5, 0.5 ] }
															},
															"children": [
																{
																	"name": "Cube91",
																	"from": [ -1.5, 2.0, -1.5 ], 
																	"to": [ 1.5, 11.0, 1.5 ], 
																	"rotationOrigin": [ -1.5, 2.0, -1.5 ],
																	"faces": {
																		"north": { "texture": "#sisalflowers", "uv": [ 0.0, 0.0, 3.0, 9.0 ] },
																		"east": { "texture": "#sisalflowers", "uv": [ 0.0, 0.0, 3.0, 9.0 ] },
																		"south": { "texture": "#sisalflowers", "uv": [ 0.0, 0.0, 3.0, 9.0 ] },
																		"west": { "texture": "#sisalflowers", "uv": [ 0.0, 0.0, 3.0, 9.0 ] },
																		"up": { "texture": "#sisalflowers", "uv": [ 0.0, 0.0, 3.0, 3.0 ] },
																		"down": { "texture": "#sisalflowers", "uv": [ 0.0, 0.0, 3.0, 3.0 ] }
																	}
																}
															]
														},
														{
															"name": "Cube84",
															"from": [ 0.0, 11.0, 0.0 ], 
															"to": [ 0.6, 21.0, 0.6 ], 
															"rotationOrigin": [ 0.0, 11.0, 0.0 ],
															"rotationX": -78.0,
															"rotationY": 14.0,
															"faces": {
																"north": { "texture": "#sisalleaf", "uv": [ 0.0, 0.0, 0.5, 10.0 ] },
																"east": { "texture": "#sisalleaf", "uv": [ 0.0, 0.0, 0.5, 10.0 ] },
																"south": { "texture": "#sisalleaf", "uv": [ 0.0, 0.0, 0.5, 10.0 ] },
																"west": { "texture": "#sisalleaf", "uv": [ 0.0, 0.0, 0.5, 10.0 ] },
																"up": { "texture": "#sisalleaf", "uv": [ 0.0, 0.0, 0.5, 0.5 ] },
																"down": { "texture": "#sisalleaf", "uv": [ 0.0, 0.0, 0.5, 0.5 ] }
															},
															"children": [
																{
																	"name": "Cube92",
																	"from": [ -1.5, 2.0, -1.5 ], 
																	"to": [ 1.5, 11.0, 1.5 ], 
																	"rotationOrigin": [ -1.5, 2.0, -1.5 ],
																	"faces": {
																		"north": { "texture": "#sisalflowers", "uv": [ 0.0, 0.0, 3.0, 9.0 ] },
																		"east": { "texture": "#sisalflowers", "uv": [ 0.0, 0.0, 3.0, 9.0 ] },
																		"south": { "texture": "#sisalflowers", "uv": [ 0.0, 0.0, 3.0, 9.0 ] },
																		"west": { "texture": "#sisalflowers", "uv": [ 0.0, 0.0, 3.0, 9.0 ] },
																		"up": { "texture": "#sisalflowers", "uv": [ 0.0, 0.0, 3.0, 3.0 ] },
																		"down": { "texture": "#sisalflowers", "uv": [ 0.0, 0.0, 3.0, 3.0 ] }
																	}
																}
															]
														},
														{
															"name": "Cube85",
															"from": [ 0.0, -3.0, 0.0 ], 
															"to": [ 0.6, 7.0, 0.6 ], 
															"rotationOrigin": [ 0.0, -3.0, 0.0 ],
															"rotationY": -72.0,
															"rotationZ": 50.0,
															"faces": {
																"north": { "texture": "#sisalleaf", "uv": [ 0.0, 0.0, 0.5, 10.0 ] },
																"east": { "texture": "#sisalleaf", "uv": [ 0.0, 0.0, 0.5, 10.0 ] },
																"south": { "texture": "#sisalleaf", "uv": [ 0.0, 0.0, 0.5, 10.0 ] },
																"west": { "texture": "#sisalleaf", "uv": [ 0.0, 0.0, 0.5, 10.0 ] },
																"up": { "texture": "#sisalleaf", "uv": [ 0.0, 0.0, 0.5, 0.5 ] },
																"down": { "texture": "#sisalleaf", "uv": [ 0.0, 0.0, 0.5, 0.5 ] }
															},
															"children": [
																{
																	"name": "Cube93",
																	"from": [ -1.5, 2.0, -1.5 ], 
																	"to": [ 1.5, 11.0, 1.5 ], 
																	"rotationOrigin": [ -1.5, 0.0, -0.4 ],
																	"faces": {
																		"north": { "texture": "#sisalflowers", "uv": [ 0.0, 0.0, 3.0, 9.0 ] },
																		"east": { "texture": "#sisalflowers", "uv": [ 0.0, 0.0, 3.0, 9.0 ] },
																		"south": { "texture": "#sisalflowers", "uv": [ 0.0, 0.0, 3.0, 9.0 ] },
																		"west": { "texture": "#sisalflowers", "uv": [ 0.0, 0.0, 3.0, 9.0 ] },
																		"up": { "texture": "#sisalflowers", "uv": [ 0.0, 0.0, 3.0, 3.0 ] },
																		"down": { "texture": "#sisalflowers", "uv": [ 0.0, 0.0, 3.0, 3.0 ] }
																	}
																}
															]
														},
														{
															"name": "Cube86",
															"from": [ 0.0, 0.0, 0.0 ], 
															"to": [ 0.6, 10.0, 0.6 ], 
															"rotationOrigin": [ 0.0, 0.0, 0.0 ],
															"rotationZ": -50.0,
															"faces": {
																"north": { "texture": "#sisalleaf", "uv": [ 0.0, 0.0, 0.5, 10.0 ] },
																"east": { "texture": "#sisalleaf", "uv": [ 0.0, 0.0, 0.5, 10.0 ] },
																"south": { "texture": "#sisalleaf", "uv": [ 0.0, 0.0, 0.5, 10.0 ] },
																"west": { "texture": "#sisalleaf", "uv": [ 0.0, 0.0, 0.5, 10.0 ] },
																"up": { "texture": "#sisalleaf", "uv": [ 0.0, 0.0, 0.5, 0.5 ] },
																"down": { "texture": "#sisalleaf", "uv": [ 0.0, 0.0, 0.5, 0.5 ] }
															},
															"children": [
																{
																	"name": "Cube94",
																	"from": [ -1.5, 2.0, -1.5 ], 
																	"to": [ 1.5, 11.0, 1.5 ], 
																	"rotationOrigin": [ -1.5, 0.0, -1.5 ],
																	"faces": {
																		"north": { "texture": "#sisalflowers", "uv": [ 0.0, 0.0, 3.0, 9.0 ] },
																		"east": { "texture": "#sisalflowers", "uv": [ 0.0, 0.0, 3.0, 9.0 ] },
																		"south": { "texture": "#sisalflowers", "uv": [ 0.0, 0.0, 3.0, 9.0 ] },
																		"west": { "texture": "#sisalflowers", "uv": [ 0.0, 0.0, 3.0, 9.0 ] },
																		"up": { "texture": "#sisalflowers", "uv": [ 0.0, 0.0, 3.0, 3.0 ] },
																		"down": { "texture": "#sisalflowers", "uv": [ 0.0, 0.0, 3.0, 3.0 ] }
																	}
																}
															]
														},
														{
															"name": "Cube95",
															"from": [ -1.0, 14.0, -1.0 ], 
															"to": [ 2.0, 26.0, 2.0 ], 
															"rotationOrigin": [ -1.0, 14.0, -1.0 ],
															"faces": {
																"north": { "texture": "#sisalflowers", "uv": [ 0.0, 0.0, 3.0, 12.0 ] },
																"east": { "texture": "#sisalflowers", "uv": [ 0.0, 0.0, 3.0, 12.0 ] },
																"south": { "texture": "#sisalflowers", "uv": [ 0.0, 0.0, 3.0, 12.0 ] },
																"west": { "texture": "#sisalflowers", "uv": [ 0.0, 0.0, 3.0, 12.0 ] },
																"up": { "texture": "#sisalflowers", "uv": [ 0.0, 0.0, 3.0, 3.0 ] },
																"down": { "texture": "#sisalflowers", "uv": [ 0.0, 0.0, 3.0, 3.0 ] }
															}
														}
													]
												}
											]
										}
									]
								}
							]
						}
					]
				}
			]
		}
	]}