{
	ingredientPattern: "GL_	HBS",
	ingredients: {
		"H": { type: "item", code: "byproducts-hornslab",quantity:1},
		"S": { type: "item", code: "byproducts-sinew",quantity:1},
		"G": { 
		type: "block",
		code: "game:bowl-glue",quantity:1,
		returnedStack: { type: "block", code: "game:bowl-burned" }
		},
		"L": { type: "item", code: "game:hide*",quantity:1},
		"B": { type: "item", code: "bowlimb-composite",quantity:1}
	},
	width: 3,
	height: 2,
	output: { type: "item", code: "bowlimb-recurve", quantity: 1  },
}