{
	code: "chair",
	variantgroups: [
		{ code: "wood", states: ["acacia", "birch", "kapok", "maple", "oak", "pine", "bamboo-brown", "bamboo-green"] },
	],
	shape: { base: "block/wood/furniture/chair" },
	creativeinventory: { "general": ["chair-{wood}"], "decorative": ["chair-{wood}"], "neolithicdeco": ["chair-{wood}"] },
	blockmaterial: "Wood",
	replaceable: 900,
	resistance: 1.5,
	lightAbsorption: 1,
	sidesolid: {
		all: false
	},	
	sideopaque: {
		all: false
	},
	combustibleProps: {
		burnTemperature: 600,
		burnDuration: 30,
	},
	sounds: {
		"place": "block/planks",
		"walk": "walk/wood"
	},
	textures: {
		"sides": { base: "block/wood/furniture/table/{wood}/sides" },
		"top": { base: "block/wood/furniture/table/{wood}/topc" },
		"bottom": { base: "block/wood/furniture/table/{wood}/bottom" },
		"legs": { base: "block/wood/furniture/table/{wood}/legs" }
	},
	materialDensity: 400,
	selectionbox: { x1: 0.0625, y1: 0, z1: 0.0625, x2: 0.9375, y2: 0.5, z2: 0.9375 },
	collisionbox: { x1: 0.0625, y1: 0, z1: 0.0625, x2: 0.9375, y2: 0.5, z2: 0.9375 },
	guiTransform: {
		translation: { x: 0, y: 2, z: 0 },
		origin: { x: 0.5, y: 0.25, z: 0.5 }
	}
}