{
	"editor": {
		"allAngles": true,
		"singleTexture": false
	},
	"textureWidth": 16,
	"textureHeight": 8,
	"textures": {
		"wood": "block/wood/debarked/maple",
		"stone": "item/tool/material/flint",
		"rope": "neolithicmod:block/rope"
	},
	"elements": [
		{
			"name": "wood",
			"from": [ 2.5, 7.5, 7.5 ], 
			"to": [ 14.5, 8.5, 8.5 ], 
			"rotationOrigin": [ 1.0, 0.0, 8.0 ],
			"faces": {
				"north": { "texture": "#wood", "uv": [ 0.0, 5.0, 12.0, 6.0 ] },
				"east": { "texture": "#wood", "uv": [ 3.0, 0.0, 4.0, 1.0 ] },
				"south": { "texture": "#wood", "uv": [ 0.0, 3.5, 12.0, 4.5 ] },
				"west": { "texture": "#wood", "uv": [ 4.0, 0.0, 5.0, 1.0 ], "enabled": false },
				"up": { "texture": "#wood", "uv": [ 0.0, 4.5, 12.0, 5.5 ] },
				"down": { "texture": "#wood", "uv": [ 0.0, 5.0, 12.0, 6.0 ] }
			},
			"children": [
				{
					"name": "flint1",
					"from": [ 9.6, 0.1, -0.3 ], 
					"to": [ 11.1, 0.9, 1.3 ], 
					"rotationOrigin": [ 11.6, -0.1, -0.3 ],
					"faces": {
						"north": { "texture": "#stone", "uv": [ 7.0, 3.0, 8.5, 3.75 ], "enabled": false },
						"east": { "texture": "#stone", "uv": [ 1.0, 2.0, 2.5, 2.75 ] },
						"south": { "texture": "#stone", "uv": [ 6.0, 4.0, 7.5, 4.75 ] },
						"west": { "texture": "#stone", "uv": [ 6.0, 2.0, 7.5, 2.75 ] },
						"up": { "texture": "#stone", "uv": [ 3.0, 1.0, 4.5, 2.5 ] },
						"down": { "texture": "#stone", "uv": [ 4.0, 3.0, 5.5, 4.5 ] }
					},
					"children": [
						{
							"name": "flint2",
							"from": [ -0.3, -0.1, -1.4 ], 
							"to": [ 1.7, 0.9, 0.0 ], 
							"rotationOrigin": [ 0.7, -0.1, 1.6 ],
							"faces": {
								"north": { "texture": "#stone", "uv": [ 1.0, 5.0, 3.0, 6.0 ] },
								"east": { "texture": "#stone", "uv": [ 2.0, 5.0, 3.25, 6.0 ] },
								"south": { "texture": "#stone", "uv": [ 2.0, 7.0, 4.0, 8.0 ] },
								"west": { "texture": "#stone", "uv": [ 2.0, 6.0, 3.25, 7.0 ] },
								"up": { "texture": "#stone", "uv": [ 2.0, 2.0, 4.0, 3.25 ] },
								"down": { "texture": "#stone", "uv": [ 3.0, 3.0, 5.0, 4.25 ] }
							},
							"children": [
								{
									"name": "flint3",
									"from": [ 0.0, 0.2, -0.5 ], 
									"to": [ 2.0, 0.8, 0.0 ], 
									"rotationOrigin": [ 0.0, 0.0, -1.0 ],
									"faces": {
										"north": { "texture": "#stone", "uv": [ 0.0, 0.0, 2.0, 0.5 ] },
										"east": { "texture": "#stone", "uv": [ 0.0, 0.0, 0.5, 0.5 ] },
										"south": { "texture": "#stone", "uv": [ 0.0, 0.0, 2.0, 0.5 ], "enabled": false },
										"west": { "texture": "#stone", "uv": [ 0.0, 0.0, 0.5, 0.5 ] },
										"up": { "texture": "#stone", "uv": [ 0.0, 0.0, 2.0, 0.5 ] },
										"down": { "texture": "#stone", "uv": [ 0.0, 0.0, 2.0, 0.5 ] }
									}
								}
							]
						},
						{
							"name": "flint4",
							"from": [ 0.3, 0.1, 1.6 ], 
							"to": [ 1.3, 0.7, 2.4 ], 
							"rotationOrigin": [ 0.1, 0.0, 1.6 ],
							"faces": {
								"north": { "texture": "#stone", "uv": [ 0.0, 0.0, 1.0, 0.5 ], "enabled": false },
								"east": { "texture": "#stone", "uv": [ 0.0, 0.0, 0.75, 0.5 ] },
								"south": { "texture": "#stone", "uv": [ 0.0, 0.0, 1.0, 0.5 ] },
								"west": { "texture": "#stone", "uv": [ 0.0, 0.0, 0.75, 0.5 ] },
								"up": { "texture": "#stone", "uv": [ 0.0, 0.0, 1.0, 0.75 ] },
								"down": { "texture": "#stone", "uv": [ 0.0, 0.0, 1.0, 0.75 ] }
							}
						},
						{
							"name": "sinew",
							"from": [ -0.1, -0.2, 0.2 ], 
							"to": [ 1.6, 1.0, 1.4 ], 
							"rotationOrigin": [ -0.1, -0.2, 0.2 ],
							"faces": {
								"north": { "texture": "#rope", "uv": [ 3.0, 1.0, 9.5, 5.0 ], "autoUv": false },
								"east": { "texture": "#rope", "uv": [ 0.0, 0.0, 1.0, 1.0 ] },
								"south": { "texture": "#rope", "uv": [ 2.0, 1.0, 8.5, 5.0 ], "autoUv": false },
								"west": { "texture": "#rope", "uv": [ 0.0, 0.0, 1.0, 1.0 ] },
								"up": { "texture": "#rope", "uv": [ 6.0, 2.0, 12.5, 6.0 ], "autoUv": false },
								"down": { "texture": "#rope", "uv": [ 2.0, 1.0, 8.5, 5.0 ], "autoUv": false }
							}
						}
					]
				}
			]
		}
	]}