{
	"editor": {
		"allAngles": false,
		"singleTexture": false
	},
	"textureWidth": 16,
	"textureHeight": 16,
	"textures": {
		"stone": "item/tool/material/flint"
	},
	"elements": [
		{
			"name": "Cube1",
			"from": [ 6.0, 3.0, 8.0 ], 
			"to": [ 7.0, 4.0, 11.0 ], 
			"faces": {
				"north": { "texture": "#stone", "uv": [ 0.0, 0.0, 1.0, 1.0 ] },
				"east": { "texture": "#stone", "uv": [ 0.0, 0.0, 3.0, 1.0 ] },
				"south": { "texture": "#stone", "uv": [ 0.0, 0.0, 1.0, 1.0 ] },
				"west": { "texture": "#stone", "uv": [ 0.0, 0.0, 3.0, 1.0 ] },
				"up": { "texture": "#stone", "uv": [ 0.0, 0.0, 1.0, 3.0 ] },
				"down": { "texture": "#stone", "uv": [ 0.0, 0.0, 1.0, 3.0 ] }
			}
		}
	]}