{
	"editor": {
		"allAngles": false,
		"singleTexture": false
	},
	"textureWidth": 16,
	"textureHeight": 16,
	"textures": {
		"stone": "item/tool/material/flint",
		"bone": "block/bone",
		"sinew": "block/sinew"
	},
	"elements": [
		{
			"name": "bone1",
			"from": [ 18.0, 7.5, 7.0 ], 
			"to": [ 26.0, 8.0, 9.0 ], 
			"rotationOrigin": [ 18.0, 7.5, 7.0 ],
			"rotationY": -157.5,
			"faces": {
				"north": { "texture": "#bone", "uv": [ 0.0, 3.0, 8.0, 3.5 ] },
				"east": { "texture": "#bone", "uv": [ 8.0, 3.0, 10.0, 3.5 ] },
				"south": { "texture": "#bone", "uv": [ 10.0, 3.0, 18.0, 3.5 ] },
				"west": { "texture": "#bone", "uv": [ 11.0, 3.0, 13.0, 3.5 ] },
				"up": { "texture": "#bone", "uv": [ 0.0, 1.0, 8.0, 3.0 ] },
				"down": { "texture": "#bone", "uv": [ 8.0, 1.0, 16.0, 3.0 ] }
			},
			"children": [
				{
					"name": "bone2",
					"from": [ -2.0, 0.0, 1.0 ], 
					"to": [ 0.0, 0.5, 2.0 ], 
					"faces": {
						"north": { "texture": "#bone", "uv": [ 0.0, 0.0, 2.0, 0.5 ] },
						"east": { "texture": "#bone", "uv": [ 0.0, 0.0, 1.0, 0.5 ], "enabled": false },
						"south": { "texture": "#bone", "uv": [ 0.0, 0.0, 2.0, 0.5 ] },
						"west": { "texture": "#bone", "uv": [ 0.0, 0.0, 1.0, 0.5 ] },
						"up": { "texture": "#bone", "uv": [ 0.0, 0.0, 2.0, 1.0 ] },
						"down": { "texture": "#bone", "uv": [ 0.0, 0.0, 2.0, 1.0 ] }
					}
				},
				{
					"name": "bone3",
					"from": [ 5.0, -0.1, 1.4 ], 
					"to": [ 11.0, 0.6, 2.4 ], 
					"faces": {
						"north": { "texture": "#bone", "uv": [ 0.0, 0.0, 6.0, 0.5 ] },
						"east": { "texture": "#bone", "uv": [ 0.0, 0.0, 1.0, 0.5 ] },
						"south": { "texture": "#bone", "uv": [ 0.0, 0.0, 6.0, 0.5 ] },
						"west": { "texture": "#bone", "uv": [ 0.0, 0.0, 1.0, 0.5 ] },
						"up": { "texture": "#bone", "uv": [ 0.0, 0.0, 6.0, 1.0 ] },
						"down": { "texture": "#bone", "uv": [ 0.0, 0.0, 6.0, 1.0 ] }
					},
					"children": [
						{
							"name": "Cube1",
							"from": [ 0.4, -0.1, -1.5 ], 
							"to": [ 1.2, 0.8, 1.4 ], 
							"rotationOrigin": [ 0.4, -0.1, -1.5 ],
							"faces": {
								"north": { "texture": "#sinew", "uv": [ 2.0, 4.0, 7.5, 8.5 ], "autoUv": false },
								"east": { "texture": "#sinew", "uv": [ 0.0, 0.0, 2.5, 0.5 ] },
								"south": { "texture": "#sinew", "uv": [ 3.0, 5.0, 8.5, 8.5 ], "autoUv": false },
								"west": { "texture": "#sinew", "uv": [ 0.0, 0.0, 2.5, 0.5 ] },
								"up": { "texture": "#sinew", "uv": [ 2.0, 2.0, 7.5, 9.5 ], "autoUv": false },
								"down": { "texture": "#sinew", "uv": [ 1.0, 4.0, 6.5, 10.5 ], "autoUv": false }
							}
						}
					]
				},
				{
					"name": "bone4",
					"from": [ 8.0, 0.0, 1.0 ], 
					"to": [ 10.0, 0.5, 2.0 ], 
					"faces": {
						"north": { "texture": "#bone", "uv": [ 0.0, 0.0, 2.0, 0.5 ] },
						"east": { "texture": "#bone", "uv": [ 0.0, 0.0, 1.0, 0.5 ] },
						"south": { "texture": "#bone", "uv": [ 0.0, 0.0, 2.0, 0.5 ], "enabled": false },
						"west": { "texture": "#bone", "uv": [ 0.0, 0.0, 1.0, 0.5 ] },
						"up": { "texture": "#bone", "uv": [ 0.0, 0.0, 2.0, 1.0 ] },
						"down": { "texture": "#bone", "uv": [ 0.0, 0.0, 2.0, 1.0 ] }
					}
				},
				{
					"name": "bone5",
					"from": [ 7.0, -0.2, -2.0 ], 
					"to": [ 14.0, 0.8, -1.0 ], 
					"rotationOrigin": [ 0.0, 0.0, 0.0 ],
					"rotationY": -22.5,
					"faces": {
						"north": { "texture": "#bone", "uv": [ 0.0, 1.0, 7.0, 2.0 ] },
						"east": { "texture": "#bone", "uv": [ 9.0, 1.0, 10.0, 2.0 ] },
						"south": { "texture": "#bone", "uv": [ 0.0, 3.0, 7.0, 4.0 ] },
						"west": { "texture": "#bone", "uv": [ 12.0, 4.0, 13.0, 5.0 ] },
						"up": { "texture": "#bone", "uv": [ 0.0, 0.0, 7.0, 1.0 ] },
						"down": { "texture": "#bone", "uv": [ 0.0, 2.0, 7.0, 3.0 ] }
					},
					"children": [
						{
							"name": "bone6",
							"from": [ 4.5, 0.2, 1.0 ], 
							"to": [ 6.5, 0.9, 2.0 ], 
							"faces": {
								"north": { "texture": "#bone", "uv": [ 0.0, 0.0, 2.0, 0.5 ], "enabled": false },
								"east": { "texture": "#bone", "uv": [ 0.0, 0.0, 1.0, 0.5 ] },
								"south": { "texture": "#bone", "uv": [ 0.0, 0.0, 2.0, 0.5 ] },
								"west": { "texture": "#bone", "uv": [ 0.0, 0.0, 1.0, 0.5 ] },
								"up": { "texture": "#bone", "uv": [ 0.0, 0.0, 2.0, 1.0 ] },
								"down": { "texture": "#bone", "uv": [ 0.0, 0.0, 2.0, 1.0 ] }
							}
						},
						{
							"name": "Cube9",
							"from": [ -0.4, -0.1, -1.0 ], 
							"to": [ 0.1, 1.1, 2.4 ], 
							"rotationOrigin": [ -0.4, -0.1, -1.0 ],
							"faces": {
								"north": { "texture": "#sinew", "uv": [ 4.0, 3.0, 8.5, 9.0 ], "autoUv": false },
								"east": { "texture": "#sinew", "uv": [ 2.0, 3.0, 5.0, 4.0 ] },
								"south": { "texture": "#sinew", "uv": [ 1.0, 3.0, 4.5, 6.0 ], "autoUv": false },
								"west": { "texture": "#sinew", "uv": [ 0.0, 0.0, 3.0, 1.0 ] },
								"up": { "texture": "#sinew", "uv": [ 1.0, 1.0, 5.5, 6.0 ], "autoUv": false },
								"down": { "texture": "#sinew", "uv": [ 1.0, 3.0, 5.5, 6.0 ], "autoUv": false }
							}
						}
					]
				},
				{
					"name": "stone1",
					"from": [ -1.0, 0.1, 2.0 ], 
					"to": [ 7.0, 0.4, 2.7 ], 
					"faces": {
						"north": { "texture": "#stone", "uv": [ 0.0, 0.0, 8.0, 0.0 ], "enabled": false },
						"east": { "texture": "#stone", "uv": [ 0.0, 0.0, 0.5, 0.0 ] },
						"south": { "texture": "#stone", "uv": [ 0.0, 0.0, 8.0, 0.0 ] },
						"west": { "texture": "#stone", "uv": [ 0.0, 0.0, 0.5, 0.0 ] },
						"up": { "texture": "#stone", "uv": [ 0.0, 0.0, 8.0, 0.5 ] },
						"down": { "texture": "#stone", "uv": [ 0.0, 0.0, 8.0, 0.5 ] }
					}
				}
			]
		}
	]}