{
	"editor": {
		"allAngles": false,
		"singleTexture": false
	},
	"textureWidth": 16,
	"textureHeight": 16,
	"textures": {
		"stone": "item/tool/material/granite"
	},
	"elements": [
		{
			"name": "Cube10",
			"from": [ 8.0, 7.5, 7.0 ], 
			"to": [ 16.0, 7.9, 7.7 ], 
			"rotationOrigin": [ 8.0, 8.0, 7.0 ],
			"faces": {
				"north": { "texture": "#stone", "uv": [ 0.0, 0.0, 8.0, 0.0 ] },
				"east": { "texture": "#stone", "uv": [ 0.0, 0.0, 0.5, 0.0 ] },
				"south": { "texture": "#stone", "uv": [ 0.0, 0.0, 8.0, 0.0 ] },
				"west": { "texture": "#stone", "uv": [ 0.0, 0.0, 0.5, 0.0 ] },
				"up": { "texture": "#stone", "uv": [ 0.0, 0.0, 8.0, 0.5 ] },
				"down": { "texture": "#stone", "uv": [ 0.0, 0.0, 8.0, 0.5 ] }
			},
			"children": [
				{
					"name": "Cube1",
					"from": [ -2.0, 0.0, 0.7 ], 
					"to": [ 3.0, 0.4, 1.3 ], 
					"rotationOrigin": [ -1.0, 0.0, 1.0 ],
					"faces": {
						"north": { "texture": "#stone", "uv": [ 0.0, 0.0, 5.0, 0.0 ] },
						"east": { "texture": "#stone", "uv": [ 0.0, 0.0, 0.5, 0.0 ] },
						"south": { "texture": "#stone", "uv": [ 0.0, 0.0, 5.0, 0.0 ] },
						"west": { "texture": "#stone", "uv": [ 0.0, 0.0, 0.5, 0.0 ] },
						"up": { "texture": "#stone", "uv": [ 0.0, 0.0, 5.0, 0.5 ] },
						"down": { "texture": "#stone", "uv": [ 0.0, 0.0, 5.0, 0.5 ] }
					}
				}
			]
		}
	]}