{
	"editor": {
		"allAngles": true,
		"singleTexture": false
	},
	"textureWidth": 16,
	"textureHeight": 16,
	"textures": {
		"sisalleaf": "block/plant/sisal/sisalleaf",
		"sisalbark": "block/plant/sisal/sisalbark",
	},
	"elements": [
		{
			"name": "barkmain",
			"from": [ 5.0, 1.0, 4.0 ], 
			"to": [ 11.0, 8.0, 10.0 ], 
			"rotationOrigin": [ 5.0, 1.0, 4.0 ],
			"faces": {
				"north": { "texture": "#sisalbark", "uv": [ 5.0, 3.0, 11.0, 10.0 ] },
				"east": { "texture": "#sisalbark", "uv": [ 6.0, 4.0, 12.0, 11.0 ] },
				"south": { "texture": "#sisalbark", "uv": [ 7.0, 4.0, 13.0, 11.0 ] },
				"west": { "texture": "#sisalbark", "uv": [ 2.0, 3.0, 8.0, 10.0 ] },
				"up": { "texture": "#sisalbark", "uv": [ 3.0, 3.0, 9.0, 9.0 ] },
				"down": { "texture": "#sisalbark", "uv": [ 3.0, 2.0, 9.0, 8.0 ] }
			},
			"children": [
				{
					"name": "barkbottom",
					"from": [ 1.0, -1.0, 1.0 ], 
					"to": [ 5.0, 0.0, 5.0 ], 
					"rotationOrigin": [ 1.0, -1.0, 1.0 ],
					"faces": {
						"north": { "texture": "#sisalbark", "uv": [ 4.0, 5.0, 8.0, 6.0 ] },
						"east": { "texture": "#sisalbark", "uv": [ 5.0, 5.0, 9.0, 6.0 ] },
						"south": { "texture": "#sisalbark", "uv": [ 4.0, 5.0, 8.0, 6.0 ] },
						"west": { "texture": "#sisalbark", "uv": [ 3.0, 6.0, 7.0, 7.0 ] },
						"up": { "texture": "#sisalbark", "uv": [ 0.0, 0.0, 4.0, 4.0 ], "enabled": false },
						"down": { "texture": "#sisalbark", "uv": [ 2.0, 3.0, 6.0, 7.0 ] }
					},
					"children": [
						{
							"name": "barktop",
							"from": [ 0.0, 8.0, 0.0 ], 
							"to": [ 4.0, 9.0, 4.0 ], 
							"rotationOrigin": [ 0.0, 8.0, 0.0 ],
							"faces": {
								"north": { "texture": "#sisalbark", "uv": [ 3.0, 4.0, 7.0, 5.0 ] },
								"east": { "texture": "#sisalbark", "uv": [ 2.0, 3.0, 6.0, 4.0 ] },
								"south": { "texture": "#sisalbark", "uv": [ 2.0, 2.0, 6.0, 3.0 ] },
								"west": { "texture": "#sisalbark", "uv": [ 2.0, 4.0, 6.0, 5.0 ] },
								"up": { "texture": "#sisalbark", "uv": [ 3.0, 3.0, 7.0, 7.0 ] },
								"down": { "texture": "#sisalbark", "uv": [ 2.0, 4.0, 6.0, 8.0 ], "enabled": false }
							},
							"children": [
								{
									"name": "Cube1",
									"from": [ 0.0, 0.0, 0.0 ], 
									"to": [ 0.5, 8.0, 2.5 ], 
									"rotationOrigin": [ 2.0, 0.0, 2.0 ],
									"rotationZ": 25.0,
									"faces": {
										"north": { "texture": "#sisalleaf", "uv": [ 0.0, 0.0, 0.5, 8.0 ] },
										"east": { "texture": "#sisalleaf", "uv": [ 0.0, 0.0, 2.5, 8.0 ] },
										"south": { "texture": "#sisalleaf", "uv": [ 0.0, 0.0, 0.5, 8.0 ] },
										"west": { "texture": "#sisalleaf", "uv": [ 0.0, 0.0, 2.5, 8.0 ] },
										"up": { "texture": "#sisalleaf", "uv": [ 0.0, 0.0, 0.5, 2.5 ] },
										"down": { "texture": "#sisalleaf", "uv": [ 0.0, 0.0, 0.5, 2.5 ] }
									},
									"children": [
										{
											"name": "Cube5",
											"from": [ 0.0, 8.0, 0.3 ], 
											"to": [ 0.5, 13.0, 2.1 ], 
											"rotationOrigin": [ 0.0, 8.0, 0.2 ],
											"rotationZ": -5.0,
											"faces": {
												"north": { "texture": "#sisalleaf", "uv": [ 0.0, 0.0, 0.5, 5.0 ] },
												"east": { "texture": "#sisalleaf", "uv": [ 0.0, 0.0, 1.5, 5.0 ] },
												"south": { "texture": "#sisalleaf", "uv": [ 0.0, 0.0, 0.5, 5.0 ] },
												"west": { "texture": "#sisalleaf", "uv": [ 0.0, 0.0, 1.5, 5.0 ] },
												"up": { "texture": "#sisalleaf", "uv": [ 0.0, 0.0, 0.5, 1.5 ] },
												"down": { "texture": "#sisalleaf", "uv": [ 0.0, 0.0, 0.5, 1.5 ] }
											},
											"children": [
												{
													"name": "Cube6",
													"from": [ 0.0, 5.0, 0.4 ], 
													"to": [ 0.5, 11.0, 1.4 ], 
													"rotationOrigin": [ 0.0, 5.0, 0.4 ],
													"rotationZ": -5.0,
													"faces": {
														"north": { "texture": "#sisalleaf", "uv": [ 0.0, 0.0, 0.5, 6.0 ] },
														"east": { "texture": "#sisalleaf", "uv": [ 0.0, 0.0, 1.0, 6.0 ] },
														"south": { "texture": "#sisalleaf", "uv": [ 0.0, 0.0, 0.5, 6.0 ] },
														"west": { "texture": "#sisalleaf", "uv": [ 0.0, 0.0, 1.0, 6.0 ] },
														"up": { "texture": "#sisalleaf", "uv": [ 0.0, 0.0, 0.5, 1.0 ] },
														"down": { "texture": "#sisalleaf", "uv": [ 0.0, 0.0, 0.5, 1.0 ] }
													}
												}
											]
										}
									]
								},
								{
									"name": "Cube7",
									"from": [ 0.0, 0.0, 0.0 ], 
									"to": [ 0.5, 8.0, 2.5 ], 
									"rotationOrigin": [ 2.0, 0.0, 2.0 ],
									"rotationY": -150.0,
									"rotationZ": 33.0,
									"faces": {
										"north": { "texture": "#sisalleaf", "uv": [ 0.0, 0.0, 0.5, 8.0 ] },
										"east": { "texture": "#sisalleaf", "uv": [ 0.0, 0.0, 2.5, 8.0 ] },
										"south": { "texture": "#sisalleaf", "uv": [ 0.0, 0.0, 0.5, 8.0 ] },
										"west": { "texture": "#sisalleaf", "uv": [ 0.0, 0.0, 2.5, 8.0 ] },
										"up": { "texture": "#sisalleaf", "uv": [ 0.0, 0.0, 0.5, 2.5 ] },
										"down": { "texture": "#sisalleaf", "uv": [ 0.0, 0.0, 0.5, 2.5 ] }
									},
									"children": [
										{
											"name": "Cube8",
											"from": [ 0.0, 8.0, 0.3 ], 
											"to": [ 0.5, 13.0, 2.1 ], 
											"rotationOrigin": [ 0.0, 8.0, 0.2 ],
											"rotationZ": -5.0,
											"faces": {
												"north": { "texture": "#sisalleaf", "uv": [ 0.0, 0.0, 0.5, 5.0 ] },
												"east": { "texture": "#sisalleaf", "uv": [ 0.0, 0.0, 1.5, 5.0 ] },
												"south": { "texture": "#sisalleaf", "uv": [ 0.0, 0.0, 0.5, 5.0 ] },
												"west": { "texture": "#sisalleaf", "uv": [ 0.0, 0.0, 1.5, 5.0 ] },
												"up": { "texture": "#sisalleaf", "uv": [ 0.0, 0.0, 0.5, 1.5 ] },
												"down": { "texture": "#sisalleaf", "uv": [ 0.0, 0.0, 0.5, 1.5 ] }
											},
											"children": [
												{
													"name": "Cube9",
													"from": [ 0.0, 5.0, 0.4 ], 
													"to": [ 0.5, 11.0, 1.4 ], 
													"rotationOrigin": [ 0.0, 5.0, 0.4 ],
													"rotationZ": -5.0,
													"faces": {
														"north": { "texture": "#sisalleaf", "uv": [ 0.0, 0.0, 0.5, 6.0 ] },
														"east": { "texture": "#sisalleaf", "uv": [ 0.0, 0.0, 1.0, 6.0 ] },
														"south": { "texture": "#sisalleaf", "uv": [ 0.0, 0.0, 0.5, 6.0 ] },
														"west": { "texture": "#sisalleaf", "uv": [ 0.0, 0.0, 1.0, 6.0 ] },
														"up": { "texture": "#sisalleaf", "uv": [ 0.0, 0.0, 0.5, 1.0 ] },
														"down": { "texture": "#sisalleaf", "uv": [ 0.0, 0.0, 0.5, 1.0 ] }
													}
												}
											]
										}
									]
								},
								{
									"name": "Cube10",
									"from": [ 0.0, 0.0, 0.0 ], 
									"to": [ 0.5, 8.0, 2.5 ], 
									"rotationOrigin": [ 2.0, 0.0, 2.0 ],
									"rotationY": 64.0,
									"rotationZ": 42.0,
									"faces": {
										"north": { "texture": "#sisalleaf", "uv": [ 0.0, 0.0, 0.5, 8.0 ] },
										"east": { "texture": "#sisalleaf", "uv": [ 0.0, 0.0, 2.5, 8.0 ] },
										"south": { "texture": "#sisalleaf", "uv": [ 0.0, 0.0, 0.5, 8.0 ] },
										"west": { "texture": "#sisalleaf", "uv": [ 0.0, 0.0, 2.5, 8.0 ] },
										"up": { "texture": "#sisalleaf", "uv": [ 0.0, 0.0, 0.5, 2.5 ] },
										"down": { "texture": "#sisalleaf", "uv": [ 0.0, 0.0, 0.5, 2.5 ] }
									},
									"children": [
										{
											"name": "Cube11",
											"from": [ 0.0, 8.0, 0.3 ], 
											"to": [ 0.5, 13.0, 2.1 ], 
											"rotationOrigin": [ 0.0, 8.0, 0.2 ],
											"rotationZ": -5.0,
											"faces": {
												"north": { "texture": "#sisalleaf", "uv": [ 0.0, 0.0, 0.5, 5.0 ] },
												"east": { "texture": "#sisalleaf", "uv": [ 0.0, 0.0, 1.5, 5.0 ] },
												"south": { "texture": "#sisalleaf", "uv": [ 0.0, 0.0, 0.5, 5.0 ] },
												"west": { "texture": "#sisalleaf", "uv": [ 0.0, 0.0, 1.5, 5.0 ] },
												"up": { "texture": "#sisalleaf", "uv": [ 0.0, 0.0, 0.5, 1.5 ] },
												"down": { "texture": "#sisalleaf", "uv": [ 0.0, 0.0, 0.5, 1.5 ] }
											},
											"children": [
												{
													"name": "Cube12",
													"from": [ 0.0, 5.0, 0.4 ], 
													"to": [ 0.5, 11.0, 1.4 ], 
													"rotationOrigin": [ 0.0, 5.0, 0.4 ],
													"rotationZ": -5.0,
													"faces": {
														"north": { "texture": "#sisalleaf", "uv": [ 0.0, 0.0, 0.5, 6.0 ] },
														"east": { "texture": "#sisalleaf", "uv": [ 0.0, 0.0, 1.0, 6.0 ] },
														"south": { "texture": "#sisalleaf", "uv": [ 0.0, 0.0, 0.5, 6.0 ] },
														"west": { "texture": "#sisalleaf", "uv": [ 0.0, 0.0, 1.0, 6.0 ] },
														"up": { "texture": "#sisalleaf", "uv": [ 0.0, 0.0, 0.5, 1.0 ] },
														"down": { "texture": "#sisalleaf", "uv": [ 0.0, 0.0, 0.5, 1.0 ] }
													}
												}
											]
										}
									]
								},
								{
									"name": "Cube13",
									"from": [ 0.0, 0.0, 0.0 ], 
									"to": [ 0.5, 8.0, 2.5 ], 
									"rotationOrigin": [ 2.0, 0.0, 2.0 ],
									"rotationY": 130.0,
									"rotationZ": 55.0,
									"faces": {
										"north": { "texture": "#sisalleaf", "uv": [ 0.0, 0.0, 0.5, 8.0 ] },
										"east": { "texture": "#sisalleaf", "uv": [ 0.0, 0.0, 2.5, 8.0 ] },
										"south": { "texture": "#sisalleaf", "uv": [ 0.0, 0.0, 0.5, 8.0 ] },
										"west": { "texture": "#sisalleaf", "uv": [ 0.0, 0.0, 2.5, 8.0 ] },
										"up": { "texture": "#sisalleaf", "uv": [ 0.0, 0.0, 0.5, 2.5 ] },
										"down": { "texture": "#sisalleaf", "uv": [ 0.0, 0.0, 0.5, 2.5 ] }
									},
									"children": [
										{
											"name": "Cube14",
											"from": [ 0.0, 8.0, 0.3 ], 
											"to": [ 0.5, 13.0, 2.1 ], 
											"rotationOrigin": [ 0.0, 8.0, 0.2 ],
											"rotationZ": -5.0,
											"faces": {
												"north": { "texture": "#sisalleaf", "uv": [ 0.0, 0.0, 0.5, 5.0 ] },
												"east": { "texture": "#sisalleaf", "uv": [ 0.0, 0.0, 1.5, 5.0 ] },
												"south": { "texture": "#sisalleaf", "uv": [ 0.0, 0.0, 0.5, 5.0 ] },
												"west": { "texture": "#sisalleaf", "uv": [ 0.0, 0.0, 1.5, 5.0 ] },
												"up": { "texture": "#sisalleaf", "uv": [ 0.0, 0.0, 0.5, 1.5 ] },
												"down": { "texture": "#sisalleaf", "uv": [ 0.0, 0.0, 0.5, 1.5 ] }
											},
											"children": [
												{
													"name": "Cube15",
													"from": [ 0.0, 5.0, 0.4 ], 
													"to": [ 0.5, 11.0, 1.4 ], 
													"rotationOrigin": [ 0.0, 5.0, 0.4 ],
													"rotationZ": -5.0,
													"faces": {
														"north": { "texture": "#sisalleaf", "uv": [ 0.0, 0.0, 0.5, 6.0 ] },
														"east": { "texture": "#sisalleaf", "uv": [ 0.0, 0.0, 1.0, 6.0 ] },
														"south": { "texture": "#sisalleaf", "uv": [ 0.0, 0.0, 0.5, 6.0 ] },
														"west": { "texture": "#sisalleaf", "uv": [ 0.0, 0.0, 1.0, 6.0 ] },
														"up": { "texture": "#sisalleaf", "uv": [ 0.0, 0.0, 0.5, 1.0 ] },
														"down": { "texture": "#sisalleaf", "uv": [ 0.0, 0.0, 0.5, 1.0 ] }
													}
												}
											]
										}
									]
								},
								{
									"name": "Cube16",
									"from": [ 0.0, 0.0, 0.0 ], 
									"to": [ 0.5, 8.0, 2.5 ], 
									"rotationOrigin": [ 2.0, 0.0, 2.0 ],
									"rotationY": -80.0,
									"rotationZ": 55.0,
									"faces": {
										"north": { "texture": "#sisalleaf", "uv": [ 0.0, 0.0, 0.5, 8.0 ] },
										"east": { "texture": "#sisalleaf", "uv": [ 0.0, 0.0, 2.5, 8.0 ] },
										"south": { "texture": "#sisalleaf", "uv": [ 0.0, 0.0, 0.5, 8.0 ] },
										"west": { "texture": "#sisalleaf", "uv": [ 0.0, 0.0, 2.5, 8.0 ] },
										"up": { "texture": "#sisalleaf", "uv": [ 0.0, 0.0, 0.5, 2.5 ] },
										"down": { "texture": "#sisalleaf", "uv": [ 0.0, 0.0, 0.5, 2.5 ] }
									},
									"children": [
										{
											"name": "Cube17",
											"from": [ 0.0, 8.0, 0.3 ], 
											"to": [ 0.5, 13.0, 2.1 ], 
											"rotationOrigin": [ 0.0, 8.0, 0.2 ],
											"rotationZ": -5.0,
											"faces": {
												"north": { "texture": "#sisalleaf", "uv": [ 0.0, 0.0, 0.5, 5.0 ] },
												"east": { "texture": "#sisalleaf", "uv": [ 0.0, 0.0, 1.5, 5.0 ] },
												"south": { "texture": "#sisalleaf", "uv": [ 0.0, 0.0, 0.5, 5.0 ] },
												"west": { "texture": "#sisalleaf", "uv": [ 0.0, 0.0, 1.5, 5.0 ] },
												"up": { "texture": "#sisalleaf", "uv": [ 0.0, 0.0, 0.5, 1.5 ] },
												"down": { "texture": "#sisalleaf", "uv": [ 0.0, 0.0, 0.5, 1.5 ] }
											},
											"children": [
												{
													"name": "Cube18",
													"from": [ 0.0, 5.0, 0.4 ], 
													"to": [ 0.5, 11.0, 1.4 ], 
													"rotationOrigin": [ 0.0, 5.0, 0.4 ],
													"rotationZ": -5.0,
													"faces": {
														"north": { "texture": "#sisalleaf", "uv": [ 0.0, 0.0, 0.5, 6.0 ] },
														"east": { "texture": "#sisalleaf", "uv": [ 0.0, 0.0, 1.0, 6.0 ] },
														"south": { "texture": "#sisalleaf", "uv": [ 0.0, 0.0, 0.5, 6.0 ] },
														"west": { "texture": "#sisalleaf", "uv": [ 0.0, 0.0, 1.0, 6.0 ] },
														"up": { "texture": "#sisalleaf", "uv": [ 0.0, 0.0, 0.5, 1.0 ] },
														"down": { "texture": "#sisalleaf", "uv": [ 0.0, 0.0, 0.5, 1.0 ] }
													}
												}
											]
										}
									]
								},
								{
									"name": "Cube19",
									"from": [ 0.0, 0.0, 0.0 ], 
									"to": [ 0.5, 8.0, 2.5 ], 
									"rotationOrigin": [ 2.0, 0.0, 2.0 ],
									"rotationY": 28.0,
									"rotationZ": 44.0,
									"faces": {
										"north": { "texture": "#sisalleaf", "uv": [ 0.0, 0.0, 0.5, 8.0 ] },
										"east": { "texture": "#sisalleaf", "uv": [ 0.0, 0.0, 2.5, 8.0 ] },
										"south": { "texture": "#sisalleaf", "uv": [ 0.0, 0.0, 0.5, 8.0 ] },
										"west": { "texture": "#sisalleaf", "uv": [ 0.0, 0.0, 2.5, 8.0 ] },
										"up": { "texture": "#sisalleaf", "uv": [ 0.0, 0.0, 0.5, 2.5 ] },
										"down": { "texture": "#sisalleaf", "uv": [ 0.0, 0.0, 0.5, 2.5 ] }
									},
									"children": [
										{
											"name": "Cube20",
											"from": [ 0.0, 8.0, 0.3 ], 
											"to": [ 0.5, 13.0, 2.1 ], 
											"rotationOrigin": [ 0.0, 8.0, 0.2 ],
											"rotationZ": -5.0,
											"faces": {
												"north": { "texture": "#sisalleaf", "uv": [ 0.0, 0.0, 0.5, 5.0 ] },
												"east": { "texture": "#sisalleaf", "uv": [ 0.0, 0.0, 1.5, 5.0 ] },
												"south": { "texture": "#sisalleaf", "uv": [ 0.0, 0.0, 0.5, 5.0 ] },
												"west": { "texture": "#sisalleaf", "uv": [ 0.0, 0.0, 1.5, 5.0 ] },
												"up": { "texture": "#sisalleaf", "uv": [ 0.0, 0.0, 0.5, 1.5 ] },
												"down": { "texture": "#sisalleaf", "uv": [ 0.0, 0.0, 0.5, 1.5 ] }
											},
											"children": [
												{
													"name": "Cube21",
													"from": [ 0.0, 5.0, 0.4 ], 
													"to": [ 0.5, 11.0, 1.4 ], 
													"rotationOrigin": [ 0.0, 5.0, 0.4 ],
													"rotationZ": -5.0,
													"faces": {
														"north": { "texture": "#sisalleaf", "uv": [ 0.0, 0.0, 0.5, 6.0 ] },
														"east": { "texture": "#sisalleaf", "uv": [ 0.0, 0.0, 1.0, 6.0 ] },
														"south": { "texture": "#sisalleaf", "uv": [ 0.0, 0.0, 0.5, 6.0 ] },
														"west": { "texture": "#sisalleaf", "uv": [ 0.0, 0.0, 1.0, 6.0 ] },
														"up": { "texture": "#sisalleaf", "uv": [ 0.0, 0.0, 0.5, 1.0 ] },
														"down": { "texture": "#sisalleaf", "uv": [ 0.0, 0.0, 0.5, 1.0 ] }
													}
												}
											]
										}
									]
								},
								{
									"name": "Cube22",
									"from": [ 0.0, 0.0, 0.0 ], 
									"to": [ 0.5, 8.0, 2.5 ], 
									"rotationOrigin": [ 2.0, 0.0, 2.0 ],
									"rotationY": 163.0,
									"rotationZ": 28.0,
									"faces": {
										"north": { "texture": "#sisalleaf", "uv": [ 0.0, 0.0, 0.5, 8.0 ] },
										"east": { "texture": "#sisalleaf", "uv": [ 0.0, 0.0, 2.5, 8.0 ] },
										"south": { "texture": "#sisalleaf", "uv": [ 0.0, 0.0, 0.5, 8.0 ] },
										"west": { "texture": "#sisalleaf", "uv": [ 0.0, 0.0, 2.5, 8.0 ] },
										"up": { "texture": "#sisalleaf", "uv": [ 0.0, 0.0, 0.5, 2.5 ] },
										"down": { "texture": "#sisalleaf", "uv": [ 0.0, 0.0, 0.5, 2.5 ] }
									},
									"children": [
										{
											"name": "Cube23",
											"from": [ 0.0, 8.0, 0.3 ], 
											"to": [ 0.5, 13.0, 2.1 ], 
											"rotationOrigin": [ 0.0, 8.0, 0.2 ],
											"rotationZ": -5.0,
											"faces": {
												"north": { "texture": "#sisalleaf", "uv": [ 0.0, 0.0, 0.5, 5.0 ] },
												"east": { "texture": "#sisalleaf", "uv": [ 0.0, 0.0, 1.5, 5.0 ] },
												"south": { "texture": "#sisalleaf", "uv": [ 0.0, 0.0, 0.5, 5.0 ] },
												"west": { "texture": "#sisalleaf", "uv": [ 0.0, 0.0, 1.5, 5.0 ] },
												"up": { "texture": "#sisalleaf", "uv": [ 0.0, 0.0, 0.5, 1.5 ] },
												"down": { "texture": "#sisalleaf", "uv": [ 0.0, 0.0, 0.5, 1.5 ] }
											},
											"children": [
												{
													"name": "Cube24",
													"from": [ 0.0, 5.0, 0.4 ], 
													"to": [ 0.5, 11.0, 1.4 ], 
													"rotationOrigin": [ 0.0, 5.0, 0.4 ],
													"rotationZ": -5.0,
													"faces": {
														"north": { "texture": "#sisalleaf", "uv": [ 0.0, 0.0, 0.5, 6.0 ] },
														"east": { "texture": "#sisalleaf", "uv": [ 0.0, 0.0, 1.0, 6.0 ] },
														"south": { "texture": "#sisalleaf", "uv": [ 0.0, 0.0, 0.5, 6.0 ] },
														"west": { "texture": "#sisalleaf", "uv": [ 0.0, 0.0, 1.0, 6.0 ] },
														"up": { "texture": "#sisalleaf", "uv": [ 0.0, 0.0, 0.5, 1.0 ] },
														"down": { "texture": "#sisalleaf", "uv": [ 0.0, 0.0, 0.5, 1.0 ] }
													}
												}
											]
										}
									]
								},
								{
									"name": "Cube25",
									"from": [ 0.0, 0.0, 0.0 ], 
									"to": [ 0.5, 8.0, 2.5 ], 
									"rotationOrigin": [ 2.0, 0.0, 2.0 ],
									"rotationY": 97.0,
									"rotationZ": 28.0,
									"faces": {
										"north": { "texture": "#sisalleaf", "uv": [ 0.0, 0.0, 0.5, 8.0 ] },
										"east": { "texture": "#sisalleaf", "uv": [ 0.0, 0.0, 2.5, 8.0 ] },
										"south": { "texture": "#sisalleaf", "uv": [ 0.0, 0.0, 0.5, 8.0 ] },
										"west": { "texture": "#sisalleaf", "uv": [ 0.0, 0.0, 2.5, 8.0 ] },
										"up": { "texture": "#sisalleaf", "uv": [ 0.0, 0.0, 0.5, 2.5 ] },
										"down": { "texture": "#sisalleaf", "uv": [ 0.0, 0.0, 0.5, 2.5 ] }
									},
									"children": [
										{
											"name": "Cube26",
											"from": [ 0.0, 8.0, 0.3 ], 
											"to": [ 0.5, 13.0, 2.1 ], 
											"rotationOrigin": [ 0.0, 8.0, 0.2 ],
											"rotationZ": -5.0,
											"faces": {
												"north": { "texture": "#sisalleaf", "uv": [ 0.0, 0.0, 0.5, 5.0 ] },
												"east": { "texture": "#sisalleaf", "uv": [ 0.0, 0.0, 1.5, 5.0 ] },
												"south": { "texture": "#sisalleaf", "uv": [ 0.0, 0.0, 0.5, 5.0 ] },
												"west": { "texture": "#sisalleaf", "uv": [ 0.0, 0.0, 1.5, 5.0 ] },
												"up": { "texture": "#sisalleaf", "uv": [ 0.0, 0.0, 0.5, 1.5 ] },
												"down": { "texture": "#sisalleaf", "uv": [ 0.0, 0.0, 0.5, 1.5 ] }
											},
											"children": [
												{
													"name": "Cube27",
													"from": [ 0.0, 5.0, 0.4 ], 
													"to": [ 0.5, 11.0, 1.4 ], 
													"rotationOrigin": [ 0.0, 5.0, 0.4 ],
													"rotationZ": -5.0,
													"faces": {
														"north": { "texture": "#sisalleaf", "uv": [ 0.0, 0.0, 0.5, 6.0 ] },
														"east": { "texture": "#sisalleaf", "uv": [ 0.0, 0.0, 1.0, 6.0 ] },
														"south": { "texture": "#sisalleaf", "uv": [ 0.0, 0.0, 0.5, 6.0 ] },
														"west": { "texture": "#sisalleaf", "uv": [ 0.0, 0.0, 1.0, 6.0 ] },
														"up": { "texture": "#sisalleaf", "uv": [ 0.0, 0.0, 0.5, 1.0 ] },
														"down": { "texture": "#sisalleaf", "uv": [ 0.0, 0.0, 0.5, 1.0 ] }
													}
												}
											]
										}
									]
								},
								{
									"name": "Cube28",
									"from": [ 0.0, 0.0, 0.0 ], 
									"to": [ 0.5, 8.0, 2.5 ], 
									"rotationOrigin": [ 2.0, 0.0, 2.0 ],
									"rotationY": -33.0,
									"rotationZ": 47.0,
									"faces": {
										"north": { "texture": "#sisalleaf", "uv": [ 0.0, 0.0, 0.5, 8.0 ] },
										"east": { "texture": "#sisalleaf", "uv": [ 0.0, 0.0, 2.5, 8.0 ] },
										"south": { "texture": "#sisalleaf", "uv": [ 0.0, 0.0, 0.5, 8.0 ] },
										"west": { "texture": "#sisalleaf", "uv": [ 0.0, 0.0, 2.5, 8.0 ] },
										"up": { "texture": "#sisalleaf", "uv": [ 0.0, 0.0, 0.5, 2.5 ] },
										"down": { "texture": "#sisalleaf", "uv": [ 0.0, 0.0, 0.5, 2.5 ] }
									},
									"children": [
										{
											"name": "Cube29",
											"from": [ 0.0, 8.0, 0.3 ], 
											"to": [ 0.5, 13.0, 2.1 ], 
											"rotationOrigin": [ 0.0, 8.0, 0.2 ],
											"rotationZ": -5.0,
											"faces": {
												"north": { "texture": "#sisalleaf", "uv": [ 0.0, 0.0, 0.5, 5.0 ] },
												"east": { "texture": "#sisalleaf", "uv": [ 0.0, 0.0, 1.5, 5.0 ] },
												"south": { "texture": "#sisalleaf", "uv": [ 0.0, 0.0, 0.5, 5.0 ] },
												"west": { "texture": "#sisalleaf", "uv": [ 0.0, 0.0, 1.5, 5.0 ] },
												"up": { "texture": "#sisalleaf", "uv": [ 0.0, 0.0, 0.5, 1.5 ] },
												"down": { "texture": "#sisalleaf", "uv": [ 0.0, 0.0, 0.5, 1.5 ] }
											},
											"children": [
												{
													"name": "Cube30",
													"from": [ 0.0, 5.0, 0.4 ], 
													"to": [ 0.5, 11.0, 1.4 ], 
													"rotationOrigin": [ 0.0, 5.0, 0.4 ],
													"rotationZ": -5.0,
													"faces": {
														"north": { "texture": "#sisalleaf", "uv": [ 0.0, 0.0, 0.5, 6.0 ] },
														"east": { "texture": "#sisalleaf", "uv": [ 0.0, 0.0, 1.0, 6.0 ] },
														"south": { "texture": "#sisalleaf", "uv": [ 0.0, 0.0, 0.5, 6.0 ] },
														"west": { "texture": "#sisalleaf", "uv": [ 0.0, 0.0, 1.0, 6.0 ] },
														"up": { "texture": "#sisalleaf", "uv": [ 0.0, 0.0, 0.5, 1.0 ] },
														"down": { "texture": "#sisalleaf", "uv": [ 0.0, 0.0, 0.5, 1.0 ] }
													}
												}
											]
										}
									]
								},
								{
									"name": "Cube31",
									"from": [ 0.0, 0.0, 0.0 ], 
									"to": [ 0.5, 8.0, 2.5 ], 
									"rotationOrigin": [ 2.0, 0.0, 2.0 ],
									"rotationY": -127.0,
									"rotationZ": 61.0,
									"faces": {
										"north": { "texture": "#sisalleaf", "uv": [ 0.0, 0.0, 0.5, 8.0 ] },
										"east": { "texture": "#sisalleaf", "uv": [ 0.0, 0.0, 2.5, 8.0 ] },
										"south": { "texture": "#sisalleaf", "uv": [ 0.0, 0.0, 0.5, 8.0 ] },
										"west": { "texture": "#sisalleaf", "uv": [ 0.0, 0.0, 2.5, 8.0 ] },
										"up": { "texture": "#sisalleaf", "uv": [ 0.0, 0.0, 0.5, 2.5 ] },
										"down": { "texture": "#sisalleaf", "uv": [ 0.0, 0.0, 0.5, 2.5 ] }
									},
									"children": [
										{
											"name": "Cube32",
											"from": [ 0.0, 8.0, 0.3 ], 
											"to": [ 0.5, 13.0, 2.1 ], 
											"rotationOrigin": [ 0.0, 8.0, 0.2 ],
											"rotationZ": -5.0,
											"faces": {
												"north": { "texture": "#sisalleaf", "uv": [ 0.0, 0.0, 0.5, 5.0 ] },
												"east": { "texture": "#sisalleaf", "uv": [ 0.0, 0.0, 1.5, 5.0 ] },
												"south": { "texture": "#sisalleaf", "uv": [ 0.0, 0.0, 0.5, 5.0 ] },
												"west": { "texture": "#sisalleaf", "uv": [ 0.0, 0.0, 1.5, 5.0 ] },
												"up": { "texture": "#sisalleaf", "uv": [ 0.0, 0.0, 0.5, 1.5 ] },
												"down": { "texture": "#sisalleaf", "uv": [ 0.0, 0.0, 0.5, 1.5 ] }
											},
											"children": [
												{
													"name": "Cube33",
													"from": [ 0.0, 5.0, 0.4 ], 
													"to": [ 0.5, 11.0, 1.4 ], 
													"rotationOrigin": [ 0.0, 5.0, 0.4 ],
													"rotationZ": -5.0,
													"faces": {
														"north": { "texture": "#sisalleaf", "uv": [ 0.0, 0.0, 0.5, 6.0 ] },
														"east": { "texture": "#sisalleaf", "uv": [ 0.0, 0.0, 1.0, 6.0 ] },
														"south": { "texture": "#sisalleaf", "uv": [ 0.0, 0.0, 0.5, 6.0 ] },
														"west": { "texture": "#sisalleaf", "uv": [ 0.0, 0.0, 1.0, 6.0 ] },
														"up": { "texture": "#sisalleaf", "uv": [ 0.0, 0.0, 0.5, 1.0 ] },
														"down": { "texture": "#sisalleaf", "uv": [ 0.0, 0.0, 0.5, 1.0 ] }
													}
												}
											]
										}
									]
								},
								{
									"name": "Cube34",
									"from": [ 0.0, 0.0, 0.0 ], 
									"to": [ 0.5, 8.0, 2.5 ], 
									"rotationOrigin": [ 2.0, 0.0, 2.0 ],
									"rotationY": -105.0,
									"rotationZ": 28.0,
									"faces": {
										"north": { "texture": "#sisalleaf", "uv": [ 0.0, 0.0, 0.5, 8.0 ] },
										"east": { "texture": "#sisalleaf", "uv": [ 0.0, 0.0, 2.5, 8.0 ] },
										"south": { "texture": "#sisalleaf", "uv": [ 0.0, 0.0, 0.5, 8.0 ] },
										"west": { "texture": "#sisalleaf", "uv": [ 0.0, 0.0, 2.5, 8.0 ] },
										"up": { "texture": "#sisalleaf", "uv": [ 0.0, 0.0, 0.5, 2.5 ] },
										"down": { "texture": "#sisalleaf", "uv": [ 0.0, 0.0, 0.5, 2.5 ] }
									},
									"children": [
										{
											"name": "Cube35",
											"from": [ 0.0, 8.0, 0.3 ], 
											"to": [ 0.5, 13.0, 2.1 ], 
											"rotationOrigin": [ 0.0, 8.0, 0.2 ],
											"rotationZ": -5.0,
											"faces": {
												"north": { "texture": "#sisalleaf", "uv": [ 0.0, 0.0, 0.5, 5.0 ] },
												"east": { "texture": "#sisalleaf", "uv": [ 0.0, 0.0, 1.5, 5.0 ] },
												"south": { "texture": "#sisalleaf", "uv": [ 0.0, 0.0, 0.5, 5.0 ] },
												"west": { "texture": "#sisalleaf", "uv": [ 0.0, 0.0, 1.5, 5.0 ] },
												"up": { "texture": "#sisalleaf", "uv": [ 0.0, 0.0, 0.5, 1.5 ] },
												"down": { "texture": "#sisalleaf", "uv": [ 0.0, 0.0, 0.5, 1.5 ] }
											},
											"children": [
												{
													"name": "Cube36",
													"from": [ 0.0, 5.0, 0.4 ], 
													"to": [ 0.5, 11.0, 1.4 ], 
													"rotationOrigin": [ 0.0, 5.0, 0.4 ],
													"rotationZ": -5.0,
													"faces": {
														"north": { "texture": "#sisalleaf", "uv": [ 0.0, 0.0, 0.5, 6.0 ] },
														"east": { "texture": "#sisalleaf", "uv": [ 0.0, 0.0, 1.0, 6.0 ] },
														"south": { "texture": "#sisalleaf", "uv": [ 0.0, 0.0, 0.5, 6.0 ] },
														"west": { "texture": "#sisalleaf", "uv": [ 0.0, 0.0, 1.0, 6.0 ] },
														"up": { "texture": "#sisalleaf", "uv": [ 0.0, 0.0, 0.5, 1.0 ] },
														"down": { "texture": "#sisalleaf", "uv": [ 0.0, 0.0, 0.5, 1.0 ] }
													}
												}
											]
										}
									]
								},
								{
									"name": "Cube37",
									"from": [ 0.0, 0.0, 0.0 ], 
									"to": [ 0.5, 8.0, 2.5 ], 
									"rotationOrigin": [ 2.0, 0.0, 2.0 ],
									"rotationY": -42.0,
									"rotationZ": 28.0,
									"faces": {
										"north": { "texture": "#sisalleaf", "uv": [ 0.0, 0.0, 0.5, 8.0 ] },
										"east": { "texture": "#sisalleaf", "uv": [ 0.0, 0.0, 2.5, 8.0 ] },
										"south": { "texture": "#sisalleaf", "uv": [ 0.0, 0.0, 0.5, 8.0 ] },
										"west": { "texture": "#sisalleaf", "uv": [ 0.0, 0.0, 2.5, 8.0 ] },
										"up": { "texture": "#sisalleaf", "uv": [ 0.0, 0.0, 0.5, 2.5 ] },
										"down": { "texture": "#sisalleaf", "uv": [ 0.0, 0.0, 0.5, 2.5 ] }
									},
									"children": [
										{
											"name": "Cube38",
											"from": [ 0.0, 8.0, 0.3 ], 
											"to": [ 0.5, 13.0, 2.1 ], 
											"rotationOrigin": [ 0.0, 8.0, 0.2 ],
											"rotationZ": -5.0,
											"faces": {
												"north": { "texture": "#sisalleaf", "uv": [ 0.0, 0.0, 0.5, 5.0 ] },
												"east": { "texture": "#sisalleaf", "uv": [ 0.0, 0.0, 1.5, 5.0 ] },
												"south": { "texture": "#sisalleaf", "uv": [ 0.0, 0.0, 0.5, 5.0 ] },
												"west": { "texture": "#sisalleaf", "uv": [ 0.0, 0.0, 1.5, 5.0 ] },
												"up": { "texture": "#sisalleaf", "uv": [ 0.0, 0.0, 0.5, 1.5 ] },
												"down": { "texture": "#sisalleaf", "uv": [ 0.0, 0.0, 0.5, 1.5 ] }
											},
											"children": [
												{
													"name": "Cube39",
													"from": [ 0.0, 5.0, 0.4 ], 
													"to": [ 0.5, 11.0, 1.4 ], 
													"rotationOrigin": [ 0.0, 5.0, 0.4 ],
													"rotationZ": -5.0,
													"faces": {
														"north": { "texture": "#sisalleaf", "uv": [ 0.0, 0.0, 0.5, 6.0 ] },
														"east": { "texture": "#sisalleaf", "uv": [ 0.0, 0.0, 1.0, 6.0 ] },
														"south": { "texture": "#sisalleaf", "uv": [ 0.0, 0.0, 0.5, 6.0 ] },
														"west": { "texture": "#sisalleaf", "uv": [ 0.0, 0.0, 1.0, 6.0 ] },
														"up": { "texture": "#sisalleaf", "uv": [ 0.0, 0.0, 0.5, 1.0 ] },
														"down": { "texture": "#sisalleaf", "uv": [ 0.0, 0.0, 0.5, 1.0 ] }
													}
												}
											]
										}
									]
								},
								{
									"name": "Cube40",
									"from": [ 0.0, 0.0, 0.0 ], 
									"to": [ 0.5, 8.0, 2.5 ], 
									"rotationOrigin": [ 2.0, 0.0, 2.0 ],
									"rotationY": 58.0,
									"rotationZ": 14.0,
									"faces": {
										"north": { "texture": "#sisalleaf", "uv": [ 0.0, 0.0, 0.5, 8.0 ] },
										"east": { "texture": "#sisalleaf", "uv": [ 0.0, 0.0, 2.5, 8.0 ] },
										"south": { "texture": "#sisalleaf", "uv": [ 0.0, 0.0, 0.5, 8.0 ] },
										"west": { "texture": "#sisalleaf", "uv": [ 0.0, 0.0, 2.5, 8.0 ] },
										"up": { "texture": "#sisalleaf", "uv": [ 0.0, 0.0, 0.5, 2.5 ] },
										"down": { "texture": "#sisalleaf", "uv": [ 0.0, 0.0, 0.5, 2.5 ] }
									},
									"children": [
										{
											"name": "Cube41",
											"from": [ 0.0, 8.0, 0.3 ], 
											"to": [ 0.5, 13.0, 2.1 ], 
											"rotationOrigin": [ 0.0, 8.0, 0.2 ],
											"rotationZ": -5.0,
											"faces": {
												"north": { "texture": "#sisalleaf", "uv": [ 0.0, 0.0, 0.5, 5.0 ] },
												"east": { "texture": "#sisalleaf", "uv": [ 0.0, 0.0, 1.5, 5.0 ] },
												"south": { "texture": "#sisalleaf", "uv": [ 0.0, 0.0, 0.5, 5.0 ] },
												"west": { "texture": "#sisalleaf", "uv": [ 0.0, 0.0, 1.5, 5.0 ] },
												"up": { "texture": "#sisalleaf", "uv": [ 0.0, 0.0, 0.5, 1.5 ] },
												"down": { "texture": "#sisalleaf", "uv": [ 0.0, 0.0, 0.5, 1.5 ] }
											},
											"children": [
												{
													"name": "Cube42",
													"from": [ 0.0, 5.0, 0.4 ], 
													"to": [ 0.5, 11.0, 1.4 ], 
													"rotationOrigin": [ 0.0, 5.0, 0.4 ],
													"rotationZ": -5.0,
													"faces": {
														"north": { "texture": "#sisalleaf", "uv": [ 0.0, 0.0, 0.5, 6.0 ] },
														"east": { "texture": "#sisalleaf", "uv": [ 0.0, 0.0, 1.0, 6.0 ] },
														"south": { "texture": "#sisalleaf", "uv": [ 0.0, 0.0, 0.5, 6.0 ] },
														"west": { "texture": "#sisalleaf", "uv": [ 0.0, 0.0, 1.0, 6.0 ] },
														"up": { "texture": "#sisalleaf", "uv": [ 0.0, 0.0, 0.5, 1.0 ] },
														"down": { "texture": "#sisalleaf", "uv": [ 0.0, 0.0, 0.5, 1.0 ] }
													}
												}
											]
										}
									]
								},
								{
									"name": "Cube43",
									"from": [ 0.0, 0.0, 0.0 ], 
									"to": [ 0.5, 8.0, 2.5 ], 
									"rotationOrigin": [ 2.0, 0.0, 2.0 ],
									"rotationY": 58.0,
									"rotationZ": 14.0,
									"faces": {
										"north": { "texture": "#sisalleaf", "uv": [ 0.0, 0.0, 0.5, 8.0 ] },
										"east": { "texture": "#sisalleaf", "uv": [ 0.0, 0.0, 2.5, 8.0 ] },
										"south": { "texture": "#sisalleaf", "uv": [ 0.0, 0.0, 0.5, 8.0 ] },
										"west": { "texture": "#sisalleaf", "uv": [ 0.0, 0.0, 2.5, 8.0 ] },
										"up": { "texture": "#sisalleaf", "uv": [ 0.0, 0.0, 0.5, 2.5 ] },
										"down": { "texture": "#sisalleaf", "uv": [ 0.0, 0.0, 0.5, 2.5 ] }
									},
									"children": [
										{
											"name": "Cube44",
											"from": [ 0.0, 8.0, 0.3 ], 
											"to": [ 0.5, 13.0, 2.1 ], 
											"rotationOrigin": [ 0.0, 8.0, 0.2 ],
											"rotationZ": -5.0,
											"faces": {
												"north": { "texture": "#sisalleaf", "uv": [ 0.0, 0.0, 0.5, 5.0 ] },
												"east": { "texture": "#sisalleaf", "uv": [ 0.0, 0.0, 1.5, 5.0 ] },
												"south": { "texture": "#sisalleaf", "uv": [ 0.0, 0.0, 0.5, 5.0 ] },
												"west": { "texture": "#sisalleaf", "uv": [ 0.0, 0.0, 1.5, 5.0 ] },
												"up": { "texture": "#sisalleaf", "uv": [ 0.0, 0.0, 0.5, 1.5 ] },
												"down": { "texture": "#sisalleaf", "uv": [ 0.0, 0.0, 0.5, 1.5 ] }
											},
											"children": [
												{
													"name": "Cube45",
													"from": [ 0.0, 5.0, 0.4 ], 
													"to": [ 0.5, 11.0, 1.4 ], 
													"rotationOrigin": [ 0.0, 5.0, 0.4 ],
													"rotationZ": -5.0,
													"faces": {
														"north": { "texture": "#sisalleaf", "uv": [ 0.0, 0.0, 0.5, 6.0 ] },
														"east": { "texture": "#sisalleaf", "uv": [ 0.0, 0.0, 1.0, 6.0 ] },
														"south": { "texture": "#sisalleaf", "uv": [ 0.0, 0.0, 0.5, 6.0 ] },
														"west": { "texture": "#sisalleaf", "uv": [ 0.0, 0.0, 1.0, 6.0 ] },
														"up": { "texture": "#sisalleaf", "uv": [ 0.0, 0.0, 0.5, 1.0 ] },
														"down": { "texture": "#sisalleaf", "uv": [ 0.0, 0.0, 0.5, 1.0 ] }
													}
												}
											]
										}
									]
								},
								{
									"name": "Cube46",
									"from": [ 0.0, 0.0, 0.0 ], 
									"to": [ 0.5, 8.0, 2.5 ], 
									"rotationOrigin": [ 2.0, 0.0, 2.0 ],
									"rotationY": -72.0,
									"rotationZ": 8.0,
									"faces": {
										"north": { "texture": "#sisalleaf", "uv": [ 0.0, 0.0, 0.5, 8.0 ] },
										"east": { "texture": "#sisalleaf", "uv": [ 0.0, 0.0, 2.5, 8.0 ] },
										"south": { "texture": "#sisalleaf", "uv": [ 0.0, 0.0, 0.5, 8.0 ] },
										"west": { "texture": "#sisalleaf", "uv": [ 0.0, 0.0, 2.5, 8.0 ] },
										"up": { "texture": "#sisalleaf", "uv": [ 0.0, 0.0, 0.5, 2.5 ] },
										"down": { "texture": "#sisalleaf", "uv": [ 0.0, 0.0, 0.5, 2.5 ] }
									},
									"children": [
										{
											"name": "Cube47",
											"from": [ 0.0, 8.0, 0.3 ], 
											"to": [ 0.5, 13.0, 2.1 ], 
											"rotationOrigin": [ 0.0, 8.0, 0.2 ],
											"rotationZ": -5.0,
											"faces": {
												"north": { "texture": "#sisalleaf", "uv": [ 0.0, 0.0, 0.5, 5.0 ] },
												"east": { "texture": "#sisalleaf", "uv": [ 0.0, 0.0, 1.5, 5.0 ] },
												"south": { "texture": "#sisalleaf", "uv": [ 0.0, 0.0, 0.5, 5.0 ] },
												"west": { "texture": "#sisalleaf", "uv": [ 0.0, 0.0, 1.5, 5.0 ] },
												"up": { "texture": "#sisalleaf", "uv": [ 0.0, 0.0, 0.5, 1.5 ] },
												"down": { "texture": "#sisalleaf", "uv": [ 0.0, 0.0, 0.5, 1.5 ] }
											},
											"children": [
												{
													"name": "Cube48",
													"from": [ 0.0, 5.0, 0.4 ], 
													"to": [ 0.5, 11.0, 1.4 ], 
													"rotationOrigin": [ 0.0, 5.0, 0.4 ],
													"rotationZ": -5.0,
													"faces": {
														"north": { "texture": "#sisalleaf", "uv": [ 0.0, 0.0, 0.5, 6.0 ] },
														"east": { "texture": "#sisalleaf", "uv": [ 0.0, 0.0, 1.0, 6.0 ] },
														"south": { "texture": "#sisalleaf", "uv": [ 0.0, 0.0, 0.5, 6.0 ] },
														"west": { "texture": "#sisalleaf", "uv": [ 0.0, 0.0, 1.0, 6.0 ] },
														"up": { "texture": "#sisalleaf", "uv": [ 0.0, 0.0, 0.5, 1.0 ] },
														"down": { "texture": "#sisalleaf", "uv": [ 0.0, 0.0, 0.5, 1.0 ] }
													}
												}
											]
										}
									]
								},
								{
									"name": "Cube49",
									"from": [ 0.0, 0.0, 0.0 ], 
									"to": [ 0.5, 8.0, 2.5 ], 
									"rotationOrigin": [ 2.0, 0.0, 2.0 ],
									"rotationY": 133.0,
									"rotationZ": 19.0,
									"faces": {
										"north": { "texture": "#sisalleaf", "uv": [ 0.0, 0.0, 0.5, 8.0 ] },
										"east": { "texture": "#sisalleaf", "uv": [ 0.0, 0.0, 2.5, 8.0 ] },
										"south": { "texture": "#sisalleaf", "uv": [ 0.0, 0.0, 0.5, 8.0 ] },
										"west": { "texture": "#sisalleaf", "uv": [ 0.0, 0.0, 2.5, 8.0 ] },
										"up": { "texture": "#sisalleaf", "uv": [ 0.0, 0.0, 0.5, 2.5 ] },
										"down": { "texture": "#sisalleaf", "uv": [ 0.0, 0.0, 0.5, 2.5 ] }
									},
									"children": [
										{
											"name": "Cube50",
											"from": [ 0.0, 8.0, 0.3 ], 
											"to": [ 0.5, 13.0, 2.1 ], 
											"rotationOrigin": [ 0.0, 8.0, 0.2 ],
											"rotationZ": -5.0,
											"faces": {
												"north": { "texture": "#sisalleaf", "uv": [ 0.0, 0.0, 0.5, 5.0 ] },
												"east": { "texture": "#sisalleaf", "uv": [ 0.0, 0.0, 1.5, 5.0 ] },
												"south": { "texture": "#sisalleaf", "uv": [ 0.0, 0.0, 0.5, 5.0 ] },
												"west": { "texture": "#sisalleaf", "uv": [ 0.0, 0.0, 1.5, 5.0 ] },
												"up": { "texture": "#sisalleaf", "uv": [ 0.0, 0.0, 0.5, 1.5 ] },
												"down": { "texture": "#sisalleaf", "uv": [ 0.0, 0.0, 0.5, 1.5 ] }
											},
											"children": [
												{
													"name": "Cube51",
													"from": [ 0.0, 5.0, 0.4 ], 
													"to": [ 0.5, 11.0, 1.4 ], 
													"rotationOrigin": [ 0.0, 5.0, 0.4 ],
													"rotationZ": -5.0,
													"faces": {
														"north": { "texture": "#sisalleaf", "uv": [ 0.0, 0.0, 0.5, 6.0 ] },
														"east": { "texture": "#sisalleaf", "uv": [ 0.0, 0.0, 1.0, 6.0 ] },
														"south": { "texture": "#sisalleaf", "uv": [ 0.0, 0.0, 0.5, 6.0 ] },
														"west": { "texture": "#sisalleaf", "uv": [ 0.0, 0.0, 1.0, 6.0 ] },
														"up": { "texture": "#sisalleaf", "uv": [ 0.0, 0.0, 0.5, 1.0 ] },
														"down": { "texture": "#sisalleaf", "uv": [ 0.0, 0.0, 0.5, 1.0 ] }
													}
												}
											]
										}
									]
								},
								{
									"name": "Cube52",
									"from": [ 0.0, 0.0, 0.0 ], 
									"to": [ 0.5, 8.0, 2.5 ], 
									"rotationOrigin": [ 2.0, 0.0, 2.0 ],
									"rotationY": -141.0,
									"rotationZ": 11.0,
									"faces": {
										"north": { "texture": "#sisalleaf", "uv": [ 0.0, 0.0, 0.5, 8.0 ] },
										"east": { "texture": "#sisalleaf", "uv": [ 0.0, 0.0, 2.5, 8.0 ] },
										"south": { "texture": "#sisalleaf", "uv": [ 0.0, 0.0, 0.5, 8.0 ] },
										"west": { "texture": "#sisalleaf", "uv": [ 0.0, 0.0, 2.5, 8.0 ] },
										"up": { "texture": "#sisalleaf", "uv": [ 0.0, 0.0, 0.5, 2.5 ] },
										"down": { "texture": "#sisalleaf", "uv": [ 0.0, 0.0, 0.5, 2.5 ] }
									},
									"children": [
										{
											"name": "Cube53",
											"from": [ 0.0, 8.0, 0.3 ], 
											"to": [ 0.5, 13.0, 2.1 ], 
											"rotationOrigin": [ 0.0, 8.0, 0.2 ],
											"rotationZ": -5.0,
											"faces": {
												"north": { "texture": "#sisalleaf", "uv": [ 0.0, 0.0, 0.5, 5.0 ] },
												"east": { "texture": "#sisalleaf", "uv": [ 0.0, 0.0, 1.5, 5.0 ] },
												"south": { "texture": "#sisalleaf", "uv": [ 0.0, 0.0, 0.5, 5.0 ] },
												"west": { "texture": "#sisalleaf", "uv": [ 0.0, 0.0, 1.5, 5.0 ] },
												"up": { "texture": "#sisalleaf", "uv": [ 0.0, 0.0, 0.5, 1.5 ] },
												"down": { "texture": "#sisalleaf", "uv": [ 0.0, 0.0, 0.5, 1.5 ] }
											},
											"children": [
												{
													"name": "Cube54",
													"from": [ 0.0, 5.0, 0.4 ], 
													"to": [ 0.5, 11.0, 1.4 ], 
													"rotationOrigin": [ 0.0, 5.0, 0.4 ],
													"rotationZ": -5.0,
													"faces": {
														"north": { "texture": "#sisalleaf", "uv": [ 0.0, 0.0, 0.5, 6.0 ] },
														"east": { "texture": "#sisalleaf", "uv": [ 0.0, 0.0, 1.0, 6.0 ] },
														"south": { "texture": "#sisalleaf", "uv": [ 0.0, 0.0, 0.5, 6.0 ] },
														"west": { "texture": "#sisalleaf", "uv": [ 0.0, 0.0, 1.0, 6.0 ] },
														"up": { "texture": "#sisalleaf", "uv": [ 0.0, 0.0, 0.5, 1.0 ] },
														"down": { "texture": "#sisalleaf", "uv": [ 0.0, 0.0, 0.5, 1.0 ] }
													}
												}
											]
										}
									]
								}
							]
						}
					]
				}
			]
		}
	]}