{
	"editor": {
		"allAngles": false,
		"singleTexture": false
	},
	"textureWidth": 16,
	"textureHeight": 16,
	"textures": {
		"tallowcandle": "block/tallow/tallowcandle"
	},
	"elements": [
		{
			"name": "tallowcandle",
			"from": [ 7.0, 0.0, 7.0 ], 
			"to": [ 9.0, 2.0, 9.0 ], 
			"rotationOrigin": [ 8.0, 0.0, 8.0 ],
			"faces": {
				"north": { "texture": "#tallowcandle", "uv": [ 0.0, 13.0, 2.0, 15.0 ] },
				"east": { "texture": "#tallowcandle", "uv": [ 4.0, 13.0, 6.0, 15.0 ] },
				"south": { "texture": "#tallowcandle", "uv": [ 9.0, 13.0, 11.0, 15.0 ] },
				"west": { "texture": "#tallowcandle", "uv": [ 11.0, 13.0, 13.0, 15.0 ] },
				"up": { "texture": "#tallowcandle", "uv": [ 12.0, 2.0, 14.0, 4.0 ] },
				"down": { "texture": "#tallowcandle", "uv": [ 12.0, 14.0, 14.0, 16.0 ] }
			},
			"children": [
				{
					"name": "top",
					"from": [ 0.8, 2.0, 0.8 ], 
					"to": [ 1.2, 2.5, 1.2 ], 
					"faces": {
						"north": { "texture": "#tallowcandle", "uv": [ 0.0, 0.0, 0.0, 0.5 ] },
						"east": { "texture": "#tallowcandle", "uv": [ 0.0, 0.0, 0.0, 0.5 ] },
						"south": { "texture": "#tallowcandle", "uv": [ 0.0, 0.0, 0.0, 0.5 ] },
						"west": { "texture": "#tallowcandle", "uv": [ 0.0, 0.0, 0.0, 0.5 ] },
						"up": { "texture": "#tallowcandle", "uv": [ 0.0, 0.0, 0.0, 0.0 ] },
						"down": { "texture": "#tallowcandle", "uv": [ 0.0, 0.0, 0.0, 0.0 ], "enabled": false }
					}
				}
			]
		}
	]}