{
	"editor": {
		"allAngles": true,
		"singleTexture": true
	},
	"textureWidth": 16,
	"textureHeight": 32,
	"textures": {
	},
	"elements": [
		{
			"name": "body",
			"from": [ 6.3, 1.7, 6.7 ], 
			"to": [ 11.3, 4.7, 9.7 ], 
			"uv": [ 0.0, 0.0 ],
			"rotationOrigin": [ 8.8, 3.2, 8.2 ],
			"rotationZ": 1.0,
			"faces": {
				"north": { "texture": "#piglet", "uv": [ 0.0, 3.0, 3.0, 8.0 ], "rotation": 270 },
				"east": { "texture": "#piglet", "uv": [ 3.0, 0.0, 6.0, 3.0 ], "rotation": 180 },
				"south": { "texture": "#piglet", "uv": [ 6.0, 3.0, 9.0, 8.0 ], "rotation": 90 },
				"west": { "texture": "#piglet", "uv": [ 3.0, 8.0, 6.0, 11.0 ] },
				"up": { "texture": "#piglet", "uv": [ 3.0, 3.0, 6.0, 8.0 ], "rotation": 90 },
				"down": { "texture": "#piglet", "uv": [ 9.0, 3.0, 12.0, 8.0 ], "rotation": 270 }
			},
			"children": [
				{
					"name": "head",
					"from": [ -1.2, 0.0, 0.1 ], 
					"to": [ 0.8, 3.0, 2.9 ], 
					"uv": [ 0.0, 14.0 ],
					"rotationOrigin": [ 0.8, 1.5, 1.4 ],
					"rotationZ": -12.0,
					"faces": {
						"north": { "texture": "#piglet", "uv": [ 0.0, 16.0, 2.0, 19.0 ] },
						"east": { "texture": "#piglet", "uv": [ 6.5, 16.0, 9.0, 19.0 ] },
						"south": { "texture": "#piglet", "uv": [ 4.5, 16.0, 6.5, 19.0 ] },
						"west": { "texture": "#piglet", "uv": [ 2.0, 16.0, 4.5, 19.0 ] },
						"up": { "texture": "#piglet", "uv": [ 2.0, 14.0, 4.5, 16.0 ], "rotation": 90 },
						"down": { "texture": "#piglet", "uv": [ 2.0, 19.0, 4.5, 21.0 ], "rotation": 90 }
					},
					"children": [
						{
							"name": "nose",
							"from": [ -2.5, 2.0, 0.4 ], 
							"to": [ 0.5, 3.0, 2.4 ], 
							"uv": [ 10.0, 15.0 ],
							"rotationOrigin": [ 0.5, 2.5, 1.4 ],
							"rotationZ": 54.0,
							"faces": {
								"north": { "texture": "#piglet", "uv": [ 10.0, 16.0, 11.0, 19.0 ], "rotation": 270 },
								"east": { "texture": "#piglet", "uv": [ 11.0, 15.0, 13.0, 16.0 ], "rotation": 180 },
								"south": { "texture": "#piglet", "uv": [ 13.0, 16.0, 14.0, 19.0 ], "rotation": 90 },
								"west": { "texture": "#piglet", "uv": [ 11.0, 19.0, 13.0, 20.0 ] },
								"up": { "texture": "#piglet", "uv": [ 11.0, 16.0, 13.0, 19.0 ], "rotation": 90 },
								"down": { "texture": "#piglet", "uv": [ 14.0, 16.0, 16.0, 19.0 ], "rotation": 270 }
							},
							"children": [
								{
									"name": "R ear",
									"from": [ 2.3, 0.2, -0.1 ], 
									"to": [ 2.8, 2.2, 0.9 ], 
									"uv": [ 13.0, 0.0 ],
									"rotationOrigin": [ 2.5, 0.2, 0.4 ],
									"rotationX": -28.0,
									"rotationY": 19.0,
									"rotationZ": -61.0,
									"faces": {
										"north": { "texture": "#piglet", "uv": [ 13.0, 1.0, 13.5, 3.0 ] },
										"east": { "texture": "#piglet", "uv": [ 15.0, 1.0, 16.0, 3.0 ] },
										"south": { "texture": "#piglet", "uv": [ 14.5, 1.0, 15.0, 3.0 ] },
										"west": { "texture": "#piglet", "uv": [ 13.5, 1.0, 14.5, 3.0 ] },
										"up": { "texture": "#piglet", "uv": [ 13.5, 0.0, 14.5, 0.5 ], "rotation": 90 },
										"down": { "texture": "#piglet", "uv": [ 13.5, 3.0, 14.5, 3.5 ], "rotation": 90, "enabled": false }
									}
								},
								{
									"name": "L ear",
									"from": [ 2.3, 0.2, 1.1 ], 
									"to": [ 2.8, 2.2, 2.1 ], 
									"uv": [ 13.0, 4.0 ],
									"rotationOrigin": [ 2.5, 0.2, 1.6 ],
									"rotationX": 28.0,
									"rotationY": -19.0,
									"rotationZ": -61.0,
									"faces": {
										"north": { "texture": "#piglet", "uv": [ 13.0, 5.0, 13.5, 7.0 ] },
										"east": { "texture": "#piglet", "uv": [ 15.0, 5.0, 16.0, 7.0 ] },
										"south": { "texture": "#piglet", "uv": [ 14.5, 5.0, 15.0, 7.0 ] },
										"west": { "texture": "#piglet", "uv": [ 13.5, 5.0, 14.5, 7.0 ] },
										"up": { "texture": "#piglet", "uv": [ 13.5, 4.0, 14.5, 4.5 ], "rotation": 90 },
										"down": { "texture": "#piglet", "uv": [ 13.5, 7.0, 14.5, 7.5 ], "rotation": 90, "enabled": false }
									}
								}
							]
						},
						{
							"name": "jaw",
							"from": [ -1.2, 0.4, 0.9 ], 
							"to": [ 0.8, 1.4, 1.9 ], 
							"uv": [ 7.0, 10.0 ],
							"rotationOrigin": [ 0.8, 0.9, 1.4 ],
							"rotationZ": 22.5,
							"faces": {
								"north": { "texture": "#piglet", "uv": [ 7.0, 11.0, 8.0, 13.0 ], "rotation": 270 },
								"east": { "texture": "#piglet", "uv": [ 8.0, 10.0, 9.0, 11.0 ], "rotation": 180 },
								"south": { "texture": "#piglet", "uv": [ 9.0, 11.0, 10.0, 13.0 ], "rotation": 90 },
								"west": { "texture": "#piglet", "uv": [ 8.0, 13.0, 9.0, 14.0 ] },
								"up": { "texture": "#piglet", "uv": [ 8.0, 11.0, 9.0, 13.0 ], "rotation": 90 },
								"down": { "texture": "#piglet", "uv": [ 10.0, 11.0, 11.0, 13.0 ], "rotation": 270 }
							}
						}
					]
				},
				{
					"name": "R front leg",
					"from": [ -0.3, -0.3, -0.2 ], 
					"to": [ 0.7, 1.7, 0.8 ], 
					"uv": [ 0.0, 23.0 ],
					"rotationOrigin": [ 0.2, 1.7, 0.3 ],
					"rotationX": -6.0,
					"rotationZ": 12.0,
					"faces": {
						"north": { "texture": "#piglet", "uv": [ 0.0, 24.0, 1.0, 26.0 ] },
						"east": { "texture": "#piglet", "uv": [ 3.0, 24.0, 4.0, 26.0 ] },
						"south": { "texture": "#piglet", "uv": [ 2.0, 24.0, 3.0, 26.0 ] },
						"west": { "texture": "#piglet", "uv": [ 1.0, 24.0, 2.0, 26.0 ] },
						"up": { "texture": "#piglet", "uv": [ 1.0, 23.0, 2.0, 24.0 ], "rotation": 90 },
						"down": { "texture": "#piglet", "uv": [ 1.0, 26.0, 2.0, 27.0 ], "rotation": 90 }
					},
					"children": [
						{
							"name": "R front feet",
							"from": [ 0.1, -1.4, 0.1 ], 
							"to": [ 1.1, 0.6, 1.1 ], 
							"uv": [ 0.0, 27.0 ],
							"rotationOrigin": [ 0.5, 0.7, 0.6 ],
							"rotationX": 6.0,
							"rotationZ": -14.0,
							"faces": {
								"north": { "texture": "#piglet", "uv": [ 0.0, 28.0, 1.0, 30.0 ] },
								"east": { "texture": "#piglet", "uv": [ 1.0, 28.0, 2.0, 30.0 ] },
								"south": { "texture": "#piglet", "uv": [ 2.0, 28.0, 3.0, 30.0 ] },
								"west": { "texture": "#piglet", "uv": [ 3.0, 28.0, 4.0, 30.0 ] },
								"up": { "texture": "#piglet", "uv": [ 0.0, 27.0, 1.0, 28.0 ], "rotation": 90 },
								"down": { "texture": "#piglet", "uv": [ 1.0, 27.0, 2.0, 28.0 ], "rotation": 90 }
							}
						}
					]
				},
				{
					"name": "L front leg",
					"from": [ -0.3, -0.3, 2.2 ], 
					"to": [ 0.7, 1.7, 3.2 ], 
					"uv": [ 4.0, 23.0 ],
					"rotationOrigin": [ 0.2, 1.7, 2.7 ],
					"rotationX": 6.0,
					"rotationZ": 12.0,
					"faces": {
						"north": { "texture": "#piglet", "uv": [ 4.0, 24.0, 5.0, 26.0 ] },
						"east": { "texture": "#piglet", "uv": [ 5.0, 24.0, 6.0, 26.0 ] },
						"south": { "texture": "#piglet", "uv": [ 6.0, 24.0, 7.0, 26.0 ] },
						"west": { "texture": "#piglet", "uv": [ 7.0, 24.0, 8.0, 26.0 ] },
						"up": { "texture": "#piglet", "uv": [ 4.0, 23.0, 5.0, 24.0 ], "rotation": 90 },
						"down": { "texture": "#piglet", "uv": [ 5.0, 23.0, 6.0, 24.0 ], "rotation": 90 }
					},
					"children": [
						{
							"name": "L front feet",
							"from": [ 0.1, -1.4, -0.1 ], 
							"to": [ 1.1, 0.6, 0.9 ], 
							"uv": [ 4.0, 27.0 ],
							"rotationOrigin": [ 0.5, 0.7, 0.4 ],
							"rotationX": -6.0,
							"rotationZ": -14.0,
							"faces": {
								"north": { "texture": "#piglet", "uv": [ 4.0, 28.0, 5.0, 30.0 ] },
								"east": { "texture": "#piglet", "uv": [ 5.0, 28.0, 6.0, 30.0 ] },
								"south": { "texture": "#piglet", "uv": [ 6.0, 28.0, 7.0, 30.0 ] },
								"west": { "texture": "#piglet", "uv": [ 7.0, 28.0, 8.0, 30.0 ] },
								"up": { "texture": "#piglet", "uv": [ 4.0, 27.0, 5.0, 28.0 ], "rotation": 90 },
								"down": { "texture": "#piglet", "uv": [ 5.0, 27.0, 6.0, 28.0 ], "rotation": 90 }
							}
						}
					]
				},
				{
					"name": "R back leg",
					"from": [ 3.5, -0.3, -0.2 ], 
					"to": [ 4.5, 1.7, 0.8 ], 
					"uv": [ 8.0, 23.0 ],
					"rotationOrigin": [ 4.0, 1.7, 0.3 ],
					"rotationX": -6.0,
					"rotationZ": 20.0,
					"faces": {
						"north": { "texture": "#piglet", "uv": [ 8.0, 24.0, 9.0, 26.0 ] },
						"east": { "texture": "#piglet", "uv": [ 11.0, 24.0, 12.0, 26.0 ] },
						"south": { "texture": "#piglet", "uv": [ 10.0, 24.0, 11.0, 26.0 ] },
						"west": { "texture": "#piglet", "uv": [ 9.0, 24.0, 10.0, 26.0 ] },
						"up": { "texture": "#piglet", "uv": [ 9.0, 23.0, 10.0, 24.0 ], "rotation": 90 },
						"down": { "texture": "#piglet", "uv": [ 9.0, 26.0, 10.0, 27.0 ], "rotation": 90 }
					},
					"children": [
						{
							"name": "R back feet",
							"from": [ 0.0, -1.5, 0.1 ], 
							"to": [ 1.0, 0.5, 1.1 ], 
							"uv": [ 8.0, 27.0 ],
							"rotationOrigin": [ 0.5, 0.5, 0.6 ],
							"rotationX": 6.0,
							"rotationZ": -20.0,
							"faces": {
								"north": { "texture": "#piglet", "uv": [ 8.0, 28.0, 9.0, 30.0 ] },
								"east": { "texture": "#piglet", "uv": [ 11.0, 28.0, 12.0, 30.0 ] },
								"south": { "texture": "#piglet", "uv": [ 10.0, 28.0, 11.0, 30.0 ] },
								"west": { "texture": "#piglet", "uv": [ 9.0, 28.0, 10.0, 30.0 ] },
								"up": { "texture": "#piglet", "uv": [ 9.0, 27.0, 10.0, 28.0 ], "rotation": 90 },
								"down": { "texture": "#piglet", "uv": [ 9.0, 30.0, 10.0, 31.0 ], "rotation": 90 }
							}
						}
					]
				},
				{
					"name": "L back leg",
					"from": [ 3.5, -0.3, 2.2 ], 
					"to": [ 4.5, 1.7, 3.2 ], 
					"uv": [ 12.0, 23.0 ],
					"rotationOrigin": [ 4.0, 1.7, 2.7 ],
					"rotationX": 6.0,
					"rotationZ": 20.0,
					"faces": {
						"north": { "texture": "#piglet", "uv": [ 12.0, 24.0, 13.0, 26.0 ] },
						"east": { "texture": "#piglet", "uv": [ 15.0, 24.0, 16.0, 26.0 ] },
						"south": { "texture": "#piglet", "uv": [ 14.0, 24.0, 15.0, 26.0 ] },
						"west": { "texture": "#piglet", "uv": [ 13.0, 24.0, 14.0, 26.0 ] },
						"up": { "texture": "#piglet", "uv": [ 13.0, 23.0, 14.0, 24.0 ], "rotation": 90 },
						"down": { "texture": "#piglet", "uv": [ 13.0, 26.0, 14.0, 27.0 ], "rotation": 90 }
					},
					"children": [
						{
							"name": "L back feet",
							"from": [ 0.0, -1.5, -0.1 ], 
							"to": [ 1.0, 0.5, 0.9 ], 
							"uv": [ 12.0, 27.0 ],
							"rotationOrigin": [ 0.5, 0.5, 0.4 ],
							"rotationX": -6.0,
							"rotationZ": -20.0,
							"faces": {
								"north": { "texture": "#piglet", "uv": [ 12.0, 28.0, 13.0, 30.0 ] },
								"east": { "texture": "#piglet", "uv": [ 15.0, 28.0, 16.0, 30.0 ] },
								"south": { "texture": "#piglet", "uv": [ 14.0, 28.0, 15.0, 30.0 ] },
								"west": { "texture": "#piglet", "uv": [ 13.0, 28.0, 14.0, 30.0 ] },
								"up": { "texture": "#piglet", "uv": [ 13.0, 27.0, 14.0, 28.0 ], "rotation": 90 },
								"down": { "texture": "#piglet", "uv": [ 13.0, 30.0, 14.0, 31.0 ], "rotation": 90 }
							}
						}
					]
				},
				{
					"name": "tail",
					"from": [ 3.7, 0.4, 1.0 ], 
					"to": [ 4.7, 2.4, 2.0 ], 
					"uv": [ 12.0, 10.0 ],
					"rotationOrigin": [ 4.2, 2.4, 1.5 ],
					"rotationZ": 64.0,
					"faces": {
						"north": { "texture": "#piglet", "uv": [ 14.0, 11.0, 15.0, 13.0 ] },
						"east": { "texture": "#piglet", "uv": [ 13.0, 11.0, 14.0, 13.0 ] },
						"south": { "texture": "#piglet", "uv": [ 12.0, 11.0, 13.0, 13.0 ] },
						"west": { "texture": "#piglet", "uv": [ 15.0, 11.0, 16.0, 13.0 ] },
						"up": { "texture": "#piglet", "uv": [ 13.0, 10.0, 14.0, 11.0 ], "rotation": 270, "enabled": false },
						"down": { "texture": "#piglet", "uv": [ 13.0, 13.0, 14.0, 14.0 ], "rotation": 270 }
					}
				}
			]
		}
	],
	"animations": [
		{
			"name": "Idle",
			"code": "idle",
			"quantityframes": 30,
			"onActivityStopped": "Rewind",
			"onAnimationEnd": "Repeat",
			"keyframes": [
				{
					"frame": 0,
					"elements": {
						"body": { "offsetX": 0.0, "offsetY": 0.0, "offsetZ": 0.0 },
						"head": {  },
						"nose": {  },
						"R ear": { "rotationX": 0.0, "rotationY": 0.0, "rotationZ": 0.0 },
						"L ear": { "rotationX": 0.0, "rotationY": 0.0, "rotationZ": 0.0 },
						"L front leg": { "rotationX": 0.0, "rotationY": 0.0, "rotationZ": 0.0 },
						"L front feet": { "offsetX": 0.0, "offsetY": 0.0, "offsetZ": 0.0 },
						"R front leg": { "rotationX": 0.0, "rotationY": 0.0, "rotationZ": 0.0 },
						"R front feet": { "offsetX": 0.0, "offsetY": 0.0, "offsetZ": 0.0 },
						"tail": { "rotationX": 0.0, "rotationY": 0.0, "rotationZ": 0.0 },
						"L back leg": {  },
						"L back feet": { "offsetX": 0.0, "offsetY": 0.0, "offsetZ": 0.0 },
						"R back leg": {  },
						"R back feet": { "offsetX": 0.0, "offsetY": 0.0, "offsetZ": 0.0 }
					}
				},
				{
					"frame": 15,
					"elements": {
						"body": { "offsetX": 0.0, "offsetY": -0.1, "offsetZ": 0.0 },
						"head": {  },
						"nose": {  },
						"R ear": { "rotationX": 0.0, "rotationY": 3.0, "rotationZ": 0.0 },
						"L ear": { "rotationX": 0.0, "rotationY": 3.0, "rotationZ": 0.0 },
						"L front leg": { "rotationX": 0.0, "rotationY": 0.0, "rotationZ": 1.0 },
						"L front feet": { "offsetX": 0.0, "offsetY": 0.1, "offsetZ": 0.0 },
						"R front leg": { "rotationX": 0.0, "rotationY": 0.0, "rotationZ": 1.0 },
						"R front feet": { "offsetX": 0.0, "offsetY": 0.1, "offsetZ": 0.0 },
						"tail": { "rotationX": 0.0, "rotationY": 0.0, "rotationZ": -2.0 },
						"L back leg": {  },
						"L back feet": { "offsetX": 0.0, "offsetY": 0.1, "offsetZ": 0.0 },
						"R back leg": {  },
						"R back feet": { "offsetX": 0.0, "offsetY": 0.1, "offsetZ": 0.0 }
					}
				}
			]
		},

		{
			"name": "Walk",
			"code": "walk",
			"quantityframes": 90,
			"onActivityStopped": "EaseOut",
			"onAnimationEnd": "Repeat",
			"keyframes": [
				{
					"frame": 0,
					"elements": {
						"body": { "offsetX": 0.0, "offsetY": 0.0, "offsetZ": 0.0, "rotationX": -1.0, "rotationY": 1.0, "rotationZ": 2.0 },
						"head": {  },
						"nose": {  },
						"R ear": { "offsetX": 0.0, "offsetY": 0.0, "offsetZ": 0.0, "rotationX": 0.0, "rotationY": 0.0, "rotationZ": 0.0 },
						"L ear": { "offsetX": 0.0, "offsetY": 0.0, "offsetZ": 0.0, "rotationX": 0.0, "rotationY": 0.0, "rotationZ": 0.0 },
						"L front leg": { "offsetX": 0.2, "offsetY": 0.5, "offsetZ": 0.0, "rotationX": -1.0, "rotationY": 0.0, "rotationZ": 14.0 },
						"L front feet": { "offsetX": 0.0, "offsetY": 0.0, "offsetZ": 0.0, "rotationX": 0.0, "rotationY": 0.0, "rotationZ": -22.5 },
						"R back leg": { "offsetX": 0.0, "offsetY": 0.5, "offsetZ": 0.0, "rotationX": 1.0, "rotationY": 0.0, "rotationZ": -22.5 },
						"R back feet": { "offsetX": 0.0, "offsetY": 0.0, "offsetZ": 0.0, "rotationX": 0.0, "rotationY": 0.0, "rotationZ": 0.0 },
						"L back leg": { "offsetX": 0.0, "offsetY": -0.4, "offsetZ": 0.0, "rotationX": -1.0, "rotationY": 0.0, "rotationZ": 6.0 },
						"L back feet": { "offsetX": 0.0, "offsetY": 0.0, "offsetZ": 0.0, "rotationX": 0.0, "rotationY": 0.0, "rotationZ": 0.0 },
						"tail": { "offsetX": 0.0, "offsetY": 0.0, "offsetZ": 0.0, "rotationX": 0.0, "rotationY": -4.0, "rotationZ": 0.0 }
					}
				},
				{
					"frame": 15,
					"elements": {
						"body": { "offsetX": 0.0, "offsetY": 0.0, "offsetZ": 0.0, "rotationX": 1.0, "rotationY": 1.0, "rotationZ": 4.0 },
						"head": {  },
						"nose": {  },
						"R ear": { "offsetX": 0.0, "offsetY": 0.0, "offsetZ": 0.0, "rotationX": 0.0, "rotationY": 0.0, "rotationZ": -5.0 },
						"L ear": { "offsetX": 0.0, "offsetY": 0.0, "offsetZ": 0.0, "rotationX": 0.0, "rotationY": 0.0, "rotationZ": 0.0 },
						"R front leg": { "offsetX": 0.0, "offsetY": -0.5, "offsetZ": 0.0, "rotationX": 0.0, "rotationY": 0.0, "rotationZ": 20.0 },
						"R front feet": { "offsetX": 0.0, "offsetY": 0.0, "offsetZ": 0.0, "rotationX": 0.0, "rotationY": 0.0, "rotationZ": -10.0 },
						"L front leg": { "offsetX": 1.0, "offsetY": 0.3, "offsetZ": 0.0, "rotationX": -1.0, "rotationY": 0.0, "rotationZ": -30.0 },
						"L front feet": { "offsetX": 0.0, "offsetY": 0.0, "offsetZ": 0.0, "rotationX": 0.0, "rotationY": 0.0, "rotationZ": 0.0 },
						"R back leg": { "offsetX": 0.0, "offsetY": 0.0, "offsetZ": 0.0, "rotationX": 1.0, "rotationY": 0.0, "rotationZ": -30.0 },
						"R back feet": { "offsetX": 0.0, "offsetY": 0.0, "offsetZ": 0.0, "rotationX": 0.0, "rotationY": 0.0, "rotationZ": 8.0 },
						"L back leg": { "offsetX": 0.0, "offsetY": -0.8, "offsetZ": 0.0, "rotationX": 1.0, "rotationY": 0.0, "rotationZ": 12.0 },
						"L back feet": { "offsetX": 0.0, "offsetY": 0.0, "offsetZ": 0.0, "rotationX": 0.0, "rotationY": 0.0, "rotationZ": 8.0 },
						"tail": { "offsetX": 0.0, "offsetY": 0.0, "offsetZ": 0.0, "rotationX": 0.0, "rotationY": 7.0, "rotationZ": 0.0 }
					}
				},
				{
					"frame": 30,
					"elements": {
						"body": { "offsetX": 0.0, "offsetY": 0.0, "offsetZ": 0.0, "rotationX": 0.0, "rotationY": 0.0, "rotationZ": 3.0 },
						"R front leg": { "offsetX": 0.2, "offsetY": 0.0, "offsetZ": 0.0, "rotationX": 0.0, "rotationY": 0.0, "rotationZ": 30.0 },
						"R front feet": { "offsetX": 0.0, "offsetY": -0.3, "offsetZ": 0.0, "rotationX": 0.0, "rotationY": 0.0, "rotationZ": -20.0 },
						"L front leg": { "offsetX": 1.0, "offsetY": -0.2, "offsetZ": 0.0, "rotationX": -1.0, "rotationY": 0.0, "rotationZ": 4.0 },
						"L front feet": { "offsetX": 0.0, "offsetY": 0.0, "offsetZ": 0.0, "rotationX": 0.0, "rotationY": 0.0, "rotationZ": -14.0 },
						"R back leg": { "offsetX": 0.0, "offsetY": 0.2, "offsetZ": 0.0, "rotationX": 1.0, "rotationY": 0.0, "rotationZ": -10.0 },
						"R back feet": { "offsetX": 0.0, "offsetY": 0.0, "offsetZ": 0.0, "rotationX": 0.0, "rotationY": 0.0, "rotationZ": 6.0 },
						"L back leg": { "offsetX": 0.0, "offsetY": 0.4, "offsetZ": 0.0, "rotationX": 1.0, "rotationY": 0.0, "rotationZ": 8.0 },
						"L back feet": { "offsetX": 0.0, "offsetY": 0.0, "offsetZ": 0.0, "rotationX": 0.0, "rotationY": 0.0, "rotationZ": 8.0 }
					}
				},
				{
					"frame": 45,
					"elements": {
						"body": { "offsetX": 0.0, "offsetY": 0.0, "offsetZ": 0.0, "rotationX": 1.0, "rotationY": -1.0, "rotationZ": 2.0 },
						"head": {  },
						"nose": {  },
						"R ear": { "offsetX": 0.0, "offsetY": 0.0, "offsetZ": 0.0, "rotationX": 0.0, "rotationY": 0.0, "rotationZ": 0.0 },
						"L ear": { "offsetX": 0.0, "offsetY": 0.0, "offsetZ": 0.0, "rotationX": 0.0, "rotationY": 0.0, "rotationZ": 0.0 },
						"R front leg": { "offsetX": 0.2, "offsetY": 0.2, "offsetZ": 0.0, "rotationX": 1.0, "rotationY": 0.0, "rotationZ": 14.0 },
						"R front feet": { "offsetX": 0.1, "offsetY": 0.0, "offsetZ": 0.0, "rotationX": 0.0, "rotationY": 0.0, "rotationZ": -22.5 },
						"R back leg": { "offsetX": 0.0, "offsetY": -0.4, "offsetZ": 0.0, "rotationX": 1.0, "rotationY": 0.0, "rotationZ": 6.0 },
						"R back feet": { "offsetX": 0.0, "offsetY": 0.0, "offsetZ": 0.0, "rotationX": 0.0, "rotationY": 0.0, "rotationZ": 0.0 },
						"L back leg": { "offsetX": 0.0, "offsetY": 0.5, "offsetZ": 0.0, "rotationX": -1.0, "rotationY": 0.0, "rotationZ": -22.5 },
						"L back feet": { "offsetX": 0.0, "offsetY": 0.0, "offsetZ": 0.0, "rotationX": 0.0, "rotationY": 0.0, "rotationZ": 0.0 },
						"tail": { "offsetX": 0.0, "offsetY": 0.0, "offsetZ": 0.0, "rotationX": 0.0, "rotationY": 4.0, "rotationZ": 0.0 }
					}
				},
				{
					"frame": 60,
					"elements": {
						"body": { "offsetX": 0.0, "offsetY": 0.0, "offsetZ": 0.0, "rotationX": -1.0, "rotationY": -1.0, "rotationZ": 4.0 },
						"head": {  },
						"nose": {  },
						"R ear": { "offsetX": 0.0, "offsetY": 0.0, "offsetZ": 0.0, "rotationX": 0.0, "rotationY": 0.0, "rotationZ": -5.0 },
						"L ear": { "offsetX": 0.0, "offsetY": 0.0, "offsetZ": 0.0, "rotationX": 0.0, "rotationY": 0.0, "rotationZ": -5.0 },
						"R front leg": { "offsetX": 1.0, "offsetY": 0.3, "offsetZ": 0.0, "rotationX": 1.0, "rotationY": 0.0, "rotationZ": -30.0 },
						"R front feet": { "offsetX": 0.0, "offsetY": 0.0, "offsetZ": 0.0, "rotationX": 0.0, "rotationY": 0.0, "rotationZ": 0.0 },
						"L front leg": { "offsetX": 0.0, "offsetY": -0.5, "offsetZ": 0.0, "rotationX": 0.0, "rotationY": 0.0, "rotationZ": 20.0 },
						"L front feet": { "offsetX": 0.0, "offsetY": 0.0, "offsetZ": 0.0, "rotationX": 0.0, "rotationY": 0.0, "rotationZ": -10.0 },
						"R back leg": { "offsetX": 0.0, "offsetY": -0.8, "offsetZ": 0.0, "rotationX": 1.0, "rotationY": 0.0, "rotationZ": 12.0 },
						"R back feet": { "offsetX": 0.0, "offsetY": 0.0, "offsetZ": 0.0, "rotationX": 0.0, "rotationY": 0.0, "rotationZ": 8.0 },
						"L back leg": { "offsetX": 0.0, "offsetY": 0.0, "offsetZ": 0.0, "rotationX": -1.0, "rotationY": 0.0, "rotationZ": -30.0 },
						"L back feet": { "offsetX": 0.0, "offsetY": 0.0, "offsetZ": 0.0, "rotationX": 0.0, "rotationY": 0.0, "rotationZ": 8.0 },
						"tail": { "offsetX": 0.0, "offsetY": 0.0, "offsetZ": 0.0, "rotationX": 0.0, "rotationY": -7.0, "rotationZ": 0.0 }
					}
				},
				{
					"frame": 75,
					"elements": {
						"body": { "offsetX": 0.0, "offsetY": 0.0, "offsetZ": 0.0, "rotationX": 0.0, "rotationY": 0.0, "rotationZ": 3.0 },
						"R front leg": { "offsetX": 1.0, "offsetY": -0.5, "offsetZ": 0.0, "rotationX": 1.0, "rotationY": 0.0, "rotationZ": 4.0 },
						"R front feet": { "offsetX": 0.0, "offsetY": 0.0, "offsetZ": 0.0, "rotationX": 0.0, "rotationY": 0.0, "rotationZ": -14.0 },
						"L front leg": { "offsetX": 0.2, "offsetY": 0.0, "offsetZ": 0.0, "rotationX": 0.0, "rotationY": 0.0, "rotationZ": 30.0 },
						"L front feet": { "offsetX": 0.1, "offsetY": -0.3, "offsetZ": 0.0, "rotationX": 0.0, "rotationY": 0.0, "rotationZ": -20.0 },
						"R back leg": { "offsetX": 0.0, "offsetY": 0.4, "offsetZ": 0.0, "rotationX": 1.0, "rotationY": 0.0, "rotationZ": 8.0 },
						"R back feet": { "offsetX": 0.0, "offsetY": 0.0, "offsetZ": 0.0, "rotationX": 0.0, "rotationY": 0.0, "rotationZ": 8.0 },
						"L back leg": { "offsetX": 0.0, "offsetY": 0.2, "offsetZ": 0.0, "rotationX": 1.0, "rotationY": 0.0, "rotationZ": -10.0 },
						"L back feet": { "offsetX": 0.0, "offsetY": 0.0, "offsetZ": 0.0, "rotationX": 0.0, "rotationY": 0.0, "rotationZ": 6.0 }
					}
				}
			]
		},

		{
			"name": "Run",
			"code": "run",
			"quantityframes": 60,
			"onActivityStopped": "EaseOut",
			"onAnimationEnd": "Repeat",
			"keyframes": [
				{
					"frame": 0,
					"elements": {
						"body": { "offsetX": 1.0, "offsetY": -1.0, "offsetZ": 0.0, "rotationX": 0.0, "rotationY": 0.0, "rotationZ": 8.0 },
						"head": {  },
						"nose": {  },
						"R ear": { "offsetX": 0.0, "offsetY": 0.0, "offsetZ": 0.0, "rotationX": 0.0, "rotationY": 0.0, "rotationZ": 0.0 },
						"L ear": { "offsetX": 0.0, "offsetY": 0.0, "offsetZ": 0.0, "rotationX": 0.0, "rotationY": 0.0, "rotationZ": 0.0 },
						"R front leg": { "offsetX": 0.5, "offsetY": 0.5, "offsetZ": 0.0, "rotationX": 0.0, "rotationY": 0.0, "rotationZ": 10.0 },
						"R front feet": { "offsetX": 0.0, "offsetY": 0.0, "offsetZ": 0.0, "rotationX": 2.0, "rotationY": 0.0, "rotationZ": -25.0 },
						"L front leg": { "offsetX": 0.5, "offsetY": 0.5, "offsetZ": 0.0, "rotationX": -2.0, "rotationY": 0.0, "rotationZ": 8.0 },
						"L front feet": { "offsetX": 0.0, "offsetY": 0.0, "offsetZ": 0.0, "rotationX": 0.0, "rotationY": 0.0, "rotationZ": -30.0 },
						"R back leg": { "offsetX": -0.2, "offsetY": 0.3, "offsetZ": 0.0, "rotationX": 0.0, "rotationY": 0.0, "rotationZ": -4.0 },
						"R back feet": { "offsetX": 0.0, "offsetY": 0.0, "offsetZ": 0.0, "rotationX": 0.0, "rotationY": 0.0, "rotationZ": -27.0 },
						"L back leg": { "offsetX": -0.2, "offsetY": 0.3, "offsetZ": 0.0, "rotationX": 0.0, "rotationY": 0.0, "rotationZ": 0.0 },
						"L back feet": { "offsetX": 0.0, "offsetY": 0.0, "offsetZ": 0.0, "rotationX": 0.0, "rotationY": 0.0, "rotationZ": -28.0 }
					}
				},
				{
					"frame": 15,
					"elements": {
						"body": { "offsetX": 0.0, "offsetY": 0.0, "offsetZ": 0.0, "rotationX": 0.0, "rotationY": 0.0, "rotationZ": -4.0 },
						"head": {  },
						"nose": {  },
						"R ear": { "offsetX": 0.0, "offsetY": 0.0, "offsetZ": 0.0, "rotationX": 0.0, "rotationY": 0.0, "rotationZ": -45.0 },
						"L ear": { "offsetX": 0.0, "offsetY": 0.0, "offsetZ": 0.0, "rotationX": 0.0, "rotationY": 0.0, "rotationZ": -45.0 },
						"R front leg": { "offsetX": 0.5, "offsetY": -0.5, "offsetZ": 0.0, "rotationX": 0.0, "rotationY": 0.0, "rotationZ": 25.0 },
						"R front feet": { "offsetX": 0.0, "offsetY": 0.0, "offsetZ": 0.0, "rotationX": 2.0, "rotationY": 0.0, "rotationZ": 0.0 },
						"L front leg": { "offsetX": 0.5, "offsetY": -0.5, "offsetZ": 0.0, "rotationX": -2.0, "rotationY": 0.0, "rotationZ": 30.0 },
						"L front feet": { "offsetX": 0.0, "offsetY": 0.0, "offsetZ": 0.0, "rotationX": 0.0, "rotationY": 0.0, "rotationZ": 0.0 },
						"R back leg": { "offsetX": -0.5, "offsetY": 0.2, "offsetZ": 0.0, "rotationX": 0.0, "rotationY": 0.0, "rotationZ": 22.0 },
						"R back feet": { "offsetX": 0.0, "offsetY": 0.0, "offsetZ": 0.0, "rotationX": 0.0, "rotationY": 0.0, "rotationZ": 2.0 },
						"L back leg": { "offsetX": 0.0, "offsetY": 0.2, "offsetZ": 0.0, "rotationX": 0.0, "rotationY": 0.0, "rotationZ": 22.0 },
						"L back feet": { "offsetX": 0.0, "offsetY": 0.0, "offsetZ": 0.0, "rotationX": 0.0, "rotationY": 0.0, "rotationZ": 0.0 },
						"tail": { "offsetX": 0.0, "offsetY": 0.0, "offsetZ": 0.0, "rotationX": 0.0, "rotationY": 0.0, "rotationZ": 0.0 }
					}
				},
				{
					"frame": 30,
					"elements": {
						"body": { "offsetX": 0.0, "offsetY": 0.0, "offsetZ": 0.0, "rotationX": 0.0, "rotationY": 0.0, "rotationZ": 2.0 },
						"R front leg": { "offsetX": 0.5, "offsetY": -0.5, "offsetZ": 0.0, "rotationX": 0.0, "rotationY": 0.0, "rotationZ": 15.0 },
						"R front feet": { "offsetX": 0.0, "offsetY": 0.0, "offsetZ": 0.0, "rotationX": 2.0, "rotationY": 0.0, "rotationZ": -50.0 },
						"L front leg": { "offsetX": 0.5, "offsetY": -0.5, "offsetZ": 0.0, "rotationX": -2.0, "rotationY": 0.0, "rotationZ": 30.0 },
						"L front feet": { "offsetX": 0.0, "offsetY": 0.0, "offsetZ": 0.0, "rotationX": 0.0, "rotationY": 0.0, "rotationZ": -45.0 },
						"R back leg": { "offsetX": 0.0, "offsetY": 0.5, "offsetZ": 0.0, "rotationX": 0.0, "rotationY": 0.0, "rotationZ": 0.0 },
						"R back feet": { "offsetX": 0.0, "offsetY": 0.0, "offsetZ": 0.0, "rotationX": 0.0, "rotationY": 0.0, "rotationZ": -35.0 },
						"L back leg": { "offsetX": 0.0, "offsetY": 0.5, "offsetZ": 0.0, "rotationX": 0.0, "rotationY": 0.0, "rotationZ": -5.0 },
						"L back feet": { "offsetX": 0.0, "offsetY": 0.0, "offsetZ": 0.0, "rotationX": 0.0, "rotationY": 0.0, "rotationZ": -25.0 },
						"tail": { "offsetX": 0.0, "offsetY": 0.0, "offsetZ": 0.0, "rotationX": 0.0, "rotationY": 0.0, "rotationZ": 15.0 }
					}
				},
				{
					"frame": 45,
					"elements": {
						"body": { "offsetX": -1.0, "offsetY": -1.0, "offsetZ": 0.0, "rotationX": 0.0, "rotationY": 0.0, "rotationZ": 8.0 },
						"R back leg": { "offsetX": 0.0, "offsetY": 0.5, "offsetZ": 0.0, "rotationX": 0.0, "rotationY": 0.0, "rotationZ": -5.0 },
						"R back feet": { "offsetX": 0.0, "offsetY": 0.0, "offsetZ": 0.0, "rotationX": 0.0, "rotationY": 0.0, "rotationZ": -35.0 }
					}
				}
			]
		},

		{
			"name": "Die",
			"code": "die",
			"quantityframes": 40,
			"onActivityStopped": "Stop",
			"onAnimationEnd": "Hold",
			"keyframes": [
				{
					"frame": 0,
					"elements": {
						"body": { "offsetX": 0.0, "offsetY": 0.0, "offsetZ": 0.0, "rotationX": 0.0, "rotationY": 0.0, "rotationZ": 0.0 },
						"head": {  },
						"jaw": { "offsetX": 0.0, "offsetY": 0.0, "offsetZ": 0.0, "rotationX": 0.0, "rotationY": 0.0, "rotationZ": 0.0 },
						"R front leg": { "offsetX": 0.0, "offsetY": 0.0, "offsetZ": 0.0, "rotationX": 0.0, "rotationY": 0.0, "rotationZ": 0.0 },
						"R front feet": { "offsetX": 0.0, "offsetY": 0.0, "offsetZ": 0.0, "rotationX": 0.0, "rotationY": 0.0, "rotationZ": 0.0 },
						"L front leg": { "offsetX": 0.0, "offsetY": 0.0, "offsetZ": 0.0, "rotationX": 0.0, "rotationY": 0.0, "rotationZ": 0.0 },
						"L front feet": { "offsetX": 0.0, "offsetY": 0.0, "offsetZ": 0.0, "rotationX": 0.0, "rotationY": 0.0, "rotationZ": 0.0 },
						"R back leg": { "offsetX": 0.0, "offsetY": 0.0, "offsetZ": 0.0, "rotationX": 0.0, "rotationY": 0.0, "rotationZ": 0.0 },
						"R back feet": { "offsetX": 0.0, "offsetY": 0.0, "offsetZ": 0.0, "rotationX": 0.0, "rotationY": 0.0, "rotationZ": 0.0 },
						"L back leg": { "offsetX": 0.0, "offsetY": 0.0, "offsetZ": 0.0, "rotationX": 0.0, "rotationY": 0.0, "rotationZ": 0.0 },
						"L back feet": { "offsetX": 0.0, "offsetY": 0.0, "offsetZ": 0.0, "rotationX": 0.0, "rotationY": 0.0, "rotationZ": 0.0 },
						"tail": { "offsetX": 0.0, "offsetY": 0.0, "offsetZ": 0.0, "rotationX": 0.0, "rotationY": 0.0, "rotationZ": 0.0 }
					}
				},
				{
					"frame": 5,
					"elements": {
						"body": { "offsetX": 0.0, "offsetY": 1.0, "offsetZ": 0.0 }
					}
				},
				{
					"frame": 20,
					"elements": {
						"body": { "offsetX": 0.0, "offsetY": -1.5, "offsetZ": 0.0, "rotationX": 0.0, "rotationY": 0.0, "rotationZ": 7.0 },
						"head": {  },
						"jaw": { "offsetX": 0.0, "offsetY": 0.0, "offsetZ": 0.0, "rotationX": 0.0, "rotationY": 0.0, "rotationZ": 20.0 },
						"R front leg": { "offsetX": 0.0, "offsetY": 0.0, "offsetZ": 0.0, "rotationX": 10.0, "rotationY": -10.0, "rotationZ": -45.0 },
						"R front feet": { "offsetX": 0.0, "offsetY": 0.0, "offsetZ": 0.0, "rotationX": 0.0, "rotationY": 0.0, "rotationZ": -30.0 },
						"L front leg": { "offsetX": 0.0, "offsetY": 1.0, "offsetZ": 0.0, "rotationX": 0.0, "rotationY": 22.5, "rotationZ": -45.0 },
						"L front feet": { "offsetX": 0.0, "offsetY": 0.0, "offsetZ": 0.0, "rotationX": 0.0, "rotationY": 0.0, "rotationZ": -20.0 },
						"R back leg": { "offsetX": -1.0, "offsetY": 0.0, "offsetZ": 0.0, "rotationX": 40.0, "rotationY": 0.0, "rotationZ": 30.0 },
						"R back feet": { "offsetX": 0.0, "offsetY": 0.0, "offsetZ": 0.0, "rotationX": 0.0, "rotationY": -15.0, "rotationZ": 10.0 },
						"L back leg": { "offsetX": -1.0, "offsetY": 0.0, "offsetZ": 0.0, "rotationX": -25.0, "rotationY": -15.0, "rotationZ": 30.0 },
						"L back feet": { "offsetX": 0.0, "offsetY": 0.0, "offsetZ": 0.0, "rotationX": 0.0, "rotationY": 20.0, "rotationZ": 10.0 },
						"tail": { "offsetX": 0.0, "offsetY": 0.0, "offsetZ": 0.0, "rotationX": 0.0, "rotationY": 0.0, "rotationZ": 0.0 }
					}
				},
				{
					"frame": 39,
					"elements": {
						"body": { "offsetX": 0.0, "offsetY": -1.5, "offsetZ": 0.0, "rotationX": 0.0, "rotationY": 0.0, "rotationZ": 7.0 },
						"head": {  },
						"jaw": { "offsetX": 0.0, "offsetY": 0.0, "offsetZ": 0.0, "rotationX": 0.0, "rotationY": 0.0, "rotationZ": 20.0 },
						"R front leg": { "offsetX": 0.0, "offsetY": 0.0, "offsetZ": 0.0, "rotationX": 10.0, "rotationY": -10.0, "rotationZ": -45.0 },
						"R front feet": { "offsetX": 0.0, "offsetY": 0.0, "offsetZ": 0.0, "rotationX": 0.0, "rotationY": 0.0, "rotationZ": -30.0 },
						"L front leg": { "offsetX": 0.0, "offsetY": 1.0, "offsetZ": 0.0, "rotationX": 0.0, "rotationY": 22.5, "rotationZ": -45.0 },
						"L front feet": { "offsetX": 0.0, "offsetY": 0.0, "offsetZ": 0.0, "rotationX": 0.0, "rotationY": 0.0, "rotationZ": -20.0 },
						"R back leg": { "offsetX": -1.0, "offsetY": 0.0, "offsetZ": 0.0, "rotationX": 40.0, "rotationY": 0.0, "rotationZ": 30.0 },
						"R back feet": { "offsetX": 0.0, "offsetY": 0.0, "offsetZ": 0.0, "rotationX": 0.0, "rotationY": -15.0, "rotationZ": 10.0 },
						"L back leg": { "offsetX": -1.0, "offsetY": 0.0, "offsetZ": 0.0, "rotationX": -25.0, "rotationY": -15.0, "rotationZ": 30.0 },
						"L back feet": { "offsetX": 0.0, "offsetY": 0.0, "offsetZ": 0.0, "rotationX": 0.0, "rotationY": 20.0, "rotationZ": 10.0 },
						"tail": { "offsetX": 0.0, "offsetY": 0.0, "offsetZ": 0.0, "rotationX": 0.0, "rotationY": 0.0, "rotationZ": 0.0 }
					}
				}
			]
		},

		{
			"name": "Sit",
			"code": "sit",
			"quantityframes": 125,
			"onActivityStopped": "Stop",
			"onAnimationEnd": "Stop",
			"keyframes": [
				{
					"frame": 0,
					"elements": {
						"body": { "offsetX": 0.0, "offsetY": 0.0, "offsetZ": 0.0, "rotationX": 0.0, "rotationY": 0.0, "rotationZ": 0.0 },
						"head": { "offsetX": 0.0, "offsetY": 0.0, "offsetZ": 0.0, "rotationX": 0.0, "rotationY": 0.0, "rotationZ": 0.0 },
						"nose": {  },
						"R ear": { "rotationX": 0.0, "rotationY": 0.0, "rotationZ": 0.0 },
						"L ear": { "rotationX": 0.0, "rotationY": 0.0, "rotationZ": 0.0 },
						"R front leg": { "offsetX": 0.0, "offsetY": 0.0, "offsetZ": 0.0, "rotationX": 0.0, "rotationY": 0.0, "rotationZ": 0.0 },
						"R front feet": { "offsetX": 0.0, "offsetY": 0.0, "offsetZ": 0.0, "rotationX": 0.0, "rotationY": 0.0, "rotationZ": 0.0 },
						"L front leg": { "offsetX": 0.0, "offsetY": 0.0, "offsetZ": 0.0, "rotationX": 0.0, "rotationY": 0.0, "rotationZ": 0.0 },
						"L front feet": { "offsetX": 0.0, "offsetY": 0.0, "offsetZ": 0.0, "rotationX": 0.0, "rotationY": 0.0, "rotationZ": 0.0 },
						"R back leg": { "offsetX": 0.0, "offsetY": 0.0, "offsetZ": 0.0, "rotationX": 0.0, "rotationY": 0.0, "rotationZ": 0.0 },
						"R back feet": { "offsetX": 0.0, "offsetY": 0.0, "offsetZ": 0.0, "rotationX": 0.0, "rotationY": 0.0, "rotationZ": 0.0 },
						"L back leg": { "offsetX": 0.0, "offsetY": 0.0, "offsetZ": 0.0, "rotationX": 0.0, "rotationY": 0.0, "rotationZ": 0.0 },
						"L back feet": { "offsetX": 0.0, "offsetY": 0.0, "offsetZ": 0.0, "rotationX": 0.0, "rotationY": 0.0, "rotationZ": 0.0 },
						"tail": { "rotationX": 0.0, "rotationY": 0.0, "rotationZ": 0.0 }
					}
				},
				{
					"frame": 20,
					"elements": {
						"body": { "offsetX": 2.6, "offsetY": 1.9, "offsetZ": 0.0, "rotationX": 0.0, "rotationY": 0.0, "rotationZ": -50.0 },
						"head": { "offsetX": 0.0, "offsetY": 0.0, "offsetZ": 0.0, "rotationX": 0.0, "rotationY": 0.0, "rotationZ": 44.0 },
						"nose": {  },
						"R ear": { "rotationX": 0.0, "rotationY": 0.0, "rotationZ": 13.0 },
						"L ear": { "rotationX": 0.0, "rotationY": 0.0, "rotationZ": 13.0 },
						"R front leg": { "offsetX": 0.2, "offsetY": -1.2, "offsetZ": 0.0, "rotationX": 3.0, "rotationY": -6.0, "rotationZ": 19.0 },
						"R front feet": { "offsetX": 0.0, "offsetY": 0.0, "offsetZ": 0.0, "rotationX": 0.0, "rotationY": 0.0, "rotationZ": 8.0 },
						"L front leg": { "offsetX": 0.0, "offsetY": -1.2, "offsetZ": 0.0, "rotationX": -3.0, "rotationY": 6.0, "rotationZ": 25.0 },
						"L front feet": { "offsetX": 0.0, "offsetY": 0.0, "offsetZ": 0.0, "rotationX": 0.0, "rotationY": 0.0, "rotationZ": 5.0 },
						"R back leg": { "offsetX": -0.5, "offsetY": 0.5, "offsetZ": 0.0, "rotationX": 9.0, "rotationY": -6.0, "rotationZ": 0.0 },
						"R back feet": { "offsetX": 0.0, "offsetY": 0.0, "offsetZ": 0.0, "rotationX": 0.0, "rotationY": 0.0, "rotationZ": -22.0 },
						"L back leg": { "offsetX": -0.5, "offsetY": 0.5, "offsetZ": 0.0, "rotationX": -7.0, "rotationY": 6.0, "rotationZ": 8.0 },
						"L back feet": { "offsetX": 0.0, "offsetY": 0.0, "offsetZ": 0.0, "rotationX": 0.0, "rotationY": 0.0, "rotationZ": -30.0 },
						"tail": { "rotationX": 0.0, "rotationY": 0.0, "rotationZ": -20.0 }
					}
				},
				{
					"frame": 24,
					"elements": {
						"body": { "offsetX": 2.6, "offsetY": 2.1, "offsetZ": 0.0, "rotationX": 0.0, "rotationY": 0.0, "rotationZ": -50.0 },
						"head": { "offsetX": 0.0, "offsetY": 0.0, "offsetZ": 0.0, "rotationX": 0.0, "rotationY": 0.0, "rotationZ": 44.0 },
						"nose": {  },
						"R ear": { "rotationX": 0.0, "rotationY": 0.0, "rotationZ": 16.0 },
						"L ear": { "rotationX": 0.0, "rotationY": 0.0, "rotationZ": 16.0 },
						"R front leg": { "offsetX": 0.2, "offsetY": -1.2, "offsetZ": 0.0, "rotationX": 3.0, "rotationY": -6.0, "rotationZ": 19.0 },
						"R front feet": { "offsetX": 0.0, "offsetY": 0.0, "offsetZ": 0.0, "rotationX": 0.0, "rotationY": 0.0, "rotationZ": 8.0 },
						"L front leg": { "offsetX": 0.0, "offsetY": -1.2, "offsetZ": 0.0, "rotationX": -3.0, "rotationY": 6.0, "rotationZ": 25.0 },
						"L front feet": { "offsetX": 0.0, "offsetY": 0.0, "offsetZ": 0.0, "rotationX": 0.0, "rotationY": 0.0, "rotationZ": 5.0 },
						"R back leg": { "offsetX": -0.5, "offsetY": 0.5, "offsetZ": 0.0, "rotationX": 9.0, "rotationY": -6.0, "rotationZ": 0.0 },
						"R back feet": { "offsetX": 0.0, "offsetY": 0.0, "offsetZ": 0.0, "rotationX": 0.0, "rotationY": 0.0, "rotationZ": -22.0 },
						"L back leg": { "offsetX": -0.5, "offsetY": 0.5, "offsetZ": 0.0, "rotationX": -7.0, "rotationY": 6.0, "rotationZ": 8.0 },
						"L back feet": { "offsetX": 0.0, "offsetY": 0.0, "offsetZ": 0.0, "rotationX": 0.0, "rotationY": 0.0, "rotationZ": -30.0 },
						"tail": { "rotationX": 0.0, "rotationY": 0.0, "rotationZ": -20.0 }
					}
				},
				{
					"frame": 30,
					"elements": {
						"body": { "offsetX": 2.6, "offsetY": 2.1, "offsetZ": 0.0, "rotationX": 0.0, "rotationY": 0.0, "rotationZ": -50.0 },
						"head": { "offsetX": 0.0, "offsetY": 0.0, "offsetZ": 0.0, "rotationX": 0.0, "rotationY": 0.0, "rotationZ": 44.0 },
						"nose": {  },
						"R ear": { "rotationX": 0.0, "rotationY": 0.0, "rotationZ": 13.0 },
						"L ear": { "rotationX": 0.0, "rotationY": 0.0, "rotationZ": 13.0 },
						"R front leg": { "offsetX": 0.2, "offsetY": -1.2, "offsetZ": 0.0, "rotationX": 3.0, "rotationY": -6.0, "rotationZ": 19.0 },
						"R front feet": { "offsetX": 0.0, "offsetY": 0.0, "offsetZ": 0.0, "rotationX": 0.0, "rotationY": 0.0, "rotationZ": 8.0 },
						"L front leg": { "offsetX": 0.0, "offsetY": -1.2, "offsetZ": 0.0, "rotationX": -3.0, "rotationY": 6.0, "rotationZ": 25.0 },
						"L front feet": { "offsetX": 0.0, "offsetY": 0.0, "offsetZ": 0.0, "rotationX": 0.0, "rotationY": 0.0, "rotationZ": 5.0 },
						"R back leg": { "offsetX": -0.5, "offsetY": 0.5, "offsetZ": 0.0, "rotationX": 9.0, "rotationY": -6.0, "rotationZ": 0.0 },
						"R back feet": { "offsetX": 0.0, "offsetY": 0.0, "offsetZ": 0.0, "rotationX": 0.0, "rotationY": 0.0, "rotationZ": -22.0 },
						"L back leg": { "offsetX": -0.5, "offsetY": 0.5, "offsetZ": 0.0, "rotationX": -7.0, "rotationY": 6.0, "rotationZ": 8.0 },
						"L back feet": { "offsetX": 0.0, "offsetY": 0.0, "offsetZ": 0.0, "rotationX": 0.0, "rotationY": 0.0, "rotationZ": -30.0 },
						"tail": { "rotationX": 0.0, "rotationY": 0.0, "rotationZ": -20.0 }
					}
				},
				{
					"frame": 45,
					"elements": {
						"body": { "offsetX": 2.6, "offsetY": 2.1, "offsetZ": 0.0, "rotationX": -2.0, "rotationY": 2.0, "rotationZ": -50.0 },
						"head": { "offsetX": 0.0, "offsetY": 0.0, "offsetZ": 0.0, "rotationX": -25.0, "rotationY": 15.0, "rotationZ": 44.0 },
						"nose": {  },
						"R ear": { "rotationX": 0.0, "rotationY": 0.0, "rotationZ": -16.0 },
						"L ear": { "rotationX": 0.0, "rotationY": 0.0, "rotationZ": -16.0 },
						"R front leg": { "offsetX": 0.2, "offsetY": -1.2, "offsetZ": 0.0, "rotationX": 3.0, "rotationY": -6.0, "rotationZ": 19.0 },
						"R front feet": { "offsetX": 0.0, "offsetY": 0.0, "offsetZ": 0.0, "rotationX": 0.0, "rotationY": 0.0, "rotationZ": 8.0 },
						"L front leg": { "offsetX": 0.0, "offsetY": -1.2, "offsetZ": 0.0, "rotationX": -3.0, "rotationY": 6.0, "rotationZ": 25.0 },
						"L front feet": { "offsetX": 0.0, "offsetY": 0.0, "offsetZ": 0.0, "rotationX": 0.0, "rotationY": 0.0, "rotationZ": 5.0 },
						"R back leg": { "offsetX": -0.5, "offsetY": 0.5, "offsetZ": 0.0, "rotationX": 9.0, "rotationY": -6.0, "rotationZ": 0.0 },
						"R back feet": { "offsetX": 0.0, "offsetY": 0.0, "offsetZ": 0.0, "rotationX": 0.0, "rotationY": 0.0, "rotationZ": -22.0 },
						"L back leg": { "offsetX": -0.5, "offsetY": 0.5, "offsetZ": 0.0, "rotationX": -7.0, "rotationY": 6.0, "rotationZ": 8.0 },
						"L back feet": { "offsetX": 0.0, "offsetY": 0.0, "offsetZ": 0.0, "rotationX": 0.0, "rotationY": 0.0, "rotationZ": -30.0 },
						"tail": { "rotationX": 0.0, "rotationY": 0.0, "rotationZ": -20.0 }
					}
				},
				{
					"frame": 55,
					"elements": {
						"body": { "offsetX": 2.6, "offsetY": 2.1, "offsetZ": 0.0, "rotationX": -2.0, "rotationY": 2.0, "rotationZ": -50.0 },
						"head": { "offsetX": 0.0, "offsetY": 0.0, "offsetZ": 0.0, "rotationX": -25.0, "rotationY": 15.0, "rotationZ": 44.0 },
						"nose": {  },
						"R ear": { "rotationX": 0.0, "rotationY": 0.0, "rotationZ": -16.0 },
						"L ear": { "rotationX": 0.0, "rotationY": 0.0, "rotationZ": -16.0 },
						"R front leg": { "offsetX": 0.2, "offsetY": -1.2, "offsetZ": 0.0, "rotationX": 3.0, "rotationY": -6.0, "rotationZ": 19.0 },
						"R front feet": { "offsetX": 0.0, "offsetY": 0.0, "offsetZ": 0.0, "rotationX": 0.0, "rotationY": 0.0, "rotationZ": 8.0 },
						"L front leg": { "offsetX": 0.0, "offsetY": -1.2, "offsetZ": 0.0, "rotationX": -3.0, "rotationY": 6.0, "rotationZ": 25.0 },
						"L front feet": { "offsetX": 0.0, "offsetY": 0.0, "offsetZ": 0.0, "rotationX": 0.0, "rotationY": 0.0, "rotationZ": 5.0 },
						"R back leg": { "offsetX": -0.5, "offsetY": 0.5, "offsetZ": 0.0, "rotationX": 9.0, "rotationY": -6.0, "rotationZ": 0.0 },
						"R back feet": { "offsetX": 0.0, "offsetY": 0.0, "offsetZ": 0.0, "rotationX": 0.0, "rotationY": 0.0, "rotationZ": -22.0 },
						"L back leg": { "offsetX": -0.5, "offsetY": 0.5, "offsetZ": 0.0, "rotationX": -7.0, "rotationY": 6.0, "rotationZ": 8.0 },
						"L back feet": { "offsetX": 0.0, "offsetY": 0.0, "offsetZ": 0.0, "rotationX": 0.0, "rotationY": 0.0, "rotationZ": -30.0 },
						"tail": { "rotationX": 0.0, "rotationY": 0.0, "rotationZ": -20.0 }
					}
				},
				{
					"frame": 70,
					"elements": {
						"body": { "offsetX": 2.6, "offsetY": 2.1, "offsetZ": 0.0, "rotationX": -2.0, "rotationY": 2.0, "rotationZ": -50.0 },
						"head": { "offsetX": 0.0, "offsetY": 0.0, "offsetZ": 0.0, "rotationX": 25.0, "rotationY": -15.0, "rotationZ": 44.0 },
						"nose": {  },
						"R ear": { "rotationX": 0.0, "rotationY": 0.0, "rotationZ": -16.0 },
						"L ear": { "rotationX": 0.0, "rotationY": 0.0, "rotationZ": -16.0 },
						"R front leg": { "offsetX": 0.2, "offsetY": -1.2, "offsetZ": 0.0, "rotationX": 3.0, "rotationY": -6.0, "rotationZ": 19.0 },
						"R front feet": { "offsetX": 0.0, "offsetY": 0.0, "offsetZ": 0.0, "rotationX": 0.0, "rotationY": 0.0, "rotationZ": 8.0 },
						"L front leg": { "offsetX": 0.0, "offsetY": -1.2, "offsetZ": 0.0, "rotationX": -3.0, "rotationY": 6.0, "rotationZ": 25.0 },
						"L front feet": { "offsetX": 0.0, "offsetY": 0.0, "offsetZ": 0.0, "rotationX": 0.0, "rotationY": 0.0, "rotationZ": 5.0 },
						"R back leg": { "offsetX": -0.5, "offsetY": 0.5, "offsetZ": 0.0, "rotationX": 9.0, "rotationY": -6.0, "rotationZ": 0.0 },
						"R back feet": { "offsetX": 0.0, "offsetY": 0.0, "offsetZ": 0.0, "rotationX": 0.0, "rotationY": 0.0, "rotationZ": -22.0 },
						"L back leg": { "offsetX": -0.5, "offsetY": 0.5, "offsetZ": 0.0, "rotationX": -7.0, "rotationY": 6.0, "rotationZ": 8.0 },
						"L back feet": { "offsetX": 0.0, "offsetY": 0.0, "offsetZ": 0.0, "rotationX": 0.0, "rotationY": 0.0, "rotationZ": -30.0 },
						"tail": { "rotationX": 0.0, "rotationY": 0.0, "rotationZ": -20.0 }
					}
				},
				{
					"frame": 80,
					"elements": {
						"body": { "offsetX": 2.6, "offsetY": 2.1, "offsetZ": 0.0, "rotationX": -2.0, "rotationY": 2.0, "rotationZ": -50.0 },
						"head": { "offsetX": 0.0, "offsetY": 0.0, "offsetZ": 0.0, "rotationX": 25.0, "rotationY": -15.0, "rotationZ": 44.0 },
						"nose": {  },
						"R ear": { "rotationX": 0.0, "rotationY": 0.0, "rotationZ": -16.0 },
						"L ear": { "rotationX": 0.0, "rotationY": 0.0, "rotationZ": -16.0 },
						"R front leg": { "offsetX": 0.2, "offsetY": -1.2, "offsetZ": 0.0, "rotationX": 3.0, "rotationY": -6.0, "rotationZ": 19.0 },
						"R front feet": { "offsetX": 0.0, "offsetY": 0.0, "offsetZ": 0.0, "rotationX": 0.0, "rotationY": 0.0, "rotationZ": 8.0 },
						"L front leg": { "offsetX": 0.0, "offsetY": -1.2, "offsetZ": 0.0, "rotationX": -3.0, "rotationY": 6.0, "rotationZ": 25.0 },
						"L front feet": { "offsetX": 0.0, "offsetY": 0.0, "offsetZ": 0.0, "rotationX": 0.0, "rotationY": 0.0, "rotationZ": 5.0 },
						"R back leg": { "offsetX": -0.5, "offsetY": 0.5, "offsetZ": 0.0, "rotationX": 9.0, "rotationY": -6.0, "rotationZ": 0.0 },
						"R back feet": { "offsetX": 0.0, "offsetY": 0.0, "offsetZ": 0.0, "rotationX": 0.0, "rotationY": 0.0, "rotationZ": -22.0 },
						"L back leg": { "offsetX": -0.5, "offsetY": 0.5, "offsetZ": 0.0, "rotationX": -7.0, "rotationY": 6.0, "rotationZ": 8.0 },
						"L back feet": { "offsetX": 0.0, "offsetY": 0.0, "offsetZ": 0.0, "rotationX": 0.0, "rotationY": 0.0, "rotationZ": -30.0 },
						"tail": { "rotationX": 0.0, "rotationY": 0.0, "rotationZ": -20.0 }
					}
				},
				{
					"frame": 90,
					"elements": {
						"body": { "offsetX": 2.6, "offsetY": 2.1, "offsetZ": 0.0, "rotationX": -2.0, "rotationY": 2.0, "rotationZ": -50.0 },
						"head": { "offsetX": 0.0, "offsetY": 0.0, "offsetZ": 0.0, "rotationX": 25.0, "rotationY": -15.0, "rotationZ": 44.0 },
						"nose": {  },
						"R ear": { "rotationX": 0.0, "rotationY": 0.0, "rotationZ": -16.0 },
						"L ear": { "rotationX": 0.0, "rotationY": 0.0, "rotationZ": -16.0 },
						"R front leg": { "offsetX": 0.2, "offsetY": -1.2, "offsetZ": 0.0, "rotationX": 3.0, "rotationY": -6.0, "rotationZ": 19.0 },
						"R front feet": { "offsetX": 0.0, "offsetY": 0.0, "offsetZ": 0.0, "rotationX": 0.0, "rotationY": 0.0, "rotationZ": 8.0 },
						"L front leg": { "offsetX": 0.0, "offsetY": -1.2, "offsetZ": 0.0, "rotationX": -3.0, "rotationY": 6.0, "rotationZ": 25.0 },
						"L front feet": { "offsetX": 0.0, "offsetY": 0.0, "offsetZ": 0.0, "rotationX": 0.0, "rotationY": 0.0, "rotationZ": 5.0 },
						"R back leg": { "offsetX": -0.5, "offsetY": 0.5, "offsetZ": 0.0, "rotationX": 9.0, "rotationY": -6.0, "rotationZ": 0.0 },
						"R back feet": { "offsetX": 0.0, "offsetY": 0.0, "offsetZ": 0.0, "rotationX": 0.0, "rotationY": 0.0, "rotationZ": -22.0 },
						"L back leg": { "offsetX": -0.5, "offsetY": 0.5, "offsetZ": 0.0, "rotationX": -7.0, "rotationY": 6.0, "rotationZ": 8.0 },
						"L back feet": { "offsetX": 0.0, "offsetY": 0.0, "offsetZ": 0.0, "rotationX": 0.0, "rotationY": 0.0, "rotationZ": -30.0 },
						"tail": { "rotationX": 0.0, "rotationY": 0.0, "rotationZ": -20.0 }
					}
				},
				{
					"frame": 105,
					"elements": {
						"body": { "offsetX": 2.0, "offsetY": 0.0, "offsetZ": 0.0, "rotationX": 0.0, "rotationY": 0.0, "rotationZ": -25.0 },
						"head": { "offsetX": 0.0, "offsetY": 0.0, "offsetZ": 0.0, "rotationX": 0.0, "rotationY": 0.0, "rotationZ": 44.0 },
						"nose": {  },
						"R ear": { "rotationX": 0.0, "rotationY": 0.0, "rotationZ": 0.0 },
						"L ear": { "rotationX": 0.0, "rotationY": 0.0, "rotationZ": 0.0 },
						"R front leg": { "offsetX": 0.2, "offsetY": -0.2, "offsetZ": 0.0, "rotationX": 3.0, "rotationY": -6.0, "rotationZ": 19.0 },
						"R front feet": { "offsetX": 0.0, "offsetY": 0.0, "offsetZ": 0.0, "rotationX": 0.0, "rotationY": 0.0, "rotationZ": 8.0 },
						"L front leg": { "offsetX": 0.0, "offsetY": -0.2, "offsetZ": 0.0, "rotationX": -3.0, "rotationY": 6.0, "rotationZ": 25.0 },
						"L front feet": { "offsetX": 0.0, "offsetY": 0.0, "offsetZ": 0.0, "rotationX": 0.0, "rotationY": 0.0, "rotationZ": 5.0 },
						"R back leg": { "offsetX": -0.5, "offsetY": 0.5, "offsetZ": 0.0, "rotationX": 9.0, "rotationY": -6.0, "rotationZ": -15.0 },
						"R back feet": { "offsetX": 0.0, "offsetY": 0.0, "offsetZ": 0.0, "rotationX": 0.0, "rotationY": 0.0, "rotationZ": -22.0 },
						"L back leg": { "offsetX": -0.5, "offsetY": 0.5, "offsetZ": 0.0, "rotationX": -7.0, "rotationY": 6.0, "rotationZ": -10.0 },
						"L back feet": { "offsetX": 0.0, "offsetY": 0.0, "offsetZ": 0.0, "rotationX": 0.0, "rotationY": 0.0, "rotationZ": -30.0 },
						"tail": { "rotationX": 0.0, "rotationY": 0.0, "rotationZ": -20.0 }
					}
				}
			]
		},

		{
			"name": "Hurt",
			"code": "hurt",
			"quantityframes": 20,
			"onActivityStopped": "PlayTillEnd",
			"onAnimationEnd": "Stop",
			"keyframes": [
				{
					"frame": 0,
					"elements": {
						"body": { "offsetX": 0.0, "offsetY": 0.0, "offsetZ": 0.0, "rotationX": 0.0, "rotationY": 0.0, "rotationZ": 0.0 },
						"head": { "rotationX": 0.0, "rotationY": 0.0, "rotationZ": 0.0 },
						"jaw": { "rotationX": 0.0, "rotationY": 0.0, "rotationZ": 0.0 },
						"nose": {  },
						"L ear": { "rotationX": 0.0, "rotationY": 0.0, "rotationZ": 0.0 },
						"R ear": { "rotationX": 0.0, "rotationY": 0.0, "rotationZ": 0.0 },
						"R front leg": { "offsetX": 0.0, "offsetY": 0.0, "offsetZ": 0.0, "rotationX": 0.0, "rotationY": 0.0, "rotationZ": 0.0 },
						"R front feet": { "offsetX": 0.0, "offsetY": 0.0, "offsetZ": 0.0, "rotationX": 0.0, "rotationY": 0.0, "rotationZ": 0.0 },
						"L front leg": { "offsetX": 0.0, "offsetY": 0.0, "offsetZ": 0.0, "rotationX": 0.0, "rotationY": 0.0, "rotationZ": 0.0 },
						"L front feet": { "offsetX": 0.0, "offsetY": 0.0, "offsetZ": 0.0, "rotationX": 0.0, "rotationY": 0.0, "rotationZ": 0.0 },
						"R back leg": { "offsetX": 0.0, "offsetY": 0.0, "offsetZ": 0.0, "rotationX": 0.0, "rotationY": 0.0, "rotationZ": 0.0 },
						"R back feet": { "offsetX": 0.0, "offsetY": 0.0, "offsetZ": 0.0, "rotationX": 0.0, "rotationY": 0.0, "rotationZ": 0.0 },
						"L back leg": { "offsetX": 0.0, "offsetY": 0.0, "offsetZ": 0.0, "rotationX": 0.0, "rotationY": 0.0, "rotationZ": 0.0 },
						"L back feet": { "offsetX": 0.0, "offsetY": 0.0, "offsetZ": 0.0, "rotationX": 0.0, "rotationY": 0.0, "rotationZ": 0.0 },
						"tail": { "rotationX": 0.0, "rotationY": 0.0, "rotationZ": 0.0 }
					}
				},
				{
					"frame": 6,
					"elements": {
						"body": { "offsetX": 1.0, "offsetY": -0.7, "offsetZ": 0.0, "rotationX": 0.0, "rotationY": 0.0, "rotationZ": 10.0 },
						"head": { "rotationX": 0.0, "rotationY": -5.0, "rotationZ": 5.0 },
						"nose": {  },
						"R ear": { "rotationX": 0.0, "rotationY": 0.0, "rotationZ": -15.0 },
						"L ear": { "rotationX": 0.0, "rotationY": 0.0, "rotationZ": -15.0 },
						"jaw": { "rotationX": 0.0, "rotationY": 0.0, "rotationZ": 5.0 },
						"R front leg": { "offsetX": 0.5, "offsetY": 0.5, "offsetZ": 0.0, "rotationX": 0.0, "rotationY": 0.0, "rotationZ": 0.0 },
						"R front feet": { "offsetX": 0.0, "offsetY": 0.0, "offsetZ": 0.0, "rotationX": 0.0, "rotationY": 0.0, "rotationZ": -58.0 },
						"L front leg": { "offsetX": 0.5, "offsetY": 0.5, "offsetZ": 0.0, "rotationX": 0.0, "rotationY": 0.0, "rotationZ": 0.0 },
						"L front feet": { "offsetX": 0.0, "offsetY": 0.0, "offsetZ": 0.0, "rotationX": 0.0, "rotationY": 0.0, "rotationZ": -58.0 },
						"R back leg": { "offsetX": 0.0, "offsetY": 0.0, "offsetZ": 0.0, "rotationX": 0.0, "rotationY": 0.0, "rotationZ": -8.0 },
						"R back feet": { "offsetX": 0.0, "offsetY": 0.0, "offsetZ": 0.0, "rotationX": 0.0, "rotationY": 0.0, "rotationZ": -33.0 },
						"L back leg": { "offsetX": 0.0, "offsetY": 0.0, "offsetZ": 0.0, "rotationX": 0.0, "rotationY": 0.0, "rotationZ": -8.0 },
						"L back feet": { "offsetX": 0.0, "offsetY": 0.0, "offsetZ": 0.0, "rotationX": 0.0, "rotationY": 0.0, "rotationZ": -33.0 },
						"tail": { "rotationX": 0.0, "rotationY": 0.0, "rotationZ": 0.0 }
					}
				}
			]
		},

		{
			"name": "Sleep",
			"code": "sleep",
			"quantityframes": 60,
			"onActivityStopped": "Rewind",
			"onAnimationEnd": "Repeat",
			"keyframes": [
				{
					"frame": 0,
					"elements": {
						"body": { "offsetX": 0.0, "offsetY": -1.6, "offsetZ": 0.0 },
						"L front leg": { "offsetX": 1.1, "offsetY": 1.0, "offsetZ": 0.3, "rotationX": 0.0, "rotationY": 0.0, "rotationZ": -97.0 },
						"L front feet": { "rotationX": -4.0, "rotationY": 0.0, "rotationZ": 10.0 },
						"R front leg": { "offsetX": 1.1, "offsetY": 1.0, "offsetZ": -0.3, "rotationX": 0.0, "rotationY": 0.0, "rotationZ": -97.0 },
						"R front feet": { "rotationX": 10.0, "rotationY": 0.0, "rotationZ": 9.0 },
						"L back leg": { "offsetX": 1.3, "offsetY": 0.9, "offsetZ": 0.7, "rotationX": 0.0, "rotationY": 0.0, "rotationZ": -110.0 },
						"L back feet": { "offsetX": 0.0, "offsetY": 0.0, "offsetZ": 0.0, "rotationX": -14.0, "rotationY": 0.0, "rotationZ": 15.9 },
						"R back leg": { "offsetX": 1.3, "offsetY": 0.9, "offsetZ": -0.7, "rotationX": 0.0, "rotationY": 0.0, "rotationZ": -110.0 },
						"R back feet": { "rotationX": 18.0, "rotationY": 0.0, "rotationZ": 16.0 },
						"head": { "rotationX": 0.0, "rotationY": 0.0, "rotationZ": 6.0 },
						"jaw": { "rotationX": 0.0, "rotationY": 0.0, "rotationZ": 0.0 }
					}
				},
				{
					"frame": 29,
					"elements": {
						"body": { "offsetX": 0.0, "offsetY": -1.6, "offsetZ": 0.0 },
						"head": { "rotationX": 0.0, "rotationY": 0.0, "rotationZ": 3.0 },
						"jaw": { "rotationX": 0.0, "rotationY": 0.0, "rotationZ": 6.0 },
						"R front leg": { "offsetX": 1.1, "offsetY": 1.0, "offsetZ": -0.3, "rotationX": 0.0, "rotationY": 0.0, "rotationZ": -97.0 },
						"R front feet": { "rotationX": 10.0, "rotationY": 0.0, "rotationZ": 9.0 },
						"L front leg": { "offsetX": 1.1, "offsetY": 1.0, "offsetZ": 0.3, "rotationX": 0.0, "rotationY": 0.0, "rotationZ": -97.0 },
						"L front feet": { "rotationX": -4.0, "rotationY": 0.0, "rotationZ": 10.0 },
						"R back leg": { "offsetX": 1.3, "offsetY": 0.9, "offsetZ": -0.7, "rotationX": 0.0, "rotationY": 0.0, "rotationZ": -110.0 },
						"R back feet": { "rotationX": 18.0, "rotationY": 0.0, "rotationZ": 16.0 },
						"L back leg": { "offsetX": 1.3, "offsetY": 0.9, "offsetZ": 0.7, "rotationX": 0.0, "rotationY": 0.0, "rotationZ": -110.0 },
						"L back feet": { "offsetX": 0.0, "offsetY": 0.0, "offsetZ": 0.0, "rotationX": -14.0, "rotationY": 0.0, "rotationZ": 15.9 }
					}
				},
				{
					"frame": 59,
					"elements": {
						"body": { "offsetX": 0.0, "offsetY": -1.6, "offsetZ": 0.0 },
						"head": { "rotationX": 0.0, "rotationY": 0.0, "rotationZ": 6.0 },
						"jaw": { "rotationX": 0.0, "rotationY": 0.0, "rotationZ": 0.0 },
						"R front leg": { "offsetX": 1.1, "offsetY": 1.0, "offsetZ": -0.3, "rotationX": 0.0, "rotationY": 0.0, "rotationZ": -97.0 },
						"R front feet": { "rotationX": 10.0, "rotationY": 0.0, "rotationZ": 9.0 },
						"L front leg": { "offsetX": 1.1, "offsetY": 1.0, "offsetZ": 0.3, "rotationX": 0.0, "rotationY": 0.0, "rotationZ": -97.0 },
						"L front feet": { "rotationX": -4.0, "rotationY": 0.0, "rotationZ": 10.0 },
						"R back leg": { "offsetX": 1.3, "offsetY": 0.9, "offsetZ": -0.7, "rotationX": 0.0, "rotationY": 0.0, "rotationZ": -110.0 },
						"R back feet": { "rotationX": 18.0, "rotationY": 0.0, "rotationZ": 16.0 },
						"L back leg": { "offsetX": 1.3, "offsetY": 0.9, "offsetZ": 0.7, "rotationX": 0.0, "rotationY": 0.0, "rotationZ": -110.0 },
						"L back feet": { "offsetX": 0.0, "offsetY": 0.0, "offsetZ": 0.0, "rotationX": -14.0, "rotationY": 0.0, "rotationZ": 15.9 }
					}
				}
			]
		}
	]
}