{
	"editor": {
		"allAngles": false,
		"singleTexture": true
	},
	"textureWidth": 64,
	"textureHeight": 64,
	"textures": {
	},
	"elements": [
		{
			"name": "body",
			"from": [ 2.0, 5.0, 4.0 ], 
			"to": [ 15.0, 12.0, 11.0 ], 
			"uv": [ 0.0, 0.0 ],
			"rotationOrigin": [ 8.0, 9.0, 7.5 ],
			"rotationZ": -2.0,
			"faces": {
				"north": { "texture": "#sow", "uv": [ 0.0, 7.0, 7.0, 20.0 ], "rotation": 270 },
				"east": { "texture": "#sow", "uv": [ 8.0, 0.0, 15.0, 7.0 ], "rotation": 180 },
				"south": { "texture": "#sow", "uv": [ 15.0, 7.0, 22.0, 20.0 ], "rotation": 90 },
				"west": { "texture": "#sow", "uv": [ 8.0, 21.0, 15.0, 28.0 ] },
				"up": { "texture": "#sow", "uv": [ 8.0, 7.0, 15.0, 20.0 ], "rotation": 90 },
				"down": { "texture": "#sow", "uv": [ 23.0, 7.0, 30.0, 20.0 ], "rotation": 270 }
			},
			"children": [
				{
					"name": "neck",
					"from": [ -5.0, 0.8, 1.0 ], 
					"to": [ 2.0, 6.8, 6.0 ], 
					"uv": [ 32.0, 2.0 ],
					"rotationOrigin": [ 2.0, 4.0, 3.5 ],
					"rotationZ": 10.0,
					"faces": {
						"north": { "texture": "#sow", "uv": [ 32.0, 9.0, 39.0, 15.0 ] },
						"east": { "texture": "#sow", "uv": [ 51.0, 9.0, 56.0, 15.0 ], "enabled": false },
						"south": { "texture": "#sow", "uv": [ 44.0, 9.0, 51.0, 15.0 ] },
						"west": { "texture": "#sow", "uv": [ 39.0, 9.0, 44.0, 15.0 ] },
						"up": { "texture": "#sow", "uv": [ 39.0, 2.0, 44.0, 9.0 ], "rotation": 90 },
						"down": { "texture": "#sow", "uv": [ 39.0, 15.0, 44.0, 22.0 ], "rotation": 90 }
					},
					"children": [
						{
							"name": "cheeks",
							"from": [ -1.5, 0.2, -0.5 ], 
							"to": [ 2.5, 3.2, 5.5 ], 
							"uv": [ 16.0, 25.0 ],
							"rotationOrigin": [ 0.5, 2.0, 2.5 ],
							"rotationZ": -4.0,
							"faces": {
								"north": { "texture": "#sow", "uv": [ 16.0, 29.0, 20.0, 32.0 ] },
								"east": { "texture": "#sow", "uv": [ 30.0, 29.0, 36.0, 32.0 ] },
								"south": { "texture": "#sow", "uv": [ 26.0, 29.0, 30.0, 32.0 ] },
								"west": { "texture": "#sow", "uv": [ 20.0, 29.0, 26.0, 32.0 ] },
								"up": { "texture": "#sow", "uv": [ 20.0, 25.0, 26.0, 29.0 ], "rotation": 90 },
								"down": { "texture": "#sow", "uv": [ 20.0, 32.0, 26.0, 36.0 ], "rotation": 90 }
							}
						},
						{
							"name": "head",
							"from": [ -6.5, 4.0, 1.0 ], 
							"to": [ 0.5, 6.0, 4.0 ], 
							"uv": [ 44.0, 26.0 ],
							"rotationOrigin": [ 0.5, 5.5, 2.5 ],
							"rotationZ": 46.0,
							"faces": {
								"north": { "texture": "#sow", "uv": [ 44.0, 26.0, 46.0, 33.0 ], "rotation": 270 },
								"east": { "texture": "#sow", "uv": [ 46.0, 24.0, 49.0, 26.0 ], "rotation": 180, "enabled": false },
								"south": { "texture": "#sow", "uv": [ 49.0, 26.0, 51.0, 33.0 ], "rotation": 90 },
								"west": { "texture": "#sow", "uv": [ 46.0, 33.0, 49.0, 35.0 ] },
								"up": { "texture": "#sow", "uv": [ 46.0, 26.0, 49.0, 33.0 ], "rotation": 90 },
								"down": { "texture": "#sow", "uv": [ 51.0, 26.0, 54.0, 33.0 ], "rotation": 270 }
							}
						},
						{
							"name": "jaw",
							"from": [ -3.1, 0.7, 1.5 ], 
							"to": [ 0.9, 1.7, 3.5 ], 
							"uv": [ 56.0, 29.0 ],
							"rotationOrigin": [ 0.9, 1.2, 2.5 ],
							"rotationZ": 23.0,
							"faces": {
								"north": { "texture": "#sow", "uv": [ 56.0, 29.0, 57.0, 33.0 ], "rotation": 270 },
								"east": { "texture": "#sow", "uv": [ 57.0, 28.0, 59.0, 29.0 ], "rotation": 180, "enabled": false },
								"south": { "texture": "#sow", "uv": [ 59.0, 29.0, 60.0, 33.0 ], "rotation": 90 },
								"west": { "texture": "#sow", "uv": [ 57.0, 33.0, 59.0, 34.0 ] },
								"up": { "texture": "#sow", "uv": [ 57.0, 29.0, 59.0, 33.0 ], "rotation": 90 },
								"down": { "texture": "#sow", "uv": [ 60.0, 29.0, 62.0, 33.0 ], "rotation": 270 }
							},
							"children": [
								{
									"name": "R tooth",
									"from": [ 1.0, 0.5, 0.2 ], 
									"to": [ 2.0, 1.5, 1.2 ], 
									"uv": [ 3.0, 31.0 ],
									"rotationOrigin": [ 1.5, 0.5, 0.7 ],
									"rotationX": -47.0,
									"faces": {
										"north": { "texture": "#sow", "uv": [ 3.0, 32.0, 4.0, 33.0 ] },
										"east": { "texture": "#sow", "uv": [ 6.0, 32.0, 7.0, 33.0 ] },
										"south": { "texture": "#sow", "uv": [ 5.0, 32.0, 6.0, 33.0 ] },
										"west": { "texture": "#sow", "uv": [ 4.0, 32.0, 5.0, 33.0 ] },
										"up": { "texture": "#sow", "uv": [ 4.0, 31.0, 5.0, 32.0 ], "rotation": 90 },
										"down": { "texture": "#sow", "uv": [ 4.0, 33.0, 5.0, 34.0 ], "rotation": 90 }
									}
								},
								{
									"name": "R tooth18",
									"from": [ 1.0, 0.5, 0.8 ], 
									"to": [ 2.0, 1.5, 1.8 ], 
									"uv": [ 7.0, 31.0 ],
									"rotationOrigin": [ 1.5, 0.5, 1.3 ],
									"rotationX": 47.0,
									"faces": {
										"north": { "texture": "#sow", "uv": [ 7.0, 32.0, 8.0, 33.0 ] },
										"east": { "texture": "#sow", "uv": [ 10.0, 32.0, 11.0, 33.0 ] },
										"south": { "texture": "#sow", "uv": [ 9.0, 32.0, 10.0, 33.0 ] },
										"west": { "texture": "#sow", "uv": [ 8.0, 32.0, 9.0, 33.0 ] },
										"up": { "texture": "#sow", "uv": [ 8.0, 31.0, 9.0, 32.0 ], "rotation": 90 },
										"down": { "texture": "#sow", "uv": [ 8.0, 33.0, 9.0, 34.0 ], "rotation": 90 }
									}
								}
							]
						},
						{
							"name": "R ear",
							"from": [ 0.5, 5.3, -0.2 ], 
							"to": [ 1.5, 8.3, 1.8 ], 
							"uv": [ 18.0, 1.0 ],
							"rotationOrigin": [ 1.0, 5.3, 0.8 ],
							"rotationX": -40.0,
							"rotationY": -20.0,
							"faces": {
								"north": { "texture": "#sow", "uv": [ 18.0, 2.0, 19.0, 5.0 ] },
								"east": { "texture": "#sow", "uv": [ 22.0, 2.0, 24.0, 5.0 ] },
								"south": { "texture": "#sow", "uv": [ 21.0, 2.0, 22.0, 5.0 ] },
								"west": { "texture": "#sow", "uv": [ 19.0, 2.0, 21.0, 5.0 ] },
								"up": { "texture": "#sow", "uv": [ 19.0, 1.0, 21.0, 2.0 ], "rotation": 90 },
								"down": { "texture": "#sow", "uv": [ 19.0, 5.0, 21.0, 6.0 ], "rotation": 90, "enabled": false }
							}
						},
						{
							"name": "L eat",
							"from": [ 0.5, 5.3, 3.2 ], 
							"to": [ 1.5, 8.3, 5.2 ], 
							"uv": [ 26.0, 1.0 ],
							"rotationOrigin": [ 1.0, 5.3, 4.2 ],
							"rotationX": 40.0,
							"rotationY": 20.0,
							"faces": {
								"north": { "texture": "#sow", "uv": [ 26.0, 2.0, 27.0, 5.0 ] },
								"east": { "texture": "#sow", "uv": [ 30.0, 2.0, 32.0, 5.0 ] },
								"south": { "texture": "#sow", "uv": [ 29.0, 2.0, 30.0, 5.0 ] },
								"west": { "texture": "#sow", "uv": [ 27.0, 2.0, 29.0, 5.0 ] },
								"up": { "texture": "#sow", "uv": [ 27.0, 1.0, 29.0, 2.0 ], "rotation": 90 },
								"down": { "texture": "#sow", "uv": [ 27.0, 5.0, 29.0, 6.0 ], "rotation": 90, "enabled": false }
							}
						},
						{
							"name": "R front leg",
							"from": [ 3.0, -1.0, -0.8 ], 
							"to": [ 6.0, 4.0, 2.2 ], 
							"uv": [ 2.0, 39.0 ],
							"rotationOrigin": [ 4.5, 4.0, 0.6 ],
							"rotationX": -6.0,
							"rotationZ": 12.0,
							"faces": {
								"north": { "texture": "#sow", "uv": [ 2.0, 42.0, 5.0, 47.0 ] },
								"east": { "texture": "#sow", "uv": [ 11.0, 42.0, 14.0, 47.0 ] },
								"south": { "texture": "#sow", "uv": [ 8.0, 42.0, 11.0, 47.0 ] },
								"west": { "texture": "#sow", "uv": [ 5.0, 42.0, 8.0, 47.0 ] },
								"up": { "texture": "#sow", "uv": [ 5.0, 39.0, 8.0, 42.0 ], "rotation": 90 },
								"down": { "texture": "#sow", "uv": [ 5.0, 47.0, 8.0, 50.0 ], "rotation": 90 }
							},
							"children": [
								{
									"name": "R front feet",
									"from": [ 0.5, -4.8, 0.5 ], 
									"to": [ 2.5, 1.2, 2.5 ], 
									"uv": [ 3.0, 53.0 ],
									"rotationOrigin": [ 1.5, 1.2, 1.5 ],
									"rotationX": 5.0,
									"rotationZ": -17.0,
									"faces": {
										"north": { "texture": "#sow", "uv": [ 3.0, 55.0, 5.0, 61.0 ] },
										"east": { "texture": "#sow", "uv": [ 9.0, 55.0, 11.0, 61.0 ] },
										"south": { "texture": "#sow", "uv": [ 7.0, 55.0, 9.0, 61.0 ] },
										"west": { "texture": "#sow", "uv": [ 5.0, 55.0, 7.0, 61.0 ] },
										"up": { "texture": "#sow", "uv": [ 5.0, 53.0, 7.0, 55.0 ], "rotation": 90 },
										"down": { "texture": "#sow", "uv": [ 5.0, 61.0, 7.0, 63.0 ], "rotation": 90 }
									}
								}
							]
						},
						{
							"name": "L front leg",
							"from": [ 3.0, -1.0, 2.8 ], 
							"to": [ 6.0, 4.0, 5.8 ], 
							"uv": [ 16.0, 39.0 ],
							"rotationOrigin": [ 4.5, 4.0, 4.2 ],
							"rotationX": 6.0,
							"rotationZ": 12.0,
							"faces": {
								"north": { "texture": "#sow", "uv": [ 16.0, 42.0, 19.0, 47.0 ] },
								"east": { "texture": "#sow", "uv": [ 25.0, 42.0, 28.0, 47.0 ] },
								"south": { "texture": "#sow", "uv": [ 22.0, 42.0, 25.0, 47.0 ] },
								"west": { "texture": "#sow", "uv": [ 19.0, 42.0, 22.0, 47.0 ] },
								"up": { "texture": "#sow", "uv": [ 19.0, 39.0, 22.0, 42.0 ], "rotation": 90 },
								"down": { "texture": "#sow", "uv": [ 19.0, 47.0, 22.0, 50.0 ], "rotation": 90 }
							},
							"children": [
								{
									"name": "L front feet",
									"from": [ 0.5, -4.8, 0.5 ], 
									"to": [ 2.5, 1.2, 2.5 ], 
									"uv": [ 17.0, 53.0 ],
									"rotationOrigin": [ 1.5, 1.2, 1.5 ],
									"rotationX": -5.0,
									"rotationZ": -17.0,
									"faces": {
										"north": { "texture": "#sow", "uv": [ 17.0, 55.0, 19.0, 61.0 ] },
										"east": { "texture": "#sow", "uv": [ 23.0, 55.0, 25.0, 61.0 ] },
										"south": { "texture": "#sow", "uv": [ 21.0, 55.0, 23.0, 61.0 ] },
										"west": { "texture": "#sow", "uv": [ 19.0, 55.0, 21.0, 61.0 ] },
										"up": { "texture": "#sow", "uv": [ 19.0, 53.0, 21.0, 55.0 ], "rotation": 90 },
										"down": { "texture": "#sow", "uv": [ 19.0, 61.0, 21.0, 63.0 ], "rotation": 90 }
									}
								}
							]
						}
					]
				},
				{
					"name": "R back leg",
					"from": [ 8.0, -1.1, -0.5 ], 
					"to": [ 12.0, 4.9, 2.5 ], 
					"uv": [ 32.0, 38.0 ],
					"rotationOrigin": [ 10.0, 4.9, 1.0 ],
					"rotationX": -5.0,
					"rotationZ": 23.0,
					"faces": {
						"north": { "texture": "#sow", "uv": [ 39.0, 42.0, 43.0, 48.0 ] },
						"east": { "texture": "#sow", "uv": [ 36.0, 42.0, 39.0, 48.0 ] },
						"south": { "texture": "#sow", "uv": [ 32.0, 42.0, 36.0, 48.0 ] },
						"west": { "texture": "#sow", "uv": [ 43.0, 42.0, 46.0, 48.0 ] },
						"up": { "texture": "#sow", "uv": [ 36.0, 38.0, 39.0, 42.0 ], "rotation": 270 },
						"down": { "texture": "#sow", "uv": [ 36.0, 48.0, 39.0, 52.0 ], "rotation": 270 }
					},
					"children": [
						{
							"name": "R back feet",
							"from": [ 1.3, -4.4, 1.0 ], 
							"to": [ 3.3, 1.6, 3.0 ], 
							"uv": [ 38.0, 53.0 ],
							"rotationOrigin": [ 2.3, 1.6, 2.0 ],
							"rotationX": 7.0,
							"rotationZ": -22.0,
							"faces": {
								"north": { "texture": "#sow", "uv": [ 42.0, 55.0, 44.0, 61.0 ] },
								"east": { "texture": "#sow", "uv": [ 40.0, 55.0, 42.0, 61.0 ] },
								"south": { "texture": "#sow", "uv": [ 38.0, 55.0, 40.0, 61.0 ] },
								"west": { "texture": "#sow", "uv": [ 44.0, 55.0, 46.0, 61.0 ] },
								"up": { "texture": "#sow", "uv": [ 40.0, 53.0, 42.0, 55.0 ], "rotation": 270 },
								"down": { "texture": "#sow", "uv": [ 40.0, 61.0, 42.0, 63.0 ], "rotation": 270 }
							}
						}
					]
				},
				{
					"name": "L back leg",
					"from": [ 8.0, -1.1, 4.5 ], 
					"to": [ 12.0, 4.9, 7.5 ], 
					"uv": [ 48.0, 38.0 ],
					"rotationOrigin": [ 10.0, 4.9, 6.0 ],
					"rotationX": 5.0,
					"rotationZ": 23.0,
					"faces": {
						"north": { "texture": "#sow", "uv": [ 55.0, 42.0, 59.0, 48.0 ] },
						"east": { "texture": "#sow", "uv": [ 52.0, 42.0, 55.0, 48.0 ] },
						"south": { "texture": "#sow", "uv": [ 48.0, 42.0, 52.0, 48.0 ] },
						"west": { "texture": "#sow", "uv": [ 59.0, 42.0, 62.0, 48.0 ] },
						"up": { "texture": "#sow", "uv": [ 52.0, 38.0, 55.0, 42.0 ], "rotation": 270 },
						"down": { "texture": "#sow", "uv": [ 52.0, 48.0, 55.0, 52.0 ], "rotation": 270 }
					},
					"children": [
						{
							"name": "L back feet",
							"from": [ 1.3, -4.4, 0.0 ], 
							"to": [ 3.3, 1.6, 2.0 ], 
							"uv": [ 54.0, 53.0 ],
							"rotationOrigin": [ 2.3, 1.6, 1.0 ],
							"rotationX": -7.0,
							"rotationZ": -22.0,
							"faces": {
								"north": { "texture": "#sow", "uv": [ 58.0, 55.0, 60.0, 61.0 ] },
								"east": { "texture": "#sow", "uv": [ 56.0, 55.0, 58.0, 61.0 ] },
								"south": { "texture": "#sow", "uv": [ 54.0, 55.0, 56.0, 61.0 ] },
								"west": { "texture": "#sow", "uv": [ 60.0, 55.0, 62.0, 61.0 ] },
								"up": { "texture": "#sow", "uv": [ 56.0, 53.0, 58.0, 55.0 ], "rotation": 270 },
								"down": { "texture": "#sow", "uv": [ 56.0, 61.0, 58.0, 63.0 ], "rotation": 270 }
							}
						}
					]
				},
				{
					"name": "tail",
					"from": [ 12.0, 2.5, 3.0 ], 
					"to": [ 13.0, 6.5, 4.0 ], 
					"uv": [ 56.0, 10.0 ],
					"rotationOrigin": [ 12.5, 6.5, 3.5 ],
					"rotationZ": 39.0,
					"faces": {
						"north": { "texture": "#sow", "uv": [ 58.0, 11.0, 59.0, 15.0 ] },
						"east": { "texture": "#sow", "uv": [ 57.0, 11.0, 58.0, 15.0 ] },
						"south": { "texture": "#sow", "uv": [ 56.0, 11.0, 57.0, 15.0 ] },
						"west": { "texture": "#sow", "uv": [ 59.0, 11.0, 60.0, 15.0 ] },
						"up": { "texture": "#sow", "uv": [ 57.0, 10.0, 58.0, 11.0 ], "rotation": 270 },
						"down": { "texture": "#sow", "uv": [ 57.0, 15.0, 58.0, 16.0 ], "rotation": 270 }
					}
				}
			]
		}
	],
	"animations": [
		{
			"name": "Idle",
			"code": "idle",
			"quantityframes": 30,
			"onActivityStopped": "Rewind",
			"onAnimationEnd": "Repeat",
			"keyframes": [
				{
					"frame": 0,
					"elements": {
						"body": { "offsetX": 0.0, "offsetY": 0.0, "offsetZ": 0.0 },
						"neck": { "rotationX": 0.0, "rotationY": 0.0, "rotationZ": 0.0 },
						"R ear": { "rotationX": 0.0, "rotationY": 0.0, "rotationZ": 0.0 },
						"L eat": { "rotationX": 0.0, "rotationY": 0.0, "rotationZ": 0.0 },
						"L front leg": { "rotationX": 0.0, "rotationY": 0.0, "rotationZ": 0.0 },
						"R front leg": { "rotationX": 0.0, "rotationY": 0.0, "rotationZ": 0.0 },
						"tail": { "rotationX": 0.0, "rotationY": 0.0, "rotationZ": 0.0 },
						"L back leg": {  },
						"L back feet": { "offsetX": 0.0, "offsetY": 0.0, "offsetZ": 0.0 },
						"R back leg": {  },
						"R back feet": { "offsetX": 0.0, "offsetY": 0.0, "offsetZ": 0.0 }
					}
				},
				{
					"frame": 15,
					"elements": {
						"body": { "offsetX": 0.0, "offsetY": -0.1, "offsetZ": 0.0 },
						"neck": { "rotationX": 0.0, "rotationY": 0.0, "rotationZ": -1.0 },
						"R ear": { "rotationX": 0.0, "rotationY": 3.0, "rotationZ": 0.0 },
						"L eat": { "rotationX": 0.0, "rotationY": 3.0, "rotationZ": 0.0 },
						"L front leg": { "rotationX": 0.0, "rotationY": 0.0, "rotationZ": 1.0 },
						"R front leg": { "rotationX": 0.0, "rotationY": 0.0, "rotationZ": 1.0 },
						"tail": { "rotationX": 0.0, "rotationY": 0.0, "rotationZ": -2.0 },
						"L back leg": {  },
						"L back feet": { "offsetX": 0.0, "offsetY": 0.1, "offsetZ": 0.0 },
						"R back leg": {  },
						"R back feet": { "offsetX": 0.0, "offsetY": 0.1, "offsetZ": 0.0 }
					}
				}
			]
		},

		{
			"name": "Walk",
			"code": "walk",
			"quantityframes": 90,
			"onActivityStopped": "EaseOut",
			"onAnimationEnd": "Repeat",
			"keyframes": [
				{
					"frame": 0,
					"elements": {
						"body": { "offsetX": 0.0, "offsetY": 0.0, "offsetZ": 0.0, "rotationX": -1.0, "rotationY": 1.0, "rotationZ": 2.0 },
						"neck": { "offsetX": 0.0, "offsetY": 0.0, "offsetZ": 0.0, "rotationX": 1.0, "rotationY": 0.0, "rotationZ": -2.0 },
						"R ear": { "offsetX": 0.0, "offsetY": 0.0, "offsetZ": 0.0, "rotationX": 0.0, "rotationY": 0.0, "rotationZ": 0.0 },
						"L eat": { "offsetX": 0.0, "offsetY": 0.0, "offsetZ": 0.0, "rotationX": 0.0, "rotationY": 0.0, "rotationZ": 0.0 },
						"L front leg": { "offsetX": 0.0, "offsetY": 1.0, "offsetZ": 0.0, "rotationX": -1.0, "rotationY": 0.0, "rotationZ": 14.0 },
						"L front feet": { "offsetX": 0.0, "offsetY": 0.0, "offsetZ": 0.0, "rotationX": 0.0, "rotationY": 0.0, "rotationZ": -22.5 },
						"R back leg": { "offsetX": 0.0, "offsetY": 1.0, "offsetZ": 0.0, "rotationX": 1.0, "rotationY": 0.0, "rotationZ": -22.5 },
						"R back feet": { "offsetX": 0.0, "offsetY": 0.0, "offsetZ": 0.0, "rotationX": 0.0, "rotationY": 0.0, "rotationZ": 0.0 },
						"L back leg": { "offsetX": 0.0, "offsetY": -0.4, "offsetZ": 0.0, "rotationX": -1.0, "rotationY": 0.0, "rotationZ": 6.0 },
						"L back feet": { "offsetX": 0.0, "offsetY": 0.0, "offsetZ": 0.0, "rotationX": 0.0, "rotationY": 0.0, "rotationZ": 0.0 },
						"tail": { "offsetX": 0.0, "offsetY": 0.0, "offsetZ": 0.0, "rotationX": 0.0, "rotationY": -4.0, "rotationZ": 0.0 }
					}
				},
				{
					"frame": 15,
					"elements": {
						"body": { "offsetX": 0.0, "offsetY": 0.0, "offsetZ": 0.0, "rotationX": 1.0, "rotationY": 1.0, "rotationZ": 4.0 },
						"neck": { "offsetX": 0.0, "offsetY": 0.0, "offsetZ": 0.0, "rotationX": 0.0, "rotationY": 0.0, "rotationZ": 0.0 },
						"R ear": { "offsetX": 0.0, "offsetY": 0.0, "offsetZ": 0.0, "rotationX": 0.0, "rotationY": 0.0, "rotationZ": -5.0 },
						"L eat": { "offsetX": 0.0, "offsetY": 0.0, "offsetZ": 0.0, "rotationX": 0.0, "rotationY": 0.0, "rotationZ": 0.0 },
						"R front leg": { "offsetX": 0.0, "offsetY": -1.0, "offsetZ": 0.0, "rotationX": 0.0, "rotationY": 0.0, "rotationZ": 20.0 },
						"R front feet": { "offsetX": 0.0, "offsetY": 0.0, "offsetZ": 0.0, "rotationX": 0.0, "rotationY": 0.0, "rotationZ": -10.0 },
						"L front leg": { "offsetX": 1.0, "offsetY": 0.3, "offsetZ": 0.0, "rotationX": -1.0, "rotationY": 0.0, "rotationZ": -30.0 },
						"L front feet": { "offsetX": 0.0, "offsetY": 0.0, "offsetZ": 0.0, "rotationX": 0.0, "rotationY": 0.0, "rotationZ": 0.0 },
						"R back leg": { "offsetX": 0.0, "offsetY": 0.0, "offsetZ": 0.0, "rotationX": 1.0, "rotationY": 0.0, "rotationZ": -30.0 },
						"R back feet": { "offsetX": 0.0, "offsetY": 0.0, "offsetZ": 0.0, "rotationX": 0.0, "rotationY": 0.0, "rotationZ": 8.0 },
						"L back leg": { "offsetX": 0.0, "offsetY": -1.1, "offsetZ": 0.0, "rotationX": 1.0, "rotationY": 0.0, "rotationZ": 12.0 },
						"L back feet": { "offsetX": 0.0, "offsetY": 0.0, "offsetZ": 0.0, "rotationX": 0.0, "rotationY": 0.0, "rotationZ": 8.0 },
						"tail": { "offsetX": 0.0, "offsetY": 0.0, "offsetZ": 0.0, "rotationX": 0.0, "rotationY": 7.0, "rotationZ": 0.0 }
					}
				},
				{
					"frame": 30,
					"elements": {
						"body": { "offsetX": 0.0, "offsetY": 0.0, "offsetZ": 0.0, "rotationX": 0.0, "rotationY": 0.0, "rotationZ": 3.0 },
						"neck": { "offsetX": 0.0, "offsetY": 0.0, "offsetZ": 0.0, "rotationX": 0.0, "rotationY": 0.0, "rotationZ": -3.0 },
						"R front leg": { "offsetX": 0.0, "offsetY": 0.0, "offsetZ": 0.0, "rotationX": 0.0, "rotationY": 0.0, "rotationZ": 30.0 },
						"R front feet": { "offsetX": 0.0, "offsetY": -0.5, "offsetZ": 0.0, "rotationX": 0.0, "rotationY": 0.0, "rotationZ": -20.0 },
						"L front leg": { "offsetX": 1.0, "offsetY": -0.5, "offsetZ": 0.0, "rotationX": -1.0, "rotationY": 0.0, "rotationZ": 4.0 },
						"L front feet": { "offsetX": 0.0, "offsetY": 0.0, "offsetZ": 0.0, "rotationX": 0.0, "rotationY": 0.0, "rotationZ": -14.0 },
						"R back leg": { "offsetX": 0.0, "offsetY": 0.2, "offsetZ": 0.0, "rotationX": 1.0, "rotationY": 0.0, "rotationZ": -10.0 },
						"R back feet": { "offsetX": 0.0, "offsetY": 0.0, "offsetZ": 0.0, "rotationX": 0.0, "rotationY": 0.0, "rotationZ": 6.0 },
						"L back leg": { "offsetX": 0.0, "offsetY": 0.4, "offsetZ": 0.0, "rotationX": 1.0, "rotationY": 0.0, "rotationZ": 8.0 },
						"L back feet": { "offsetX": 0.0, "offsetY": 0.0, "offsetZ": 0.0, "rotationX": 0.0, "rotationY": 0.0, "rotationZ": 8.0 }
					}
				},
				{
					"frame": 45,
					"elements": {
						"body": { "offsetX": 0.0, "offsetY": 0.0, "offsetZ": 0.0, "rotationX": 1.0, "rotationY": -1.0, "rotationZ": 2.0 },
						"neck": { "offsetX": 0.0, "offsetY": 0.0, "offsetZ": 0.0, "rotationX": -1.0, "rotationY": 0.0, "rotationZ": -2.0 },
						"R ear": { "offsetX": 0.0, "offsetY": 0.0, "offsetZ": 0.0, "rotationX": 0.0, "rotationY": 0.0, "rotationZ": 0.0 },
						"L eat": { "offsetX": 0.0, "offsetY": 0.0, "offsetZ": 0.0, "rotationX": 0.0, "rotationY": 0.0, "rotationZ": 0.0 },
						"R front leg": { "offsetX": 0.0, "offsetY": 1.0, "offsetZ": 0.0, "rotationX": 1.0, "rotationY": 0.0, "rotationZ": 14.0 },
						"R front feet": { "offsetX": 0.0, "offsetY": 0.0, "offsetZ": 0.0, "rotationX": 0.0, "rotationY": 0.0, "rotationZ": -22.5 },
						"R back leg": { "offsetX": 0.0, "offsetY": -0.4, "offsetZ": 0.0, "rotationX": 1.0, "rotationY": 0.0, "rotationZ": 6.0 },
						"R back feet": { "offsetX": 0.0, "offsetY": 0.0, "offsetZ": 0.0, "rotationX": 0.0, "rotationY": 0.0, "rotationZ": 0.0 },
						"L back leg": { "offsetX": 0.0, "offsetY": 1.0, "offsetZ": 0.0, "rotationX": -1.0, "rotationY": 0.0, "rotationZ": -22.5 },
						"L back feet": { "offsetX": 0.0, "offsetY": 0.0, "offsetZ": 0.0, "rotationX": 0.0, "rotationY": 0.0, "rotationZ": 0.0 },
						"tail": { "offsetX": 0.0, "offsetY": 0.0, "offsetZ": 0.0, "rotationX": 0.0, "rotationY": 4.0, "rotationZ": 0.0 }
					}
				},
				{
					"frame": 60,
					"elements": {
						"body": { "offsetX": 0.0, "offsetY": 0.0, "offsetZ": 0.0, "rotationX": -1.0, "rotationY": -1.0, "rotationZ": 4.0 },
						"neck": { "offsetX": 0.0, "offsetY": 0.0, "offsetZ": 0.0, "rotationX": 0.0, "rotationY": 0.0, "rotationZ": 0.0 },
						"R ear": { "offsetX": 0.0, "offsetY": 0.0, "offsetZ": 0.0, "rotationX": 0.0, "rotationY": 0.0, "rotationZ": -5.0 },
						"L eat": { "offsetX": 0.0, "offsetY": 0.0, "offsetZ": 0.0, "rotationX": 0.0, "rotationY": 0.0, "rotationZ": -5.0 },
						"R front leg": { "offsetX": 1.0, "offsetY": 0.3, "offsetZ": 0.0, "rotationX": 1.0, "rotationY": 0.0, "rotationZ": -30.0 },
						"R front feet": { "offsetX": 0.0, "offsetY": 0.0, "offsetZ": 0.0, "rotationX": 0.0, "rotationY": 0.0, "rotationZ": 0.0 },
						"L front leg": { "offsetX": 0.0, "offsetY": -1.0, "offsetZ": 0.0, "rotationX": 0.0, "rotationY": 0.0, "rotationZ": 20.0 },
						"L front feet": { "offsetX": 0.0, "offsetY": 0.0, "offsetZ": 0.0, "rotationX": 0.0, "rotationY": 0.0, "rotationZ": -10.0 },
						"R back leg": { "offsetX": 0.0, "offsetY": -1.1, "offsetZ": 0.0, "rotationX": 1.0, "rotationY": 0.0, "rotationZ": 12.0 },
						"R back feet": { "offsetX": 0.0, "offsetY": 0.0, "offsetZ": 0.0, "rotationX": 0.0, "rotationY": 0.0, "rotationZ": 8.0 },
						"L back leg": { "offsetX": 0.0, "offsetY": 0.0, "offsetZ": 0.0, "rotationX": -1.0, "rotationY": 0.0, "rotationZ": -30.0 },
						"L back feet": { "offsetX": 0.0, "offsetY": 0.0, "offsetZ": 0.0, "rotationX": 0.0, "rotationY": 0.0, "rotationZ": 8.0 },
						"tail": { "offsetX": 0.0, "offsetY": 0.0, "offsetZ": 0.0, "rotationX": 0.0, "rotationY": -7.0, "rotationZ": 0.0 }
					}
				},
				{
					"frame": 75,
					"elements": {
						"body": { "offsetX": 0.0, "offsetY": 0.0, "offsetZ": 0.0, "rotationX": 0.0, "rotationY": 0.0, "rotationZ": 3.0 },
						"neck": { "offsetX": 0.0, "offsetY": 0.0, "offsetZ": 0.0, "rotationX": 0.0, "rotationY": 0.0, "rotationZ": -3.0 },
						"R front leg": { "offsetX": 1.0, "offsetY": -0.5, "offsetZ": 0.0, "rotationX": 1.0, "rotationY": 0.0, "rotationZ": 4.0 },
						"R front feet": { "offsetX": 0.0, "offsetY": 0.0, "offsetZ": 0.0, "rotationX": 0.0, "rotationY": 0.0, "rotationZ": -14.0 },
						"L front leg": { "offsetX": 0.0, "offsetY": 0.0, "offsetZ": 0.0, "rotationX": 0.0, "rotationY": 0.0, "rotationZ": 30.0 },
						"L front feet": { "offsetX": 0.0, "offsetY": -0.5, "offsetZ": 0.0, "rotationX": 0.0, "rotationY": 0.0, "rotationZ": -20.0 },
						"R back leg": { "offsetX": 0.0, "offsetY": 0.4, "offsetZ": 0.0, "rotationX": 1.0, "rotationY": 0.0, "rotationZ": 8.0 },
						"R back feet": { "offsetX": 0.0, "offsetY": 0.0, "offsetZ": 0.0, "rotationX": 0.0, "rotationY": 0.0, "rotationZ": 8.0 },
						"L back leg": { "offsetX": 0.0, "offsetY": 0.2, "offsetZ": 0.0, "rotationX": 1.0, "rotationY": 0.0, "rotationZ": -10.0 },
						"L back feet": { "offsetX": 0.0, "offsetY": 0.0, "offsetZ": 0.0, "rotationX": 0.0, "rotationY": 0.0, "rotationZ": 6.0 }
					}
				}
			]
		},

		{
			"name": "Run",
			"code": "run",
			"quantityframes": 60,
			"onActivityStopped": "EaseOut",
			"onAnimationEnd": "Repeat",
			"keyframes": [
				{
					"frame": 0,
					"elements": {
						"body": { "offsetX": 1.0, "offsetY": -1.0, "offsetZ": 0.0, "rotationX": 0.0, "rotationY": 0.0, "rotationZ": 8.0 },
						"neck": { "offsetX": 0.0, "offsetY": 0.0, "offsetZ": 0.0, "rotationX": 0.0, "rotationY": 0.0, "rotationZ": -6.0 },
						"R ear": { "offsetX": 0.0, "offsetY": 0.0, "offsetZ": 0.0, "rotationX": 0.0, "rotationY": 0.0, "rotationZ": 0.0 },
						"L eat": { "offsetX": 0.0, "offsetY": 0.0, "offsetZ": 0.0, "rotationX": 0.0, "rotationY": 0.0, "rotationZ": 0.0 },
						"R front leg": { "offsetX": 0.0, "offsetY": 1.0, "offsetZ": 0.0, "rotationX": 0.0, "rotationY": 0.0, "rotationZ": 10.0 },
						"R front feet": { "offsetX": 0.0, "offsetY": 0.0, "offsetZ": 0.0, "rotationX": 2.0, "rotationY": 0.0, "rotationZ": -25.0 },
						"L front leg": { "offsetX": 0.0, "offsetY": 1.0, "offsetZ": 0.0, "rotationX": -2.0, "rotationY": 0.0, "rotationZ": 8.0 },
						"L front feet": { "offsetX": 0.0, "offsetY": 0.0, "offsetZ": 0.0, "rotationX": 0.0, "rotationY": 0.0, "rotationZ": -30.0 },
						"R back leg": { "offsetX": -0.5, "offsetY": -0.2, "offsetZ": 0.0, "rotationX": 0.0, "rotationY": 0.0, "rotationZ": -4.0 },
						"R back feet": { "offsetX": 0.0, "offsetY": 0.0, "offsetZ": 0.0, "rotationX": 0.0, "rotationY": 0.0, "rotationZ": -27.0 },
						"L back leg": { "offsetX": -0.5, "offsetY": -0.2, "offsetZ": 0.0, "rotationX": 0.0, "rotationY": 0.0, "rotationZ": 0.0 },
						"L back feet": { "offsetX": 0.0, "offsetY": 0.0, "offsetZ": 0.0, "rotationX": 0.0, "rotationY": 0.0, "rotationZ": -28.0 }
					}
				},
				{
					"frame": 15,
					"elements": {
						"body": { "offsetX": 0.0, "offsetY": 0.0, "offsetZ": 0.0, "rotationX": 0.0, "rotationY": 0.0, "rotationZ": -4.0 },
						"neck": { "offsetX": 0.0, "offsetY": 0.0, "offsetZ": 0.0, "rotationX": 0.0, "rotationY": 0.0, "rotationZ": -4.0 },
						"R ear": { "offsetX": 0.0, "offsetY": 0.0, "offsetZ": 0.0, "rotationX": 0.0, "rotationY": 0.0, "rotationZ": -22.5 },
						"L eat": { "offsetX": 0.0, "offsetY": 0.0, "offsetZ": 0.0, "rotationX": 0.0, "rotationY": 0.0, "rotationZ": -45.0 },
						"R front leg": { "offsetX": 0.0, "offsetY": 0.0, "offsetZ": 0.0, "rotationX": 0.0, "rotationY": 0.0, "rotationZ": 25.0 },
						"R front feet": { "offsetX": 0.0, "offsetY": 0.0, "offsetZ": 0.0, "rotationX": 2.0, "rotationY": 0.0, "rotationZ": 0.0 },
						"L front leg": { "offsetX": 0.0, "offsetY": 0.0, "offsetZ": 0.0, "rotationX": -2.0, "rotationY": 0.0, "rotationZ": 30.0 },
						"L front feet": { "offsetX": 0.0, "offsetY": 0.0, "offsetZ": 0.0, "rotationX": 0.0, "rotationY": 0.0, "rotationZ": 0.0 },
						"R back leg": { "offsetX": -0.5, "offsetY": -0.2, "offsetZ": 0.0, "rotationX": 0.0, "rotationY": 0.0, "rotationZ": 22.0 },
						"R back feet": { "offsetX": 0.0, "offsetY": 0.0, "offsetZ": 0.0, "rotationX": 0.0, "rotationY": 0.0, "rotationZ": 2.0 },
						"L back leg": { "offsetX": 0.0, "offsetY": 0.0, "offsetZ": 0.0, "rotationX": 0.0, "rotationY": 0.0, "rotationZ": 22.0 },
						"L back feet": { "offsetX": 0.0, "offsetY": 0.0, "offsetZ": 0.0, "rotationX": 0.0, "rotationY": 0.0, "rotationZ": 0.0 },
						"tail": { "offsetX": 0.0, "offsetY": 0.0, "offsetZ": 0.0, "rotationX": 0.0, "rotationY": 0.0, "rotationZ": 0.0 }
					}
				},
				{
					"frame": 30,
					"elements": {
						"body": { "offsetX": 0.0, "offsetY": 0.0, "offsetZ": 0.0, "rotationX": 0.0, "rotationY": 0.0, "rotationZ": 2.0 },
						"neck": { "offsetX": 0.0, "offsetY": 0.0, "offsetZ": 0.0, "rotationX": 0.0, "rotationY": 0.0, "rotationZ": 0.0 },
						"R front leg": { "offsetX": 0.0, "offsetY": 0.0, "offsetZ": 0.0, "rotationX": 0.0, "rotationY": 0.0, "rotationZ": 15.0 },
						"R front feet": { "offsetX": 0.0, "offsetY": 0.0, "offsetZ": 0.0, "rotationX": 2.0, "rotationY": 0.0, "rotationZ": -50.0 },
						"L front leg": { "offsetX": 0.0, "offsetY": 0.0, "offsetZ": 0.0, "rotationX": -2.0, "rotationY": 0.0, "rotationZ": 30.0 },
						"L front feet": { "offsetX": 0.0, "offsetY": 0.0, "offsetZ": 0.0, "rotationX": 0.0, "rotationY": 0.0, "rotationZ": -45.0 },
						"R back leg": { "offsetX": 0.0, "offsetY": 1.0, "offsetZ": 0.0, "rotationX": 0.0, "rotationY": 0.0, "rotationZ": 0.0 },
						"R back feet": { "offsetX": 0.0, "offsetY": 0.0, "offsetZ": 0.0, "rotationX": 0.0, "rotationY": 0.0, "rotationZ": -35.0 },
						"L back leg": { "offsetX": 0.0, "offsetY": 1.0, "offsetZ": 0.0, "rotationX": 0.0, "rotationY": 0.0, "rotationZ": -5.0 },
						"L back feet": { "offsetX": 0.0, "offsetY": 0.0, "offsetZ": 0.0, "rotationX": 0.0, "rotationY": 0.0, "rotationZ": -25.0 },
						"tail": { "offsetX": 0.0, "offsetY": 0.0, "offsetZ": 0.0, "rotationX": 0.0, "rotationY": 0.0, "rotationZ": 15.0 }
					}
				},
				{
					"frame": 45,
					"elements": {
						"body": { "offsetX": -1.0, "offsetY": -1.0, "offsetZ": 0.0, "rotationX": 0.0, "rotationY": 0.0, "rotationZ": 8.0 },
						"neck": { "offsetX": 0.0, "offsetY": 0.0, "offsetZ": 0.0, "rotationX": 0.0, "rotationY": 0.0, "rotationZ": -5.0 },
						"R back leg": { "offsetX": 0.0, "offsetY": 0.5, "offsetZ": 0.0, "rotationX": 0.0, "rotationY": 0.0, "rotationZ": -5.0 },
						"R back feet": { "offsetX": 0.0, "offsetY": 0.0, "offsetZ": 0.0, "rotationX": 0.0, "rotationY": 0.0, "rotationZ": -35.0 }
					}
				}
			]
		},

		{
			"name": "Attack",
			"code": "attack",
			"quantityframes": 70,
			"onActivityStopped": "Stop",
			"onAnimationEnd": "Stop",
			"keyframes": [
				{
					"frame": 0,
					"elements": {
						"body": { "offsetX": 0.0, "offsetY": 0.0, "offsetZ": 0.0, "rotationX": 0.0, "rotationY": 0.0, "rotationZ": 0.0 },
						"neck": { "offsetX": 0.0, "offsetY": 0.0, "offsetZ": 0.0, "rotationX": 0.0, "rotationY": 0.0, "rotationZ": 0.0 },
						"R front leg": { "offsetX": 0.0, "offsetY": 0.0, "offsetZ": 0.0, "rotationX": 0.0, "rotationY": 0.0, "rotationZ": 0.0 },
						"R front feet": { "offsetX": 0.0, "offsetY": 0.0, "offsetZ": 0.0, "rotationX": 0.0, "rotationY": 0.0, "rotationZ": 0.0 },
						"L front leg": { "offsetX": 0.0, "offsetY": 0.0, "offsetZ": 0.0, "rotationX": 0.0, "rotationY": 0.0, "rotationZ": 0.0 },
						"L front feet": { "offsetX": 0.0, "offsetY": 0.0, "offsetZ": 0.0, "rotationX": 0.0, "rotationY": 0.0, "rotationZ": 0.0 },
						"R back leg": { "offsetX": 0.0, "offsetY": 0.0, "offsetZ": 0.0, "rotationX": 0.0, "rotationY": 0.0, "rotationZ": 0.0 },
						"R back feet": { "offsetX": 0.0, "offsetY": 0.0, "offsetZ": 0.0, "rotationX": 0.0, "rotationY": 0.0, "rotationZ": 0.0 },
						"L back leg": { "offsetX": 0.0, "offsetY": 0.0, "offsetZ": 0.0, "rotationX": 0.0, "rotationY": 0.0, "rotationZ": 0.0 },
						"L back feet": { "offsetX": 0.0, "offsetY": 0.0, "offsetZ": 0.0, "rotationX": 0.0, "rotationY": 0.0, "rotationZ": 0.0 },
						"tail": { "offsetX": 0.0, "offsetY": 0.0, "offsetZ": 0.0, "rotationX": 0.0, "rotationY": 0.0, "rotationZ": 0.0 }
					}
				},
				{
					"frame": 13,
					"elements": {
						"body": { "offsetX": 1.0, "offsetY": -1.0, "offsetZ": 0.0, "rotationX": 4.0, "rotationY": -3.0, "rotationZ": 8.0 },
						"neck": { "offsetX": 0.0, "offsetY": 0.0, "offsetZ": 0.0, "rotationX": 8.0, "rotationY": -6.0, "rotationZ": 14.0 },
						"jaw": { "offsetX": 0.0, "offsetY": 0.0, "offsetZ": 0.0, "rotationX": 0.0, "rotationY": 0.0, "rotationZ": 0.0 },
						"R ear": { "offsetX": 0.0, "offsetY": 0.0, "offsetZ": 0.0, "rotationX": 0.0, "rotationY": 0.0, "rotationZ": 0.0 },
						"L eat": { "offsetX": 0.0, "offsetY": 0.0, "offsetZ": 0.0, "rotationX": 0.0, "rotationY": 0.0, "rotationZ": 0.0 },
						"R front leg": { "offsetX": 0.0, "offsetY": 0.0, "offsetZ": 0.0, "rotationX": 5.0, "rotationY": -5.0, "rotationZ": 10.0 },
						"R front feet": { "offsetX": 0.0, "offsetY": 0.0, "offsetZ": 0.0, "rotationX": 0.0, "rotationY": 0.0, "rotationZ": -40.0 },
						"L front leg": { "offsetX": 0.5, "offsetY": 0.5, "offsetZ": 0.0, "rotationX": -20.0, "rotationY": 5.0, "rotationZ": 4.0 },
						"L front feet": { "offsetX": 0.0, "offsetY": 0.5, "offsetZ": 0.0, "rotationX": 0.0, "rotationY": 0.0, "rotationZ": -40.0 },
						"R back leg": { "offsetX": 0.0, "offsetY": 0.0, "offsetZ": 0.0, "rotationX": 10.0, "rotationY": -4.0, "rotationZ": -5.0 },
						"R back feet": { "offsetX": 0.0, "offsetY": 0.0, "offsetZ": 0.0, "rotationX": 0.0, "rotationY": 0.0, "rotationZ": -15.0 },
						"L back leg": { "offsetX": 0.0, "offsetY": 0.0, "offsetZ": 0.0, "rotationX": -5.0, "rotationY": 2.0, "rotationZ": 0.0 },
						"L back feet": { "offsetX": 0.0, "offsetY": 0.0, "offsetZ": 0.0, "rotationX": 0.0, "rotationY": 0.0, "rotationZ": -15.0 },
						"tail": { "offsetX": 0.0, "offsetY": 0.0, "offsetZ": 0.0, "rotationX": 0.0, "rotationY": 0.0, "rotationZ": 5.0 }
					}
				},
				{
					"frame": 24,
					"elements": {
						"body": { "offsetX": -2.0, "offsetY": 1.0, "offsetZ": 0.0, "rotationX": 8.0, "rotationY": 6.0, "rotationZ": -7.0 },
						"neck": { "offsetX": 0.0, "offsetY": 0.0, "offsetZ": 0.0, "rotationX": 14.0, "rotationY": 10.0, "rotationZ": -22.0 },
						"jaw": { "offsetX": 0.0, "offsetY": 0.0, "offsetZ": 0.0, "rotationX": 0.0, "rotationY": 0.0, "rotationZ": 30.0 },
						"R ear": { "offsetX": 0.0, "offsetY": 0.0, "offsetZ": 0.0, "rotationX": 0.0, "rotationY": 0.0, "rotationZ": -40.0 },
						"L eat": { "offsetX": 0.0, "offsetY": 0.0, "offsetZ": 0.0, "rotationX": 0.0, "rotationY": 0.0, "rotationZ": -40.0 },
						"R front leg": { "offsetX": 0.0, "offsetY": -1.0, "offsetZ": 0.0, "rotationX": -10.0, "rotationY": 0.0, "rotationZ": 30.0 },
						"R front feet": { "offsetX": 0.0, "offsetY": 0.0, "offsetZ": 0.0, "rotationX": 0.0, "rotationY": 0.0, "rotationZ": 0.0 },
						"L front leg": { "offsetX": 0.0, "offsetY": 0.0, "offsetZ": 0.0, "rotationX": -10.0, "rotationY": 0.0, "rotationZ": 30.0 },
						"L front feet": { "offsetX": 0.0, "offsetY": 0.5, "offsetZ": 0.0, "rotationX": 0.0, "rotationY": 0.0, "rotationZ": 0.0 },
						"R back leg": { "offsetX": 0.0, "offsetY": -1.0, "offsetZ": 0.0, "rotationX": 5.0, "rotationY": -4.0, "rotationZ": 10.0 },
						"R back feet": { "offsetX": 0.0, "offsetY": 0.0, "offsetZ": 0.0, "rotationX": 0.0, "rotationY": 0.0, "rotationZ": 0.0 },
						"L back leg": { "offsetX": 0.0, "offsetY": -0.5, "offsetZ": 0.0, "rotationX": -10.0, "rotationY": 2.0, "rotationZ": 15.0 },
						"L back feet": { "offsetX": 0.0, "offsetY": 0.0, "offsetZ": 0.0, "rotationX": 0.0, "rotationY": 0.0, "rotationZ": 0.0 },
						"tail": { "offsetX": 0.0, "offsetY": 0.0, "offsetZ": 0.0, "rotationX": 8.0, "rotationY": 0.0, "rotationZ": 0.0 }
					}
				},
				{
					"frame": 40,
					"elements": {
						"body": { "offsetX": -3.0, "offsetY": -1.0, "offsetZ": 0.0, "rotationX": 4.0, "rotationY": 8.0, "rotationZ": 4.0 },
						"neck": { "offsetX": 0.0, "offsetY": 0.0, "offsetZ": 0.0, "rotationX": 8.0, "rotationY": 6.0, "rotationZ": 4.0 },
						"R front leg": { "offsetX": 0.5, "offsetY": 0.0, "offsetZ": 0.0, "rotationX": 0.0, "rotationY": -5.0, "rotationZ": 10.0 },
						"R front feet": { "offsetX": 0.0, "offsetY": 0.0, "offsetZ": 0.0, "rotationX": 0.0, "rotationY": 0.0, "rotationZ": -25.0 },
						"L front leg": { "offsetX": 0.5, "offsetY": 0.5, "offsetZ": 0.0, "rotationX": -20.0, "rotationY": 5.0, "rotationZ": 0.0 },
						"L front feet": { "offsetX": 0.0, "offsetY": 0.5, "offsetZ": 0.0, "rotationX": 0.0, "rotationY": 0.0, "rotationZ": -30.0 },
						"R back leg": { "offsetX": 0.0, "offsetY": 0.0, "offsetZ": 0.0, "rotationX": 5.0, "rotationY": -4.0, "rotationZ": 10.0 },
						"R back feet": { "offsetX": 0.0, "offsetY": 0.0, "offsetZ": 0.0, "rotationX": 0.0, "rotationY": 0.0, "rotationZ": 0.0 },
						"L back leg": { "offsetX": 0.0, "offsetY": 0.5, "offsetZ": 0.0, "rotationX": -10.0, "rotationY": 2.0, "rotationZ": 15.0 },
						"L back feet": { "offsetX": 0.0, "offsetY": 0.0, "offsetZ": 0.0, "rotationX": 0.0, "rotationY": 0.0, "rotationZ": 0.0 },
						"tail": { "offsetX": 0.0, "offsetY": 0.0, "offsetZ": 0.0, "rotationX": -4.0, "rotationY": 0.0, "rotationZ": 0.0 }
					}
				}
			]
		},

		{
			"name": "Die",
			"code": "die",
			"quantityframes": 40,
			"onActivityStopped": "Stop",
			"onAnimationEnd": "Hold",
			"keyframes": [
				{
					"frame": 0,
					"elements": {
						"body": { "offsetX": 0.0, "offsetY": 0.0, "offsetZ": 0.0, "rotationX": 0.0, "rotationY": 0.0, "rotationZ": 0.0 },
						"neck": { "offsetX": 0.0, "offsetY": 0.0, "offsetZ": 0.0, "rotationX": 0.0, "rotationY": 0.0, "rotationZ": 0.0 },
						"jaw": { "offsetX": 0.0, "offsetY": 0.0, "offsetZ": 0.0, "rotationX": 0.0, "rotationY": 0.0, "rotationZ": 0.0 },
						"R front leg": { "offsetX": 0.0, "offsetY": 0.0, "offsetZ": 0.0, "rotationX": 0.0, "rotationY": 0.0, "rotationZ": 0.0 },
						"R front feet": { "offsetX": 0.0, "offsetY": 0.0, "offsetZ": 0.0, "rotationX": 0.0, "rotationY": 0.0, "rotationZ": 0.0 },
						"L front leg": { "offsetX": 0.0, "offsetY": 0.0, "offsetZ": 0.0, "rotationX": 0.0, "rotationY": 0.0, "rotationZ": 0.0 },
						"L front feet": { "offsetX": 0.0, "offsetY": 0.0, "offsetZ": 0.0, "rotationX": 0.0, "rotationY": 0.0, "rotationZ": 0.0 },
						"R back leg": { "offsetX": 0.0, "offsetY": 0.0, "offsetZ": 0.0, "rotationX": 0.0, "rotationY": 0.0, "rotationZ": 0.0 },
						"R back feet": { "offsetX": 0.0, "offsetY": 0.0, "offsetZ": 0.0, "rotationX": 0.0, "rotationY": 0.0, "rotationZ": 0.0 },
						"L back leg": { "offsetX": 0.0, "offsetY": 0.0, "offsetZ": 0.0, "rotationX": 0.0, "rotationY": 0.0, "rotationZ": 0.0 },
						"L back feet": { "offsetX": 0.0, "offsetY": 0.0, "offsetZ": 0.0, "rotationX": 0.0, "rotationY": 0.0, "rotationZ": 0.0 },
						"tail": { "offsetX": 0.0, "offsetY": 0.0, "offsetZ": 0.0, "rotationX": 0.0, "rotationY": 0.0, "rotationZ": 0.0 }
					}
				},
				{
					"frame": 5,
					"elements": {
						"body": { "offsetX": 0.0, "offsetY": 1.0, "offsetZ": 0.0 }
					}
				},
				{
					"frame": 20,
					"elements": {
						"body": { "offsetX": 0.0, "offsetY": -4.0, "offsetZ": 0.0, "rotationX": 0.0, "rotationY": 0.0, "rotationZ": 7.0 },
						"neck": { "offsetX": 0.0, "offsetY": 0.0, "offsetZ": 0.0, "rotationX": -4.0, "rotationY": 6.0, "rotationZ": -6.0 },
						"jaw": { "offsetX": 0.0, "offsetY": 0.0, "offsetZ": 0.0, "rotationX": 0.0, "rotationY": 0.0, "rotationZ": 20.0 },
						"R front leg": { "offsetX": 0.0, "offsetY": 0.0, "offsetZ": 0.0, "rotationX": 10.0, "rotationY": -10.0, "rotationZ": -45.0 },
						"R front feet": { "offsetX": 0.0, "offsetY": 0.0, "offsetZ": 0.0, "rotationX": 0.0, "rotationY": 0.0, "rotationZ": -30.0 },
						"L front leg": { "offsetX": 0.0, "offsetY": 1.0, "offsetZ": 0.0, "rotationX": 0.0, "rotationY": 22.5, "rotationZ": -45.0 },
						"L front feet": { "offsetX": 0.0, "offsetY": 0.0, "offsetZ": 0.0, "rotationX": 0.0, "rotationY": 0.0, "rotationZ": -20.0 },
						"R back leg": { "offsetX": -1.0, "offsetY": 0.0, "offsetZ": 0.0, "rotationX": 40.0, "rotationY": 0.0, "rotationZ": 30.0 },
						"R back feet": { "offsetX": 0.0, "offsetY": 0.0, "offsetZ": 0.0, "rotationX": 0.0, "rotationY": -15.0, "rotationZ": 10.0 },
						"L back leg": { "offsetX": -1.0, "offsetY": 0.0, "offsetZ": 0.0, "rotationX": -25.0, "rotationY": -15.0, "rotationZ": 30.0 },
						"L back feet": { "offsetX": 0.0, "offsetY": 0.0, "offsetZ": 0.0, "rotationX": 0.0, "rotationY": 20.0, "rotationZ": 10.0 },
						"tail": { "offsetX": 0.0, "offsetY": 0.0, "offsetZ": 0.0, "rotationX": 0.0, "rotationY": 0.0, "rotationZ": 0.0 }
					}
				},
				{
					"frame": 39,
					"elements": {
						"body": { "offsetX": 0.0, "offsetY": -4.0, "offsetZ": 0.0, "rotationX": 0.0, "rotationY": 0.0, "rotationZ": 7.0 },
						"neck": { "offsetX": 0.0, "offsetY": 0.0, "offsetZ": 0.0, "rotationX": -4.0, "rotationY": 6.0, "rotationZ": -6.0 },
						"jaw": { "offsetX": 0.0, "offsetY": 0.0, "offsetZ": 0.0, "rotationX": 0.0, "rotationY": 0.0, "rotationZ": 20.0 },
						"R front leg": { "offsetX": 0.0, "offsetY": 0.0, "offsetZ": 0.0, "rotationX": 10.0, "rotationY": -10.0, "rotationZ": -45.0 },
						"R front feet": { "offsetX": 0.0, "offsetY": 0.0, "offsetZ": 0.0, "rotationX": 0.0, "rotationY": 0.0, "rotationZ": -30.0 },
						"L front leg": { "offsetX": 0.0, "offsetY": 1.0, "offsetZ": 0.0, "rotationX": 0.0, "rotationY": 22.5, "rotationZ": -45.0 },
						"L front feet": { "offsetX": 0.0, "offsetY": 0.0, "offsetZ": 0.0, "rotationX": 0.0, "rotationY": 0.0, "rotationZ": -20.0 },
						"R back leg": { "offsetX": -1.0, "offsetY": 0.0, "offsetZ": 0.0, "rotationX": 40.0, "rotationY": 0.0, "rotationZ": 30.0 },
						"R back feet": { "offsetX": 0.0, "offsetY": 0.0, "offsetZ": 0.0, "rotationX": 0.0, "rotationY": -15.0, "rotationZ": 10.0 },
						"L back leg": { "offsetX": -1.0, "offsetY": 0.0, "offsetZ": 0.0, "rotationX": -25.0, "rotationY": -15.0, "rotationZ": 30.0 },
						"L back feet": { "offsetX": 0.0, "offsetY": 0.0, "offsetZ": 0.0, "rotationX": 0.0, "rotationY": 20.0, "rotationZ": 10.0 },
						"tail": { "offsetX": 0.0, "offsetY": 0.0, "offsetZ": 0.0, "rotationX": 0.0, "rotationY": 0.0, "rotationZ": 0.0 }
					}
				}
			]
		},

		{
			"name": "Dig",
			"code": "dig",
			"quantityframes": 140,
			"onActivityStopped": "Stop",
			"onAnimationEnd": "Stop",
			"keyframes": [
				{
					"frame": 0,
					"elements": {
						"body": { "offsetX": 0.0, "offsetY": 0.0, "offsetZ": 0.0, "rotationX": 0.0, "rotationY": 0.0, "rotationZ": 0.0 },
						"neck": { "offsetX": 0.0, "offsetY": 0.0, "offsetZ": 0.0, "rotationX": 0.0, "rotationY": 0.0, "rotationZ": 0.0 },
						"R front leg": { "offsetX": 0.0, "offsetY": 0.0, "offsetZ": 0.0, "rotationX": 0.0, "rotationY": 0.0, "rotationZ": 0.0 },
						"R front feet": { "offsetX": 0.0, "offsetY": 0.0, "offsetZ": 0.0, "rotationX": 0.0, "rotationY": 0.0, "rotationZ": 0.0 },
						"L front leg": { "offsetX": 0.0, "offsetY": 0.0, "offsetZ": 0.0, "rotationX": 0.0, "rotationY": 0.0, "rotationZ": 0.0 },
						"L front feet": { "offsetX": 0.0, "offsetY": 0.0, "offsetZ": 0.0, "rotationX": 0.0, "rotationY": 0.0, "rotationZ": 0.0 },
						"head": { "rotationX": 0.0, "rotationY": 0.0, "rotationZ": 0.0 },
						"R ear": { "rotationX": 0.0, "rotationY": 0.0, "rotationZ": 0.0 },
						"L eat": { "rotationX": 0.0, "rotationY": 0.0, "rotationZ": 0.0 },
						"R back leg": { "offsetX": 0.0, "offsetY": 0.0, "offsetZ": 0.0, "rotationX": 0.0, "rotationY": 0.0, "rotationZ": 0.0 },
						"R back feet": { "offsetX": 0.0, "offsetY": 0.0, "offsetZ": 0.0, "rotationX": 0.0, "rotationY": 0.0, "rotationZ": 0.0 },
						"L back leg": { "offsetX": 0.0, "offsetY": 0.0, "offsetZ": 0.0, "rotationX": 0.0, "rotationY": 0.0, "rotationZ": 0.0 },
						"L back feet": { "offsetX": 0.0, "offsetY": 0.0, "offsetZ": 0.0, "rotationX": 0.0, "rotationY": 0.0, "rotationZ": 0.0 },
						"tail": { "rotationX": 0.0, "rotationY": 0.0, "rotationZ": 0.0 }
					}
				},
				{
					"frame": 17,
					"elements": {
						"body": {  },
						"L back leg": { "offsetX": 0.0, "offsetY": 0.0, "offsetZ": 0.0 }
					}
				},
				{
					"frame": 30,
					"elements": {
						"body": { "offsetX": -2.0, "offsetY": 0.0, "offsetZ": 0.0, "rotationX": 0.0, "rotationY": 0.0, "rotationZ": 22.5 },
						"neck": { "offsetX": 0.0, "offsetY": 0.0, "offsetZ": 0.0, "rotationX": 0.0, "rotationY": 0.0, "rotationZ": -5.0 },
						"R front leg": { "offsetX": 3.0, "offsetY": 2.5, "offsetZ": 0.0, "rotationX": 0.0, "rotationY": 0.0, "rotationZ": -45.0 },
						"R front feet": { "offsetX": 0.0, "offsetY": 0.5, "offsetZ": 0.0, "rotationX": 0.0, "rotationY": 0.0, "rotationZ": 0.0 },
						"L front leg": { "offsetX": 1.0, "offsetY": 2.0, "offsetZ": 0.0, "rotationX": 0.0, "rotationY": 0.0, "rotationZ": 0.0 },
						"L front feet": { "offsetX": 0.0, "offsetY": 0.0, "offsetZ": 0.0, "rotationX": 0.0, "rotationY": 0.0, "rotationZ": 0.0 },
						"R back leg": { "offsetX": 0.0, "offsetY": -1.0, "offsetZ": 0.0, "rotationX": 0.0, "rotationY": 0.0, "rotationZ": -15.0 },
						"R back feet": { "offsetX": 0.0, "offsetY": 0.0, "offsetZ": 0.0, "rotationX": 0.0, "rotationY": 0.0, "rotationZ": 0.0 },
						"L back leg": { "offsetX": 0.0, "offsetY": -0.5, "offsetZ": 0.0, "rotationX": 0.0, "rotationY": 0.0, "rotationZ": -28.0 },
						"L back feet": { "offsetX": 0.0, "offsetY": 0.0, "offsetZ": 0.0, "rotationX": 0.0, "rotationY": 0.0, "rotationZ": 0.0 }
					}
				},
				{
					"frame": 35,
					"elements": {
						"body": { "offsetX": -2.0, "offsetY": 0.0, "offsetZ": 0.0, "rotationX": 0.0, "rotationY": 0.0, "rotationZ": 22.5 },
						"neck": { "offsetX": 0.0, "offsetY": 0.0, "offsetZ": 0.0, "rotationX": 0.0, "rotationY": 0.0, "rotationZ": -8.0 },
						"head": { "rotationX": 0.0, "rotationY": 0.0, "rotationZ": -2.0 },
						"R front leg": { "offsetX": 3.0, "offsetY": 2.5, "offsetZ": 0.0, "rotationX": 0.0, "rotationY": 0.0, "rotationZ": -42.0 },
						"R front feet": { "offsetX": 0.0, "offsetY": 0.5, "offsetZ": 0.0, "rotationX": 0.0, "rotationY": 0.0, "rotationZ": 0.0 },
						"L front leg": { "offsetX": 1.0, "offsetY": 2.0, "offsetZ": 0.0, "rotationX": 0.0, "rotationY": 0.0, "rotationZ": 3.0 },
						"L front feet": { "offsetX": 0.0, "offsetY": 0.0, "offsetZ": 0.0, "rotationX": 0.0, "rotationY": 0.0, "rotationZ": 0.0 },
						"R back leg": { "offsetX": 0.0, "offsetY": -1.0, "offsetZ": 0.0, "rotationX": 0.0, "rotationY": 0.0, "rotationZ": -15.0 },
						"R back feet": { "offsetX": 0.0, "offsetY": 0.0, "offsetZ": 0.0, "rotationX": 0.0, "rotationY": 0.0, "rotationZ": 0.0 },
						"L back leg": { "offsetX": 0.0, "offsetY": -0.5, "offsetZ": 0.0, "rotationX": 0.0, "rotationY": 0.0, "rotationZ": -28.0 },
						"L back feet": { "offsetX": 0.0, "offsetY": 0.0, "offsetZ": 0.0, "rotationX": 0.0, "rotationY": 0.0, "rotationZ": 0.0 }
					}
				},
				{
					"frame": 40,
					"elements": {
						"body": { "offsetX": -2.0, "offsetY": 0.0, "offsetZ": 0.0, "rotationX": 0.0, "rotationY": 0.0, "rotationZ": 22.5 },
						"neck": { "offsetX": 0.0, "offsetY": 0.0, "offsetZ": 0.0, "rotationX": 0.0, "rotationY": 0.0, "rotationZ": -5.0 },
						"head": { "rotationX": 0.0, "rotationY": 0.0, "rotationZ": 0.0 },
						"R front leg": { "offsetX": 3.0, "offsetY": 2.5, "offsetZ": 0.0, "rotationX": 0.0, "rotationY": 0.0, "rotationZ": -45.0 },
						"R front feet": { "offsetX": 0.0, "offsetY": 0.5, "offsetZ": 0.0, "rotationX": 0.0, "rotationY": 0.0, "rotationZ": 0.0 },
						"L front leg": { "offsetX": 1.0, "offsetY": 2.0, "offsetZ": 0.0, "rotationX": 0.0, "rotationY": 0.0, "rotationZ": 0.0 },
						"L front feet": { "offsetX": 0.0, "offsetY": 0.0, "offsetZ": 0.0, "rotationX": 0.0, "rotationY": 0.0, "rotationZ": 0.0 },
						"R back leg": { "offsetX": 0.0, "offsetY": -1.0, "offsetZ": 0.0, "rotationX": 0.0, "rotationY": 0.0, "rotationZ": -15.0 },
						"R back feet": { "offsetX": 0.0, "offsetY": 0.0, "offsetZ": 0.0, "rotationX": 0.0, "rotationY": 0.0, "rotationZ": 0.0 },
						"L back leg": { "offsetX": 0.0, "offsetY": -0.5, "offsetZ": 0.0, "rotationX": 0.0, "rotationY": 0.0, "rotationZ": -28.0 },
						"L back feet": { "offsetX": 0.0, "offsetY": 0.0, "offsetZ": 0.0, "rotationX": 0.0, "rotationY": 0.0, "rotationZ": 0.0 }
					}
				},
				{
					"frame": 45,
					"elements": {
						"body": { "offsetX": -2.0, "offsetY": 0.0, "offsetZ": 0.0, "rotationX": 0.0, "rotationY": 0.0, "rotationZ": 22.5 },
						"neck": { "offsetX": 0.0, "offsetY": 0.0, "offsetZ": 0.0, "rotationX": 0.0, "rotationY": 0.0, "rotationZ": -8.0 },
						"head": { "rotationX": 0.0, "rotationY": 0.0, "rotationZ": -2.0 },
						"R front leg": { "offsetX": 3.0, "offsetY": 2.5, "offsetZ": 0.0, "rotationX": 0.0, "rotationY": 0.0, "rotationZ": -42.0 },
						"R front feet": { "offsetX": 0.0, "offsetY": 0.5, "offsetZ": 0.0, "rotationX": 0.0, "rotationY": 0.0, "rotationZ": 0.0 },
						"L front leg": { "offsetX": 1.0, "offsetY": 2.0, "offsetZ": 0.0, "rotationX": 0.0, "rotationY": 0.0, "rotationZ": 3.0 },
						"L front feet": { "offsetX": 0.0, "offsetY": 0.0, "offsetZ": 0.0, "rotationX": 0.0, "rotationY": 0.0, "rotationZ": 0.0 },
						"R back leg": { "offsetX": 0.0, "offsetY": -1.0, "offsetZ": 0.0, "rotationX": 0.0, "rotationY": 0.0, "rotationZ": -15.0 },
						"R back feet": { "offsetX": 0.0, "offsetY": 0.0, "offsetZ": 0.0, "rotationX": 0.0, "rotationY": 0.0, "rotationZ": 0.0 },
						"L back leg": { "offsetX": 0.0, "offsetY": -0.5, "offsetZ": 0.0, "rotationX": 0.0, "rotationY": 0.0, "rotationZ": -28.0 },
						"L back feet": { "offsetX": 0.0, "offsetY": 0.0, "offsetZ": 0.0, "rotationX": 0.0, "rotationY": 0.0, "rotationZ": 0.0 }
					}
				},
				{
					"frame": 50,
					"elements": {
						"body": { "offsetX": -2.0, "offsetY": 0.0, "offsetZ": 0.0, "rotationX": 0.0, "rotationY": 0.0, "rotationZ": 22.5 },
						"neck": { "offsetX": 0.0, "offsetY": 0.0, "offsetZ": 0.0, "rotationX": 0.0, "rotationY": 0.0, "rotationZ": -5.0 },
						"head": { "rotationX": 0.0, "rotationY": 0.0, "rotationZ": 0.0 },
						"R front leg": { "offsetX": 3.0, "offsetY": 2.5, "offsetZ": 0.0, "rotationX": 0.0, "rotationY": 0.0, "rotationZ": -45.0 },
						"R front feet": { "offsetX": 0.0, "offsetY": 0.5, "offsetZ": 0.0, "rotationX": 0.0, "rotationY": 0.0, "rotationZ": 0.0 },
						"L front leg": { "offsetX": 1.0, "offsetY": 2.0, "offsetZ": 0.0, "rotationX": 0.0, "rotationY": 0.0, "rotationZ": 0.0 },
						"L front feet": { "offsetX": 0.0, "offsetY": 0.0, "offsetZ": 0.0, "rotationX": 0.0, "rotationY": 0.0, "rotationZ": 0.0 },
						"R back leg": { "offsetX": 0.0, "offsetY": -1.0, "offsetZ": 0.0, "rotationX": 0.0, "rotationY": 0.0, "rotationZ": -15.0 },
						"R back feet": { "offsetX": 0.0, "offsetY": 0.0, "offsetZ": 0.0, "rotationX": 0.0, "rotationY": 0.0, "rotationZ": 0.0 },
						"L back leg": { "offsetX": 0.0, "offsetY": -0.5, "offsetZ": 0.0, "rotationX": 0.0, "rotationY": 0.0, "rotationZ": -28.0 },
						"L back feet": { "offsetX": 0.0, "offsetY": 0.0, "offsetZ": 0.0, "rotationX": 0.0, "rotationY": 0.0, "rotationZ": 0.0 }
					}
				},
				{
					"frame": 55,
					"elements": {
						"body": { "offsetX": -2.0, "offsetY": 0.0, "offsetZ": 0.0, "rotationX": 0.0, "rotationY": 0.0, "rotationZ": 22.5 },
						"neck": { "offsetX": 0.0, "offsetY": 0.0, "offsetZ": 0.0, "rotationX": 0.0, "rotationY": 0.0, "rotationZ": -5.0 },
						"R front leg": { "offsetX": 3.0, "offsetY": 2.5, "offsetZ": 0.0, "rotationX": 0.0, "rotationY": 0.0, "rotationZ": -45.0 },
						"R front feet": { "offsetX": 0.0, "offsetY": 0.5, "offsetZ": 0.0, "rotationX": 0.0, "rotationY": 0.0, "rotationZ": 0.0 },
						"L front leg": { "offsetX": 1.0, "offsetY": 2.0, "offsetZ": 0.0, "rotationX": 0.0, "rotationY": 0.0, "rotationZ": 0.0 },
						"L front feet": { "offsetX": 0.0, "offsetY": 0.0, "offsetZ": 0.0, "rotationX": 0.0, "rotationY": 0.0, "rotationZ": 0.0 },
						"R back leg": { "offsetX": 0.0, "offsetY": -1.0, "offsetZ": 0.0, "rotationX": 0.0, "rotationY": 0.0, "rotationZ": -15.0 },
						"R back feet": { "offsetX": 0.0, "offsetY": 0.0, "offsetZ": 0.0, "rotationX": 0.0, "rotationY": 0.0, "rotationZ": 0.0 },
						"L back leg": { "offsetX": 0.0, "offsetY": -0.5, "offsetZ": 0.0, "rotationX": 0.0, "rotationY": 0.0, "rotationZ": -28.0 },
						"L back feet": { "offsetX": 0.0, "offsetY": 0.0, "offsetZ": 0.0, "rotationX": 0.0, "rotationY": 0.0, "rotationZ": 0.0 }
					}
				},
				{
					"frame": 70,
					"elements": {
						"body": { "offsetX": -1.0, "offsetY": 0.0, "offsetZ": 0.0, "rotationX": 0.0, "rotationY": 0.0, "rotationZ": 22.5 },
						"neck": { "offsetX": 1.0, "offsetY": 0.0, "offsetZ": 0.0, "rotationX": 0.0, "rotationY": 0.0, "rotationZ": 8.0 },
						"head": { "rotationX": 0.0, "rotationY": 0.0, "rotationZ": -5.0 },
						"R ear": { "rotationX": 0.0, "rotationY": 0.0, "rotationZ": 0.0 },
						"L eat": { "rotationX": 0.0, "rotationY": 0.0, "rotationZ": 0.0 },
						"R front leg": { "offsetX": 3.0, "offsetY": 2.5, "offsetZ": 0.0, "rotationX": 0.0, "rotationY": 0.0, "rotationZ": -70.0 },
						"R front feet": { "offsetX": 0.0, "offsetY": 0.5, "offsetZ": 0.0, "rotationX": 0.0, "rotationY": 0.0, "rotationZ": 0.0 },
						"L front leg": { "offsetX": 1.0, "offsetY": 2.0, "offsetZ": 0.0, "rotationX": 0.0, "rotationY": 0.0, "rotationZ": -25.0 },
						"L front feet": { "offsetX": 0.0, "offsetY": 0.0, "offsetZ": 0.0, "rotationX": 0.0, "rotationY": 0.0, "rotationZ": 0.0 },
						"R back leg": { "offsetX": 0.0, "offsetY": -1.0, "offsetZ": 0.0, "rotationX": 0.0, "rotationY": 0.0, "rotationZ": -20.0 },
						"R back feet": { "offsetX": 0.0, "offsetY": 0.0, "offsetZ": 0.0, "rotationX": 0.0, "rotationY": 0.0, "rotationZ": 0.0 },
						"L back leg": { "offsetX": 0.0, "offsetY": -1.0, "offsetZ": 0.0, "rotationX": 0.0, "rotationY": 0.0, "rotationZ": -32.0 },
						"L back feet": { "offsetX": 0.0, "offsetY": 0.0, "offsetZ": 0.0, "rotationX": 0.0, "rotationY": 0.0, "rotationZ": 0.0 },
						"tail": { "rotationX": 0.0, "rotationY": 0.0, "rotationZ": 0.0 }
					}
				},
				{
					"frame": 80,
					"elements": {
						"body": { "offsetX": -3.0, "offsetY": 0.0, "offsetZ": 0.0, "rotationX": 2.0, "rotationY": 3.0, "rotationZ": 22.5 },
						"neck": { "offsetX": 0.0, "offsetY": 0.0, "offsetZ": 0.0, "rotationX": 2.0, "rotationY": 4.0, "rotationZ": -5.0 },
						"head": { "rotationX": 0.0, "rotationY": 0.0, "rotationZ": 5.0 },
						"R ear": { "rotationX": 0.0, "rotationY": 0.0, "rotationZ": -30.0 },
						"L eat": { "rotationX": 0.0, "rotationY": 0.0, "rotationZ": -30.0 },
						"R front leg": { "offsetX": 3.0, "offsetY": 2.5, "offsetZ": 0.0, "rotationX": 2.0, "rotationY": 0.0, "rotationZ": -35.0 },
						"R front feet": { "offsetX": 0.0, "offsetY": 0.5, "offsetZ": 0.0, "rotationX": 0.0, "rotationY": 0.0, "rotationZ": 0.0 },
						"L front leg": { "offsetX": 1.0, "offsetY": 1.5, "offsetZ": 0.0, "rotationX": -2.0, "rotationY": 0.0, "rotationZ": 10.0 },
						"L front feet": { "offsetX": 0.0, "offsetY": 0.0, "offsetZ": 0.0, "rotationX": 0.0, "rotationY": 0.0, "rotationZ": 0.0 },
						"R back leg": { "offsetX": 0.0, "offsetY": -1.0, "offsetZ": 0.0, "rotationX": 2.0, "rotationY": 0.0, "rotationZ": -10.0 },
						"R back feet": { "offsetX": 0.0, "offsetY": 0.0, "offsetZ": 0.0, "rotationX": 0.0, "rotationY": 0.0, "rotationZ": 0.0 },
						"L back leg": { "offsetX": 0.0, "offsetY": -0.3, "offsetZ": 0.0, "rotationX": -2.0, "rotationY": 0.0, "rotationZ": -20.0 },
						"L back feet": { "offsetX": 0.0, "offsetY": 0.0, "offsetZ": 0.0, "rotationX": 0.0, "rotationY": 0.0, "rotationZ": 0.0 },
						"tail": { "rotationX": 0.0, "rotationY": 0.0, "rotationZ": 10.0 }
					}
				},
				{
					"frame": 90,
					"elements": {
						"body": { "offsetX": -1.0, "offsetY": 0.0, "offsetZ": 0.0, "rotationX": 0.0, "rotationY": 0.0, "rotationZ": 22.5 },
						"neck": { "offsetX": 1.0, "offsetY": 0.0, "offsetZ": 0.0, "rotationX": 0.0, "rotationY": 0.0, "rotationZ": 8.0 },
						"head": { "rotationX": 0.0, "rotationY": 0.0, "rotationZ": -5.0 },
						"R ear": { "rotationX": 0.0, "rotationY": 0.0, "rotationZ": 0.0 },
						"L eat": { "rotationX": 0.0, "rotationY": 0.0, "rotationZ": 0.0 },
						"R front leg": { "offsetX": 3.0, "offsetY": 2.5, "offsetZ": 0.0, "rotationX": 0.0, "rotationY": 0.0, "rotationZ": -70.0 },
						"R front feet": { "offsetX": 0.0, "offsetY": 0.5, "offsetZ": 0.0, "rotationX": 0.0, "rotationY": 0.0, "rotationZ": 0.0 },
						"L front leg": { "offsetX": 1.0, "offsetY": 2.0, "offsetZ": 0.0, "rotationX": 0.0, "rotationY": 0.0, "rotationZ": -25.0 },
						"L front feet": { "offsetX": 0.0, "offsetY": 0.0, "offsetZ": 0.0, "rotationX": 0.0, "rotationY": 0.0, "rotationZ": 0.0 },
						"R back leg": { "offsetX": 0.0, "offsetY": -1.0, "offsetZ": 0.0, "rotationX": 0.0, "rotationY": 0.0, "rotationZ": -20.0 },
						"R back feet": { "offsetX": 0.0, "offsetY": 0.0, "offsetZ": 0.0, "rotationX": 0.0, "rotationY": 0.0, "rotationZ": 0.0 },
						"L back leg": { "offsetX": 0.0, "offsetY": -1.0, "offsetZ": 0.0, "rotationX": 0.0, "rotationY": 0.0, "rotationZ": -32.0 },
						"L back feet": { "offsetX": 0.0, "offsetY": 0.0, "offsetZ": 0.0, "rotationX": 0.0, "rotationY": 0.0, "rotationZ": 0.0 },
						"tail": { "rotationX": 0.0, "rotationY": 0.0, "rotationZ": 0.0 }
					}
				},
				{
					"frame": 100,
					"elements": {
						"body": { "offsetX": -3.0, "offsetY": 0.0, "offsetZ": 0.0, "rotationX": -2.0, "rotationY": -3.0, "rotationZ": 22.5 },
						"neck": { "offsetX": 0.0, "offsetY": 0.0, "offsetZ": 0.0, "rotationX": -2.0, "rotationY": -4.0, "rotationZ": -5.0 },
						"head": { "rotationX": 0.0, "rotationY": 0.0, "rotationZ": 5.0 },
						"R ear": { "rotationX": 0.0, "rotationY": 0.0, "rotationZ": -30.0 },
						"L eat": { "rotationX": 0.0, "rotationY": 0.0, "rotationZ": -30.0 },
						"R front leg": { "offsetX": 3.0, "offsetY": 2.5, "offsetZ": 0.0, "rotationX": 2.0, "rotationY": 0.0, "rotationZ": -35.0 },
						"R front feet": { "offsetX": 0.0, "offsetY": 0.5, "offsetZ": 0.0, "rotationX": 0.0, "rotationY": 0.0, "rotationZ": 0.0 },
						"L front leg": { "offsetX": 1.0, "offsetY": 1.5, "offsetZ": 0.0, "rotationX": -2.0, "rotationY": 0.0, "rotationZ": 10.0 },
						"L front feet": { "offsetX": 0.0, "offsetY": 0.0, "offsetZ": 0.0, "rotationX": 0.0, "rotationY": 0.0, "rotationZ": 0.0 },
						"R back leg": { "offsetX": 0.0, "offsetY": -1.0, "offsetZ": 0.0, "rotationX": 2.0, "rotationY": 0.0, "rotationZ": -10.0 },
						"R back feet": { "offsetX": 0.0, "offsetY": 0.0, "offsetZ": 0.0, "rotationX": 0.0, "rotationY": 0.0, "rotationZ": 0.0 },
						"L back leg": { "offsetX": 0.0, "offsetY": -0.3, "offsetZ": 0.0, "rotationX": -2.0, "rotationY": 0.0, "rotationZ": -20.0 },
						"L back feet": { "offsetX": 0.0, "offsetY": 0.0, "offsetZ": 0.0, "rotationX": 0.0, "rotationY": 0.0, "rotationZ": 0.0 },
						"tail": { "rotationX": 0.0, "rotationY": 0.0, "rotationZ": 10.0 }
					}
				},
				{
					"frame": 110,
					"elements": {
						"body": { "offsetX": -1.0, "offsetY": 0.0, "offsetZ": 0.0, "rotationX": 0.0, "rotationY": 0.0, "rotationZ": 22.5 },
						"neck": { "offsetX": 1.0, "offsetY": 0.0, "offsetZ": 0.0, "rotationX": 0.0, "rotationY": 0.0, "rotationZ": 8.0 },
						"head": { "rotationX": 0.0, "rotationY": 0.0, "rotationZ": -5.0 },
						"R ear": { "rotationX": 0.0, "rotationY": 0.0, "rotationZ": 0.0 },
						"L eat": { "rotationX": 0.0, "rotationY": 0.0, "rotationZ": 0.0 },
						"R front leg": { "offsetX": 3.0, "offsetY": 2.5, "offsetZ": 0.0, "rotationX": 0.0, "rotationY": 0.0, "rotationZ": -70.0 },
						"R front feet": { "offsetX": 0.0, "offsetY": 0.5, "offsetZ": 0.0, "rotationX": 0.0, "rotationY": 0.0, "rotationZ": 0.0 },
						"L front leg": { "offsetX": 1.0, "offsetY": 2.0, "offsetZ": 0.0, "rotationX": 0.0, "rotationY": 0.0, "rotationZ": -25.0 },
						"L front feet": { "offsetX": 0.0, "offsetY": 0.0, "offsetZ": 0.0, "rotationX": 0.0, "rotationY": 0.0, "rotationZ": 0.0 },
						"R back leg": { "offsetX": 0.0, "offsetY": -1.0, "offsetZ": 0.0, "rotationX": 0.0, "rotationY": 0.0, "rotationZ": -20.0 },
						"R back feet": { "offsetX": 0.0, "offsetY": 0.0, "offsetZ": 0.0, "rotationX": 0.0, "rotationY": 0.0, "rotationZ": 0.0 },
						"L back leg": { "offsetX": 0.0, "offsetY": -1.0, "offsetZ": 0.0, "rotationX": 0.0, "rotationY": 0.0, "rotationZ": -32.0 },
						"L back feet": { "offsetX": 0.0, "offsetY": 0.0, "offsetZ": 0.0, "rotationX": 0.0, "rotationY": 0.0, "rotationZ": 0.0 },
						"tail": { "rotationX": 0.0, "rotationY": 0.0, "rotationZ": 0.0 }
					}
				}
			]
		},

		{
			"name": "Hurt",
			"code": "hurt",
			"quantityframes": 30,
			"onActivityStopped": "PlayTillEnd",
			"onAnimationEnd": "Stop",
			"keyframes": [
				{
					"frame": 0,
					"elements": {
						"body": { "offsetX": 0.0, "offsetY": 0.0, "offsetZ": 0.0, "rotationX": 0.0, "rotationY": 0.0, "rotationZ": 0.0 },
						"neck": { "offsetX": 0.0, "offsetY": 0.0, "offsetZ": 0.0, "rotationX": 0.0, "rotationY": 0.0, "rotationZ": 0.0 },
						"R ear": { "rotationX": 0.0, "rotationY": 0.0, "rotationZ": 0.0 },
						"L eat": { "rotationX": 0.0, "rotationY": 0.0, "rotationZ": 0.0 },
						"jaw": { "rotationX": 0.0, "rotationY": 0.0, "rotationZ": 0.0 },
						"R front leg": { "offsetX": 0.0, "offsetY": 0.0, "offsetZ": 0.0, "rotationX": 0.0, "rotationY": 0.0, "rotationZ": 0.0 },
						"R front feet": { "offsetX": 0.0, "offsetY": 0.0, "offsetZ": 0.0, "rotationX": 0.0, "rotationY": 0.0, "rotationZ": 0.0 },
						"L front leg": { "offsetX": 0.0, "offsetY": 0.0, "offsetZ": 0.0, "rotationX": 0.0, "rotationY": 0.0, "rotationZ": 0.0 },
						"L front feet": { "offsetX": 0.0, "offsetY": 0.0, "offsetZ": 0.0, "rotationX": 0.0, "rotationY": 0.0, "rotationZ": 0.0 },
						"R back leg": { "offsetX": 0.0, "offsetY": 0.0, "offsetZ": 0.0, "rotationX": 0.0, "rotationY": 0.0, "rotationZ": 0.0 },
						"R back feet": { "offsetX": 0.0, "offsetY": 0.0, "offsetZ": 0.0, "rotationX": 0.0, "rotationY": 0.0, "rotationZ": 0.0 },
						"L back leg": { "offsetX": 0.0, "offsetY": 0.0, "offsetZ": 0.0, "rotationX": 0.0, "rotationY": 0.0, "rotationZ": 0.0 },
						"L back feet": { "offsetX": 0.0, "offsetY": 0.0, "offsetZ": 0.0, "rotationX": 0.0, "rotationY": 0.0, "rotationZ": 0.0 },
						"tail": { "rotationX": 0.0, "rotationY": 0.0, "rotationZ": 0.0 }
					}
				},
				{
					"frame": 6,
					"elements": {
						"body": { "offsetX": 0.0, "offsetY": -0.5, "offsetZ": 0.0, "rotationX": 0.0, "rotationY": 0.0, "rotationZ": 10.0 },
						"neck": { "offsetX": 0.0, "offsetY": 0.0, "offsetZ": 0.0, "rotationX": -2.0, "rotationY": -3.0, "rotationZ": -5.0 },
						"jaw": { "rotationX": 0.0, "rotationY": 0.0, "rotationZ": 10.0 },
						"R ear": { "rotationX": 0.0, "rotationY": 0.0, "rotationZ": -30.0 },
						"L eat": { "rotationX": 0.0, "rotationY": 0.0, "rotationZ": -30.0 },
						"R front leg": { "offsetX": 1.0, "offsetY": 1.0, "offsetZ": 0.0, "rotationX": 0.0, "rotationY": 0.0, "rotationZ": 0.0 },
						"R front feet": { "offsetX": 0.0, "offsetY": 0.0, "offsetZ": 0.0, "rotationX": 0.0, "rotationY": 0.0, "rotationZ": -10.0 },
						"L front leg": { "offsetX": 1.0, "offsetY": 1.0, "offsetZ": 0.0, "rotationX": 0.0, "rotationY": 0.0, "rotationZ": 0.0 },
						"L front feet": { "offsetX": 0.0, "offsetY": 0.0, "offsetZ": 0.0, "rotationX": 0.0, "rotationY": 0.0, "rotationZ": -10.0 },
						"R back leg": { "offsetX": 0.0, "offsetY": -0.1, "offsetZ": 0.0, "rotationX": 0.0, "rotationY": 0.0, "rotationZ": -8.0 },
						"R back feet": { "offsetX": 0.0, "offsetY": 0.0, "offsetZ": 0.0, "rotationX": 0.0, "rotationY": 0.0, "rotationZ": -2.0 },
						"L back leg": { "offsetX": 0.0, "offsetY": -0.1, "offsetZ": 0.0, "rotationX": 0.0, "rotationY": 0.0, "rotationZ": -8.0 },
						"L back feet": { "offsetX": 0.0, "offsetY": 0.0, "offsetZ": 0.0, "rotationX": 0.0, "rotationY": 0.0, "rotationZ": -2.0 },
						"tail": { "rotationX": 0.0, "rotationY": 0.0, "rotationZ": -5.0 }
					}
				}
			]
		},

		{
			"name": "Sleep",
			"code": "sleep",
			"quantityframes": 60,
			"onActivityStopped": "Rewind",
			"onAnimationEnd": "Repeat",
			"keyframes": [
				{
					"frame": 0,
					"elements": {
						"body": { "offsetX": 0.0, "offsetY": -5.0, "offsetZ": 0.0, "rotationX": 0.0, "rotationY": 0.0, "rotationZ": 2.0 },
						"R back leg": { "offsetX": 2.8, "offsetY": 3.0, "offsetZ": -1.0, "rotationX": 6.0, "rotationY": 0.0, "rotationZ": -114.0 },
						"R back feet": { "offsetX": 0.0, "offsetY": 0.0, "offsetZ": 0.0, "rotationX": 6.0, "rotationY": 0.0, "rotationZ": 30.0 },
						"L back leg": { "offsetX": 2.8, "offsetY": 3.0, "offsetZ": 1.0, "rotationX": -6.0, "rotationY": 0.0, "rotationZ": -114.0 },
						"L back feet": { "offsetX": 0.0, "offsetY": 0.0, "offsetZ": 0.0, "rotationX": -15.0, "rotationY": 0.0, "rotationZ": 30.0 },
						"neck": { "rotationX": 0.0, "rotationY": 0.0, "rotationZ": -9.0 },
						"R front leg": { "offsetX": 3.5, "offsetY": 2.0, "offsetZ": -2.0, "rotationX": 0.0, "rotationY": 0.0, "rotationZ": -102.0 },
						"R front feet": { "rotationX": -35.0, "rotationY": 4.0, "rotationZ": 29.0 },
						"L front leg": { "offsetX": 3.5, "offsetY": 2.0, "offsetZ": 2.0, "rotationX": 0.0, "rotationY": 0.0, "rotationZ": -102.0 },
						"L front feet": { "rotationX": 20.0, "rotationY": 0.0, "rotationZ": 26.0 },
						"jaw": { "rotationX": 0.0, "rotationY": 0.0, "rotationZ": 0.0 }
					}
				},
				{
					"frame": 29,
					"elements": {
						"body": { "offsetX": 0.0, "offsetY": -5.0, "offsetZ": 0.0, "rotationX": 0.0, "rotationY": 0.0, "rotationZ": 2.0 },
						"neck": { "rotationX": 0.0, "rotationY": 0.0, "rotationZ": -13.0 },
						"jaw": { "rotationX": 0.0, "rotationY": 0.0, "rotationZ": 8.0 },
						"R front leg": { "offsetX": 3.5, "offsetY": 2.0, "offsetZ": -2.0, "rotationX": 0.0, "rotationY": 0.0, "rotationZ": -97.0 },
						"R front feet": { "rotationX": -35.0, "rotationY": 4.0, "rotationZ": 29.0 },
						"L front leg": { "offsetX": 3.5, "offsetY": 2.0, "offsetZ": 2.0, "rotationX": 0.0, "rotationY": 0.0, "rotationZ": -97.0 },
						"L front feet": { "rotationX": 20.0, "rotationY": 0.0, "rotationZ": 26.0 },
						"R back leg": { "offsetX": 2.8, "offsetY": 3.0, "offsetZ": -1.0, "rotationX": 6.0, "rotationY": 0.0, "rotationZ": -114.0 },
						"R back feet": { "offsetX": 0.0, "offsetY": 0.0, "offsetZ": 0.0, "rotationX": 6.0, "rotationY": 0.0, "rotationZ": 30.0 },
						"L back leg": { "offsetX": 2.8, "offsetY": 3.0, "offsetZ": 1.0, "rotationX": -6.0, "rotationY": 0.0, "rotationZ": -114.0 },
						"L back feet": { "offsetX": 0.0, "offsetY": 0.0, "offsetZ": 0.0, "rotationX": -15.0, "rotationY": 0.0, "rotationZ": 30.0 }
					}
				},
				{
					"frame": 59,
					"elements": {
						"body": { "offsetX": 0.0, "offsetY": -5.0, "offsetZ": 0.0, "rotationX": 0.0, "rotationY": 0.0, "rotationZ": 2.0 },
						"neck": { "rotationX": 0.0, "rotationY": 0.0, "rotationZ": -9.0 },
						"jaw": { "rotationX": 0.0, "rotationY": 0.0, "rotationZ": 0.0 },
						"R front leg": { "offsetX": 3.5, "offsetY": 2.0, "offsetZ": -2.0, "rotationX": 0.0, "rotationY": 0.0, "rotationZ": -102.0 },
						"R front feet": { "rotationX": -35.0, "rotationY": 4.0, "rotationZ": 29.0 },
						"L front leg": { "offsetX": 3.5, "offsetY": 2.0, "offsetZ": 2.0, "rotationX": 0.0, "rotationY": 0.0, "rotationZ": -102.0 },
						"L front feet": { "rotationX": 20.0, "rotationY": 0.0, "rotationZ": 26.0 },
						"R back leg": { "offsetX": 2.8, "offsetY": 3.0, "offsetZ": -1.0, "rotationX": 6.0, "rotationY": 0.0, "rotationZ": -114.0 },
						"R back feet": { "offsetX": 0.0, "offsetY": 0.0, "offsetZ": 0.0, "rotationX": 6.0, "rotationY": 0.0, "rotationZ": 30.0 },
						"L back leg": { "offsetX": 2.8, "offsetY": 3.0, "offsetZ": 1.0, "rotationX": -6.0, "rotationY": 0.0, "rotationZ": -114.0 },
						"L back feet": { "offsetX": 0.0, "offsetY": 0.0, "offsetZ": 0.0, "rotationX": -15.0, "rotationY": 0.0, "rotationZ": 30.0 }
					}
				}
			]
		}
	]
}