{
	code: "hyenaheadtrophy",
	class: "BlockSign",
	creativeinventory: { "general": ["*-ground-north"], "decorative": ["*-ground-north"], "neolithicdeco": ["*-ground-north"] },
	variantgroups: [
		{ code: "type", states: ["wild-male", "wild-female-tan", "wild-female-brown"]},
		{ code:"attachment", states: ["ground", "wall"] },
		{ code:"side", loadFromProperties: "abstract/horizontalorientation" }
	],
	shapeByType: {
		"*-*-north":  {base: "block/headtrophy/hyena-{type}", rotateY: 90 },
		"*-*-east":  {base: "block/headtrophy/hyena-{type}", rotateY: 0 },
		"*-*-south":  {base: "block/headtrophy/hyena-{type}", rotateY: 270 },
		"*-*-west":  {base: "block/headtrophy/hyena-{type}", rotateY: 180 },
	},
	lightAbsorption: 0,
	resistance: 0.15,
	sidesolid: { all: false },
	sideopaque: { all: false },
	selectionboxbytype: {
		"*-*-north": { x1: 0.15, y1: 0.05, z1: 0.1, x2: 1, y2: 0.8, z2: 0.9,  rotateY: 90 },
		"*-*-east": { x1: 0.15, y1: 0.05, z1: 0.1, x2: 1, y2: 0.8, z2: 0.9,  rotateY: 0 },
		"*-*-south": { x1: 0.15, y1: 0.05, z1: 0.1, x2: 1, y2: 0.8, z2: 0.9,  rotateY: 270 },
		"*-*-west": { x1: 0.15, y1: 0.05, z1: 0.1, x2: 1, y2: 0.8, z2: 0.9, rotateY: 180 },
	},
	collisionbox: null,
	materialDensity: 3000,
	guiTransform: {
		rotation: { x: -22.5937, y: 132, z: 0 },
		origin: { x: 0.7, y: 0.5, z: 0.5 },
		scale: 1.22
	},
	fpHandTransform: {
		rotation: { x: 0, y: -24, z: 0 }
	},
	tpHandTransform: {
		translation: { x: -1.3, y: -0.7, z: -0.8 },
		rotation: { x: 2, y: 31, z: -25 },
		scale: 0.6
	}
}