{
	code: "rabbit-female",
	class: "EntityAgent",
	hitboxSize: { x: 0.5, y: 0.6 },
	eyeHeight: 0.5,
	variantgroups: [
		{ code: "color", states: [ "black", "brown", "darkgrey", "grey", "lightgrey", "tan", "white"] }],
	drops: [
		{
				type: "block",
				code: "neolithicmod:dead-rabbit-{color}",
			},
	],
	client: {
		renderer: "Shape",
		shape: { base: "entity/land/rabbit/female" },
		texture: { base: "entity/rabbit/{color}" },
		behaviors: [{ code: "repulseagents" }, { code: "controlledphysics", stepHeight: 1.0001 }, { code: "interpolateposition" }, { code: "multiply" }],
		animations: [
			{
				code: "hurt",
				animation: "hurt", 
				animationSpeed: 2.2,
				weight: 10,
				blendMode: "AddAverage" 
			},
			{
				code: "eat",
				animation: "eat", 
				animationSpeed: 1,
				weight: 1,
				blendMode: "Add" 
			},
			{
				code: "idle",
				animation: "idle", 
				animationSpeed: 1,
				weight: 1,
				blendMode: "Add" 
			}
		]
	},
	server: {
		attributes: {
			pathfinder: {
				minTurnAnglePerSec: 720,
				maxTurnAnglePerSec: 1440
			}
		},
		behaviors: [
			{ code: "repulseagents" }, 
			{ code: "controlledphysics", stepHeight: 1.0001 },
			{ code: "despawn", minPlayerDistance: 8, belowLightLevel: 8, minSeconds: 300 },
			{ code: "health", currenthealth: 3, maxhealth: 3 },
			{ 
				code: "multiply",
				spawnEntityCodeByType: {
					"*-black": "rabbit-baby-black",
					"*-brown": "rabbit-baby-brown",
					"*-darkgrey": "rabbit-baby-darkgrey",
					"*-grey": "rabbit-baby-grey",
					"*-lightgrey": "rabbit-baby-lightgrey",
					"*-tan": "rabbit-baby-tan",
					"*-white": "rabbit-baby-white"
				},
				spawnQuantityMin: 1,
				spawnQuantityMax: 2,
				growthCapEntityCodes: ["rabbit-baby-*", "rabbit-female-*", "rabbit-male-*"],
				requiresNearbyEntityCode: "rabbit-male-*",
				requiresNearbyEntityRange: 5,
				pregnancyDays: 6,
				multiplyCooldownDaysMin: 12,
				multiplyCooldownDaysMax: 21,
				portionsEatenForMultiply: 6
			},
			{ code: "breathe" },
			{ code: "taskai",
				aitasks: [
					{
						code: "fleeentity",
						entityCodes: ["player", "wolf-*", "fox-*"],
						priority: 1.9,
						movespeed: 0.02,
						seekingRange: 5,
						animation: "Run",
						sound: "creature/rabbit/female-flee"
					},
					{
						code: "AiTaskSleep",
						priority: 1.8,
						priorityForCancel: 1.35,
						animation: "sleep",
						isnocturnal: false,
						cancelOnHurt: true,
						animationSpeed: 0.20
					},
					{
						code: "fleeentity",
						entityCodes: ["player", "wolf-*", "fox-*"],
						priority: 1.5,
						movespeed: 0.02,
						seekingRange: 7,
						animation: "Run",
						sound: "creature/rabbit/female-flee"
					},
					{
						code: "getoutofwater",
						priority: 1.4,
						movespeed: 0.015,
						animation: "Run",
						sound: "creature/rabbit/female-flee"
					},
					{
						code: "seekfoodandeat",
						priority: 1.35,
						eatSound: "player/eat",
						eatTime: 1.5,
						movespeed: 0.0025,
						animation: "Walk",
						mincooldownHours: 1,
						maxcooldownHours: 4,
					},
					{
						code: "stayclosetoentity",
						priority: 1.3,
						entityCode: "rabbit-male-*",
						movespeed: 0.01,
						maxDistance: 5,
						searchRange: 12,
						animation: "Run"
					},
					{
						code: "idle",
						priority: 1.2,
						minduration: 2500,
						maxduration: 2500,
						mincooldown: 2000,
						maxcooldown: 10000,
						animation: "Eat"
					},
					{
						code: "idle",
						priority: 1.1,
						minduration: 1000,
						maxduration: 3000,
						mincooldown: 2000,
						maxcooldown: 30000,
						animation: "Idle"
					},
					{
						code: "wander", 
						priority: 1.0, 
						movespeed: 0.0025,
						animation: "Walk",
						wanderChance: 0.02,
						preferredLightLevel: 19
					},
					{ 
						code: "lookaround", 
						priority: 0.5
					}
				]
			}
		]
	},
	sounds: {
		hurt: "creature/rabbit/hurt",
		death: "creature/rabbit/hurt",
		idle: "creature/rabbit/female-idle*"
	},
	idleSoundChance: 0.03
}