{
	"editor": {
		"allAngles": false,
		"singleTexture": false
	},
	"textureWidth": 16,
	"textureHeight": 16,
	"textures": {
	},
	"elements": [
		{
			"name": "Face",
			"from": [ 0.0, 0.0, 0.0 ], 
			"to": [ 22.6, 64.0, 1.0 ], 
			"shade": false,
			"rotationOrigin": [ 0.0, 0.0, 0.0 ],
			"rotationY": -45.0,
			"faces": {
				"north": { "texture": "#northCross", "uv": [ 0.0, 0.0, 16.0, 16.0 ] }
			}
		},
		{
			"name": "Face2",
			"from": [ 0.0, 0.0, 15.0 ], 
			"to": [ 22.6, 64.0, 16.0 ], 
			"shade": false,
			"rotationOrigin": [ 0.0, 0.0, 16.0 ],
			"rotationY": 45.0,
			"faces": {
				"south": { "texture": "#southCross", "uv": [ 0.0, 0.0, 16.0, 16.0 ] }
			}
		},
		{
			"name": "Face",
			"from": [ 0.0, 0.0, 0.0 ], 
			"to": [ 22.6, 64.0, 1.0 ], 
			"shade": false,
			"tintIndex": 1,
			"rotationOrigin": [ 0.0, 0.0, 0.0 ],
			"rotationY": -45.0,
			"faces": {
				"north": { "texture": "#northTintedCross", "uv": [ 0.0, 0.0, 16.0, 16.0 ] }
			}
		},
		{
			"name": "Face2",
			"from": [ 0.0, 0.0, 15.0 ], 
			"to": [ 22.6, 64.0, 16.0 ], 
			"shade": false,
			"tintIndex": 1,
			"rotationOrigin": [ 0.0, 0.0, 16.0 ],
			"rotationY": 45.0,
			"faces": {
				"south": { "texture": "#southTintedCross", "uv": [ 0.0, 0.0, 16.0, 16.0 ] }
			}
		}
	]}