{
	code: "skullsow",
	class: "BlockSign",
	creativeinventory: { "general": ["skullsow-ground-north"], "decorative": ["skullsow-ground-north"], "neolithicdeco": ["skullsow-ground-north"] },
	variantgroups: [
		{ code:"attachment", states: ["ground", "wall"] },
		{ code:"side", loadFromProperties: "abstract/horizontalorientation" }
	],
	shapeByType: {
		"*-ground-north":  {base: "block/bone/skulls/sowground", rotateY: 0},
		"*-ground-east":  {base: "block/bone/skulls/sowground", rotateY: 270 },
		"*-ground-south":  {base: "block/bone/skulls/sowground", rotateY: 180 },
		"*-ground-west":  {base: "block/bone/skulls/sowground", rotateY: 90},
		"*-wall-north": { base: "block/bone/skulls/sowwall", rotateY: 0 },
		"*-wall-east": { base: "block/bone/skulls/sowwall", rotateY: 270 },
		"*-wall-south": { base: "block/bone/skulls/sowwall", rotateY: 180 },
		"*-wall-west": { base: "block/bone/skulls/sowwall", rotateY: 90 }
	},
	textures: {
		all: { base: "block/skullcow" }
	},
	lightAbsorption: 0,
	resistance: 0.15,
	sidesolid: { all: false },
	sideopaque: { all: false },
	selectionboxbytype: {
		"*-ground-north": { x1: 0, y1: 0, z1: 0.3, x2: 1, y2: 0.4, z2: 0.7, rotateY: 270 },
		"*-ground-east": { x1: 0, y1: 0, z1: 0.3, x2: 1, y2: 0.4, z2: 0.7, rotateY: 180 },
		"*-ground-south": { x1: 0, y1: 0, z1: 0.3, x2: 1, y2: 0.4, z2: 0.7, rotateY: 90 },
		"*-ground-west": { x1: 0, y1: 0, z1: 0.3, x2: 1, y2: 0.4, z2: 0.7, rotateY: 0 },
		"*-wall-north": { x1: 0, y1: 0.2, z1: 0.3, x2: 0.65, y2: 0.7, z2: 0.7, rotateY: 270 },
		"*-wall-east": { x1: 0, y1: 0.2, z1: 0.3, x2: 0.65, y2: 0.7, z2: 0.7, rotateY: 180 },
		"*-wall-south": { x1: 0, y1: 0.2, z1: 0.3, x2: 0.65, y2: 0.7, z2: 0.7, rotateY: 90 },
		"*-wall-west": { x1: 0, y1: 0.2, z1: 0.3, x2: 0.65, y2: 0.7, z2: 0.7, rotateY: 0 }
	},
	collisionbox: null,
	materialDensity: 3000,
	guiTransform: {
		rotation: { x: -22.5937, y: 132, z: 0 },
		origin: { x: 0.5, y: 0.22, z: 0.5 },
		scale: 2
	},
	fpHandTransform: {
		rotation: { x: 0, y: -24, z: 0 }
	},
	tpHandTransform: {
		translation: { x: -1.3, y: -0.7, z: -0.8 },
		rotation: { x: 2, y: 31, z: -25 },
		scale: 0.6
	}
}