{
	"editor": {
		"allAngles": true,
		"singleTexture": true
	},
	"textureWidth": 16,
	"textureHeight": 16,
	"textures": {
	},
	"elements": [
		{
			"name": "Body",
			"from": [ 6.0, 1.4, 6.0 ], 
			"to": [ 10.0, 4.4, 9.0 ], 
			"uv": [ 0.0, 10.0 ],
			"rotationOrigin": [ 8.0, 2.4, 7.5 ],
			"rotationZ": -25.0,
			"faces": {
				"north": { "texture": "#texture", "uv": [ 0.0, 13.0, 4.0, 16.0 ] },
				"east": { "texture": "#texture", "uv": [ 4.0, 13.0, 7.0, 16.0 ] },
				"south": { "texture": "#texture", "uv": [ 7.0, 13.0, 11.0, 16.0 ] },
				"west": { "texture": "#texture", "uv": [ 11.0, 13.0, 14.0, 16.0 ] },
				"up": { "texture": "#texture", "uv": [ 0.0, 10.0, 4.0, 13.0 ], "rotation": 180 },
				"down": { "texture": "#texture", "uv": [ 4.0, 10.0, 8.0, 13.0 ] }
			},
			"children": [
				{
					"name": "Head",
					"from": [ -2.2, 1.1, 0.4 ], 
					"to": [ 0.0, 3.3, 2.6 ], 
					"uv": [ 0.0, 6.0 ],
					"rotationOrigin": [ 0.2, 2.1, 1.9 ],
					"rotationZ": 20.0,
					"faces": {
						"north": { "texture": "#texture", "uv": [ 0.0, 8.0, 2.0, 10.0 ] },
						"east": { "texture": "#texture", "uv": [ 2.0, 8.0, 4.0, 10.0 ] },
						"south": { "texture": "#texture", "uv": [ 4.0, 8.0, 6.0, 10.0 ] },
						"west": { "texture": "#texture", "uv": [ 6.0, 8.0, 8.0, 10.0 ] },
						"up": { "texture": "#texture", "uv": [ 0.0, 6.0, 2.0, 8.0 ] },
						"down": { "texture": "#texture", "uv": [ 2.0, 6.0, 4.0, 8.0 ] }
					},
					"children": [
						{
							"name": "EarL",
							"from": [ 1.5, 1.9, 0.1 ], 
							"to": [ 2.0, 4.3, 0.8 ], 
							"uv": [ 9.0, 5.0 ],
							"rotationOrigin": [ 2.0, 2.2, 0.6 ],
							"rotationZ": -36.0,
							"faces": {
								"north": { "texture": "#texture", "uv": [ 9.0, 5.5, 9.5, 7.75 ] },
								"east": { "texture": "#texture", "uv": [ 9.5, 5.5, 10.0, 7.75 ] },
								"south": { "texture": "#texture", "uv": [ 10.0, 5.5, 10.5, 7.75 ] },
								"west": { "texture": "#texture", "uv": [ 10.5, 5.5, 11.0, 7.75 ] },
								"up": { "texture": "#texture", "uv": [ 9.0, 5.0, 9.5, 5.5 ] },
								"down": { "texture": "#texture", "uv": [ 9.5, 5.0, 10.0, 5.5 ] }
							}
						},
						{
							"name": "EarR",
							"from": [ 1.5, 1.9, 1.5 ], 
							"to": [ 2.0, 4.3, 2.2 ], 
							"uv": [ 7.0, 5.0 ],
							"rotationOrigin": [ 2.0, 2.2, 2.0 ],
							"rotationZ": -36.0,
							"faces": {
								"north": { "texture": "#texture", "uv": [ 7.0, 5.5, 7.5, 7.75 ] },
								"east": { "texture": "#texture", "uv": [ 7.5, 5.5, 8.0, 7.75 ] },
								"south": { "texture": "#texture", "uv": [ 8.0, 5.5, 8.5, 7.75 ] },
								"west": { "texture": "#texture", "uv": [ 8.5, 5.5, 9.0, 7.75 ] },
								"up": { "texture": "#texture", "uv": [ 7.0, 5.0, 7.5, 5.5 ] },
								"down": { "texture": "#texture", "uv": [ 7.5, 5.0, 8.0, 5.5 ] }
							}
						},
						{
							"name": "Nose",
							"from": [ -0.2, 0.6, 0.9 ], 
							"to": [ 0.0, 1.0, 1.3 ], 
							"uv": [ 0.0, 0.0 ],
							"rotationOrigin": [ -0.4, 0.6, 0.9 ],
							"faces": {
								"north": { "texture": "#texture", "uv": [ 13.0, 0.0, 14.0, 1.0 ], "autoUv": false },
								"east": { "texture": "#texture", "uv": [ 14.0, 6.0, 14.0, 6.0 ], "enabled": false, "autoUv": false },
								"south": { "texture": "#texture", "uv": [ 14.0, 0.0, 15.0, 1.0 ], "autoUv": false },
								"west": { "texture": "#texture", "uv": [ 13.0, 1.0, 14.0, 2.0 ], "autoUv": false },
								"up": { "texture": "#texture", "uv": [ 14.0, 1.0, 15.0, 2.0 ], "autoUv": false },
								"down": { "texture": "#texture", "uv": [ 12.0, 0.0, 13.0, 1.0 ], "autoUv": false }
							}
						}
					]
				},
				{
					"name": "Tail",
					"from": [ 4.0, 1.5, 1.0 ], 
					"to": [ 5.0, 2.5, 2.0 ], 
					"uv": [ 12.0, 3.0 ],
					"rotationOrigin": [ 4.0, 1.5, 1.5 ],
					"faces": {
						"north": { "texture": "#texture", "uv": [ 12.0, 4.0, 13.0, 5.0 ] },
						"east": { "texture": "#texture", "uv": [ 13.0, 4.0, 14.0, 5.0 ] },
						"south": { "texture": "#texture", "uv": [ 14.0, 4.0, 15.0, 5.0 ] },
						"west": { "texture": "#texture", "uv": [ 15.0, 4.0, 16.0, 5.0 ] },
						"up": { "texture": "#texture", "uv": [ 12.0, 3.0, 13.0, 4.0 ] },
						"down": { "texture": "#texture", "uv": [ 13.0, 3.0, 14.0, 4.0 ] }
					}
				},
				{
					"name": "FrontLegL",
					"from": [ -2.0, -1.6, 2.2 ], 
					"to": [ 0.5, -0.8, 3.0 ], 
					"uv": [ 0.0, 4.0 ],
					"rotationOrigin": [ 0.0, -0.6, 2.2 ],
					"rotationZ": 110.0,
					"faces": {
						"north": { "texture": "#texture", "uv": [ 0.0, 4.5, 2.5, 5.0 ] },
						"east": { "texture": "#texture", "uv": [ 2.5, 4.5, 3.0, 5.0 ] },
						"south": { "texture": "#texture", "uv": [ 3.0, 4.5, 5.5, 5.0 ] },
						"west": { "texture": "#texture", "uv": [ 5.5, 4.5, 6.0, 5.0 ] },
						"up": { "texture": "#texture", "uv": [ 0.0, 4.0, 2.5, 4.5 ] },
						"down": { "texture": "#texture", "uv": [ 2.5, 4.0, 5.0, 4.5 ] }
					}
				},
				{
					"name": "FrontLegR",
					"from": [ -2.0, -1.6, 0.0 ], 
					"to": [ 0.5, -0.8, 0.8 ], 
					"uv": [ 0.0, 5.0 ],
					"rotationOrigin": [ 0.0, -0.6, 1.0 ],
					"rotationZ": 110.0,
					"faces": {
						"north": { "texture": "#texture", "uv": [ 0.0, 5.5, 2.5, 6.0 ] },
						"east": { "texture": "#texture", "uv": [ 2.5, 5.5, 3.0, 6.0 ] },
						"south": { "texture": "#texture", "uv": [ 3.0, 5.5, 5.5, 6.0 ] },
						"west": { "texture": "#texture", "uv": [ 5.5, 5.5, 6.0, 6.0 ] },
						"up": { "texture": "#texture", "uv": [ 0.0, 5.0, 2.5, 5.5 ] },
						"down": { "texture": "#texture", "uv": [ 2.5, 5.0, 5.0, 5.5 ] }
					}
				},
				{
					"name": "RearLegL",
					"from": [ 1.5, -0.6, 3.0 ], 
					"to": [ 4.1, 0.1, 3.8 ], 
					"uv": [ 8.0, 11.0 ],
					"rotationOrigin": [ 4.0, 0.3, 3.0 ],
					"rotationZ": 25.0,
					"faces": {
						"north": { "texture": "#texture", "uv": [ 8.0, 11.75, 10.5, 12.25 ] },
						"east": { "texture": "#texture", "uv": [ 10.5, 11.75, 11.25, 12.25 ] },
						"south": { "texture": "#texture", "uv": [ 11.25, 11.75, 13.75, 12.25 ] },
						"west": { "texture": "#texture", "uv": [ 13.75, 11.75, 14.5, 12.25 ] },
						"up": { "texture": "#texture", "uv": [ 8.0, 11.0, 10.5, 11.75 ] },
						"down": { "texture": "#texture", "uv": [ 10.5, 11.0, 13.0, 11.75 ] }
					},
					"children": [
						{
							"name": "Cube12",
							"from": [ 1.7, 0.5, 0.0 ], 
							"to": [ 3.7, 2.9, 0.8 ], 
							"uv": [ 5.0, 1.0 ],
							"rotationOrigin": [ 3.0, 2.0, 0.0 ],
							"rotationZ": -25.0,
							"faces": {
								"north": { "texture": "#texture", "uv": [ 5.0, 1.5, 7.0, 3.5 ] },
								"east": { "texture": "#texture", "uv": [ 7.0, 1.5, 7.5, 3.5 ] },
								"south": { "texture": "#texture", "uv": [ 7.5, 1.5, 9.5, 3.5 ] },
								"west": { "texture": "#texture", "uv": [ 9.5, 1.5, 10.0, 3.5 ] },
								"up": { "texture": "#texture", "uv": [ 5.0, 1.0, 7.0, 1.5 ] },
								"down": { "texture": "#texture", "uv": [ 7.0, 1.0, 9.0, 1.5 ] }
							}
						}
					]
				},
				{
					"name": "RearLegR",
					"from": [ 1.5, -0.6, -0.8 ], 
					"to": [ 4.1, 0.1, 0.0 ], 
					"uv": [ 8.0, 9.0 ],
					"rotationOrigin": [ 4.0, 0.3, 0.2 ],
					"rotationZ": 25.0,
					"faces": {
						"north": { "texture": "#texture", "uv": [ 8.0, 9.75, 10.5, 10.25 ] },
						"east": { "texture": "#texture", "uv": [ 10.5, 9.75, 11.25, 10.25 ] },
						"south": { "texture": "#texture", "uv": [ 11.25, 9.75, 13.75, 10.25 ] },
						"west": { "texture": "#texture", "uv": [ 13.75, 9.75, 14.5, 10.25 ] },
						"up": { "texture": "#texture", "uv": [ 8.0, 9.0, 10.5, 9.75 ] },
						"down": { "texture": "#texture", "uv": [ 10.5, 9.0, 13.0, 9.75 ] }
					},
					"children": [
						{
							"name": "Cube1",
							"from": [ 1.7, 0.5, 0.0 ], 
							"to": [ 3.7, 2.9, 0.8 ], 
							"uv": [ 0.0, 1.0 ],
							"rotationOrigin": [ 3.0, 2.0, 0.0 ],
							"rotationZ": -25.0,
							"faces": {
								"north": { "texture": "#texture", "uv": [ 0.0, 1.5, 2.0, 3.5 ] },
								"east": { "texture": "#texture", "uv": [ 2.0, 1.5, 2.5, 3.5 ] },
								"south": { "texture": "#texture", "uv": [ 2.5, 1.5, 4.5, 3.5 ] },
								"west": { "texture": "#texture", "uv": [ 4.5, 1.5, 5.0, 3.5 ] },
								"up": { "texture": "#texture", "uv": [ 0.0, 1.0, 2.0, 1.5 ] },
								"down": { "texture": "#texture", "uv": [ 2.0, 1.0, 4.0, 1.5 ] }
							}
						}
					]
				}
			]
		}
	],
	"animations": [
		{
			"name": "run",
			"code": "run",
			"quantityframes": 30,
			"onActivityStopped": "Stop",
			"onAnimationEnd": "Repeat",
			"keyframes": [
				{
					"frame": 0,
					"elements": {
						"Body": { "offsetX": 0.0, "offsetY": 0.0, "offsetZ": 0.0, "rotationX": 0.0, "rotationY": 0.0, "rotationZ": 0.0 },
						"Head": { "offsetX": 0.0, "offsetY": 0.0, "offsetZ": 0.0, "rotationX": 0.0, "rotationY": 0.0, "rotationZ": 0.0 },
						"EarL": { "offsetX": 0.0, "offsetY": 0.0, "offsetZ": 0.0, "rotationX": 0.0, "rotationY": 0.0, "rotationZ": 0.0 },
						"EarR": { "offsetX": 0.0, "offsetY": 0.0, "offsetZ": 0.0, "rotationX": 0.0, "rotationY": 0.0, "rotationZ": 0.0 },
						"Nose": { "offsetX": 0.0, "offsetY": 0.0, "offsetZ": 0.0, "rotationX": 0.0, "rotationY": 0.0, "rotationZ": 0.0 },
						"Tail": { "offsetX": 0.0, "offsetY": 0.0, "offsetZ": 0.0, "rotationX": 0.0, "rotationY": 0.0, "rotationZ": 0.0 },
						"FrontLegL": { "offsetX": 0.0, "offsetY": 0.0, "offsetZ": 0.0, "rotationX": 0.0, "rotationY": 0.0, "rotationZ": 0.0 },
						"FrontLegR": { "offsetX": 0.0, "offsetY": 0.0, "offsetZ": 0.0, "rotationX": 0.0, "rotationY": 0.0, "rotationZ": 0.0 },
						"RearLegL": { "offsetX": 0.0, "offsetY": 0.0, "offsetZ": 0.0, "rotationX": 0.0, "rotationY": 0.0, "rotationZ": 0.0 },
						"Cube12": { "offsetX": 0.0, "offsetY": 0.0, "offsetZ": 0.0, "rotationX": 0.0, "rotationY": 0.0, "rotationZ": 0.0 },
						"RearLegR": { "offsetX": 0.0, "offsetY": 0.0, "offsetZ": 0.0, "rotationX": 0.0, "rotationY": 0.0, "rotationZ": 0.0 },
						"Cube1": { "offsetX": 0.0, "offsetY": 0.0, "offsetZ": 0.0, "rotationX": 0.0, "rotationY": 0.0, "rotationZ": 0.0 }
					}
				},
				{
					"frame": 8,
					"elements": {
						"Body": { "offsetX": -1.0, "offsetY": 1.0, "offsetZ": 0.0, "rotationX": 0.0, "rotationY": 0.0, "rotationZ": -11.0 },
						"Head": { "offsetX": 0.0, "offsetY": 0.0, "offsetZ": 0.0, "rotationX": 0.0, "rotationY": 0.0, "rotationZ": -17.0 },
						"EarL": { "offsetX": 0.0, "offsetY": 0.0, "offsetZ": 0.0, "rotationX": 0.0, "rotationY": 0.0, "rotationZ": -19.0 },
						"EarR": { "offsetX": 0.0, "offsetY": 0.0, "offsetZ": 0.0, "rotationX": 0.0, "rotationY": 0.0, "rotationZ": -17.0 },
						"Tail": { "offsetX": 0.0, "offsetY": 0.0, "offsetZ": 0.0, "rotationX": 0.0, "rotationY": 0.0, "rotationZ": 22.0 },
						"FrontLegL": { "offsetX": 0.0, "offsetY": 0.0, "offsetZ": 0.0, "rotationX": 0.0, "rotationY": 0.0, "rotationZ": 36.0 },
						"FrontLegR": { "offsetX": 0.0, "offsetY": 0.0, "offsetZ": 0.0, "rotationX": 0.0, "rotationY": 0.0, "rotationZ": 28.0 },
						"RearLegL": { "offsetX": 0.0, "offsetY": 0.0, "offsetZ": 0.0, "rotationX": 0.0, "rotationY": 0.0, "rotationZ": 64.0 },
						"Cube12": { "offsetX": 0.0, "offsetY": 0.0, "offsetZ": 0.0, "rotationX": 0.0, "rotationY": 0.0, "rotationZ": 6.0 },
						"RearLegR": { "offsetX": 0.0, "offsetY": 0.0, "offsetZ": 0.0, "rotationX": 0.0, "rotationY": 0.0, "rotationZ": 55.0 },
						"Cube1": { "offsetX": 0.0, "offsetY": 0.0, "offsetZ": 0.0, "rotationX": 0.0, "rotationY": 0.0, "rotationZ": 8.0 }
					}
				},
				{
					"frame": 15,
					"elements": {
						"Body": { "offsetX": -2.0, "offsetY": 2.0, "offsetZ": 0.0, "rotationX": 0.0, "rotationY": 0.0, "rotationZ": 0.0 },
						"Head": { "offsetX": 0.0, "offsetY": 0.0, "offsetZ": 0.0, "rotationX": 0.0, "rotationY": 0.0, "rotationZ": 14.0 },
						"EarL": { "offsetX": 0.0, "offsetY": 0.0, "offsetZ": 0.0, "rotationX": 0.0, "rotationY": 0.0, "rotationZ": -28.0 },
						"EarR": { "offsetX": 0.0, "offsetY": 0.0, "offsetZ": 0.0, "rotationX": 0.0, "rotationY": 0.0, "rotationZ": -33.0 },
						"Tail": { "offsetX": 0.0, "offsetY": 0.0, "offsetZ": 0.0, "rotationX": 0.0, "rotationY": 0.0, "rotationZ": 0.0 },
						"FrontLegL": { "offsetX": 0.0, "offsetY": 0.0, "offsetZ": 0.0, "rotationX": 0.0, "rotationY": 0.0, "rotationZ": 66.0 },
						"FrontLegR": { "offsetX": 0.0, "offsetY": 0.0, "offsetZ": 0.0, "rotationX": 0.0, "rotationY": 0.0, "rotationZ": 69.0 },
						"RearLegL": { "offsetX": 0.0, "offsetY": 0.0, "offsetZ": 0.0, "rotationX": 0.0, "rotationY": 0.0, "rotationZ": 133.0 },
						"Cube12": { "offsetX": 0.0, "offsetY": 0.0, "offsetZ": 0.0, "rotationX": 0.0, "rotationY": 0.0, "rotationZ": -22.0 },
						"RearLegR": { "offsetX": 0.0, "offsetY": 0.0, "offsetZ": 0.0, "rotationX": 0.0, "rotationY": 0.0, "rotationZ": 136.0 },
						"Cube1": { "offsetX": 0.0, "offsetY": 0.0, "offsetZ": 0.0, "rotationX": 0.0, "rotationY": 0.0, "rotationZ": -28.0 }
					}
				},
				{
					"frame": 20,
					"elements": {
						"Body": { "offsetX": -1.0, "offsetY": 1.7, "offsetZ": 0.0, "rotationX": 0.0, "rotationY": 0.0, "rotationZ": 19.0 },
						"Head": { "offsetX": 0.0, "offsetY": 0.0, "offsetZ": 0.0, "rotationX": 0.0, "rotationY": 0.0, "rotationZ": 6.0 },
						"EarL": { "offsetX": 0.0, "offsetY": 0.0, "offsetZ": 0.0, "rotationX": 0.0, "rotationY": 0.0, "rotationZ": -44.0 },
						"EarR": { "offsetX": 0.0, "offsetY": 0.0, "offsetZ": 0.0, "rotationX": 0.0, "rotationY": 0.0, "rotationZ": -44.0 },
						"Tail": { "offsetX": 0.0, "offsetY": 0.0, "offsetZ": 0.0, "rotationX": 0.0, "rotationY": 0.0, "rotationZ": 0.0 },
						"FrontLegL": { "offsetX": 0.0, "offsetY": 0.0, "offsetZ": 0.0, "rotationX": 0.0, "rotationY": 0.0, "rotationZ": 30.0 },
						"FrontLegR": { "offsetX": 0.0, "offsetY": 0.0, "offsetZ": 0.0, "rotationX": 0.0, "rotationY": 0.0, "rotationZ": 39.0 },
						"RearLegL": { "offsetX": 0.0, "offsetY": 0.0, "offsetZ": 0.0, "rotationX": 0.0, "rotationY": 0.0, "rotationZ": 66.0 },
						"Cube12": { "offsetX": 0.0, "offsetY": 0.0, "offsetZ": 0.0, "rotationX": 0.0, "rotationY": 0.0, "rotationZ": 11.0 },
						"RearLegR": { "offsetX": 0.0, "offsetY": 0.0, "offsetZ": 0.0, "rotationX": 0.0, "rotationY": 0.0, "rotationZ": 78.0 },
						"Cube1": { "offsetX": 0.0, "offsetY": 0.0, "offsetZ": 0.0, "rotationX": 0.0, "rotationY": 0.0, "rotationZ": 6.0 }
					}
				},
				{
					"frame": 24,
					"elements": {
						"Body": { "offsetX": 0.0, "offsetY": 1.4, "offsetZ": 0.0, "rotationX": 0.0, "rotationY": 0.0, "rotationZ": 19.0 },
						"Head": { "offsetX": 0.0, "offsetY": 0.0, "offsetZ": 0.0, "rotationX": 0.0, "rotationY": 0.0, "rotationZ": -11.0 },
						"EarL": { "offsetX": 0.0, "offsetY": 0.0, "offsetZ": 0.0, "rotationX": 0.0, "rotationY": 0.0, "rotationZ": -6.0 },
						"EarR": { "offsetX": 0.0, "offsetY": 0.0, "offsetZ": 0.0, "rotationX": 0.0, "rotationY": 0.0, "rotationZ": -14.0 },
						"Tail": { "offsetX": 0.0, "offsetY": 0.0, "offsetZ": 0.0, "rotationX": 0.0, "rotationY": 0.0, "rotationZ": 0.0 },
						"FrontLegL": { "offsetX": 0.0, "offsetY": 0.0, "offsetZ": 0.0, "rotationX": 0.0, "rotationY": 0.0, "rotationZ": 11.0 },
						"FrontLegR": { "offsetX": 0.0, "offsetY": 0.0, "offsetZ": 0.0, "rotationX": 0.0, "rotationY": 0.0, "rotationZ": 25.0 },
						"RearLegL": { "offsetX": 0.0, "offsetY": 0.0, "offsetZ": 0.0, "rotationX": 0.0, "rotationY": 0.0, "rotationZ": 36.0 },
						"RearLegR": { "offsetX": 0.0, "offsetY": 0.0, "offsetZ": 0.0, "rotationX": 0.0, "rotationY": 0.0, "rotationZ": 30.0 }
					}
				}
			]
		},

		{
			"name": "idle",
			"code": "idle",
			"quantityframes": 20,
			"onActivityStopped": "Stop",
			"onAnimationEnd": "Repeat",
			"keyframes": [
				{
					"frame": 0,
					"elements": {
						"Body": { "offsetX": 0.0, "offsetY": 0.0, "offsetZ": 0.0, "rotationX": 0.0, "rotationY": 0.0, "rotationZ": 0.0 },
						"Head": { "offsetX": 0.0, "offsetY": 0.0, "offsetZ": 0.0, "rotationX": 0.0, "rotationY": 0.0, "rotationZ": 0.0 },
						"EarR": { "offsetX": 0.0, "offsetY": 0.0, "offsetZ": 0.0, "rotationX": 0.0, "rotationY": 0.0, "rotationZ": 0.0 },
						"EarL": { "offsetX": 0.0, "offsetY": 0.0, "offsetZ": 0.0, "rotationX": 0.0, "rotationY": 0.0, "rotationZ": 0.0 },
						"Nose": { "offsetX": 0.0, "offsetY": 0.0, "offsetZ": 0.0, "rotationX": 0.0, "rotationY": 0.0, "rotationZ": 0.0 },
						"RearLegR": { "offsetX": 0.0, "offsetY": 0.0, "offsetZ": 0.0, "rotationX": 0.0, "rotationY": 0.0, "rotationZ": 0.0 },
						"FrontLegR": { "offsetX": 0.0, "offsetY": 0.0, "offsetZ": 0.0, "rotationX": 0.0, "rotationY": 0.0, "rotationZ": 0.0 },
						"RearLegL": { "offsetX": 0.0, "offsetY": 0.0, "offsetZ": 0.0, "rotationX": 0.0, "rotationY": 0.0, "rotationZ": 0.0 },
						"FrontLegL": { "offsetX": 0.0, "offsetY": 0.0, "offsetZ": 0.0, "rotationX": 0.0, "rotationY": 0.0, "rotationZ": 0.0 },
						"Tail": { "offsetX": 0.0, "offsetY": 0.0, "offsetZ": 0.0, "rotationX": 0.0, "rotationY": 0.0, "rotationZ": 0.0 }
					}
				},
				{
					"frame": 6,
					"elements": {
						"Body": { "offsetX": 0.0, "offsetY": 0.0, "offsetZ": 0.0, "rotationX": 0.0, "rotationY": 0.0, "rotationZ": 1.0 },
						"Head": { "offsetX": 0.0, "offsetY": 0.0, "offsetZ": 0.0, "rotationX": 0.0, "rotationY": 0.0, "rotationZ": -6.0 },
						"EarL": { "offsetX": 0.0, "offsetY": 0.0, "offsetZ": 0.0, "rotationX": 0.0, "rotationY": 0.0, "rotationZ": 8.0 },
						"EarR": { "offsetX": 0.0, "offsetY": 0.0, "offsetZ": 0.0, "rotationX": 0.0, "rotationY": 0.0, "rotationZ": 3.0 },
						"Nose": { "offsetX": 0.0, "offsetY": 0.2, "offsetZ": 0.0, "rotationX": 0.0, "rotationY": 0.0, "rotationZ": 0.0 },
						"Tail": { "offsetX": 0.0, "offsetY": 0.1, "offsetZ": 0.0, "rotationX": 0.0, "rotationY": 0.0, "rotationZ": 0.0 },
						"FrontLegL": { "offsetX": 0.0, "offsetY": 0.0, "offsetZ": 0.0, "rotationX": 0.0, "rotationY": 0.0, "rotationZ": 0.0 },
						"FrontLegR": { "offsetX": 0.0, "offsetY": 0.0, "offsetZ": 0.0, "rotationX": 0.0, "rotationY": 0.0, "rotationZ": 0.0 },
						"RearLegL": { "offsetX": 0.0, "offsetY": 0.0, "offsetZ": 0.0, "rotationX": 0.0, "rotationY": 0.0, "rotationZ": 0.0 },
						"RearLegR": { "offsetX": 0.0, "offsetY": 0.0, "offsetZ": 0.0, "rotationX": 0.0, "rotationY": 0.0, "rotationZ": 0.0 }
					}
				},
				{
					"frame": 10,
					"elements": {
						"Body": { "offsetX": 0.0, "offsetY": 0.0, "offsetZ": 0.0, "rotationX": 0.0, "rotationY": 0.0, "rotationZ": 1.0 },
						"Head": { "offsetX": 0.0, "offsetY": 0.0, "offsetZ": 0.0, "rotationX": 0.0, "rotationY": 0.0, "rotationZ": -6.0 },
						"EarL": { "offsetX": 0.0, "offsetY": 0.0, "offsetZ": 0.0, "rotationX": 0.0, "rotationY": 0.0, "rotationZ": 8.0 },
						"EarR": { "offsetX": 0.0, "offsetY": 0.0, "offsetZ": 0.0, "rotationX": 0.0, "rotationY": 0.0, "rotationZ": 3.0 },
						"Nose": { "offsetX": 0.0, "offsetY": 0.0, "offsetZ": 0.0, "rotationX": 0.0, "rotationY": 0.0, "rotationZ": 0.0 },
						"Tail": { "offsetX": 0.0, "offsetY": 0.0, "offsetZ": 0.0, "rotationX": 0.0, "rotationY": 0.0, "rotationZ": 0.0 },
						"FrontLegL": { "offsetX": 0.0, "offsetY": 0.0, "offsetZ": 0.0, "rotationX": 0.0, "rotationY": 0.0, "rotationZ": 0.0 },
						"FrontLegR": { "offsetX": 0.0, "offsetY": 0.0, "offsetZ": 0.0, "rotationX": 0.0, "rotationY": 0.0, "rotationZ": 0.0 },
						"RearLegL": { "offsetX": 0.0, "offsetY": 0.0, "offsetZ": 0.0, "rotationX": 0.0, "rotationY": 0.0, "rotationZ": 0.0 },
						"RearLegR": { "offsetX": 0.0, "offsetY": 0.0, "offsetZ": 0.0, "rotationX": 0.0, "rotationY": 0.0, "rotationZ": 0.0 }
					}
				},
				{
					"frame": 14,
					"elements": {
						"Body": { "offsetX": 0.0, "offsetY": 0.0, "offsetZ": 0.0, "rotationX": 0.0, "rotationY": 0.0, "rotationZ": 3.0 },
						"Head": { "offsetX": 0.0, "offsetY": 0.0, "offsetZ": 0.0, "rotationX": 0.0, "rotationY": 0.0, "rotationZ": 3.0 },
						"EarL": { "offsetX": 0.0, "offsetY": 0.0, "offsetZ": 0.0, "rotationX": 0.0, "rotationY": 0.0, "rotationZ": -3.0 },
						"EarR": { "offsetX": 0.0, "offsetY": 0.0, "offsetZ": 0.0, "rotationX": 0.0, "rotationY": 0.0, "rotationZ": -3.0 },
						"Nose": { "offsetX": 0.0, "offsetY": 0.2, "offsetZ": 0.0, "rotationX": 0.0, "rotationY": 0.0, "rotationZ": 0.0 },
						"Tail": { "offsetX": 0.0, "offsetY": 0.1, "offsetZ": 0.0, "rotationX": 0.0, "rotationY": 0.0, "rotationZ": 0.0 },
						"FrontLegL": { "offsetX": 0.0, "offsetY": 0.0, "offsetZ": 0.0, "rotationX": 0.0, "rotationY": 0.0, "rotationZ": 0.0 },
						"FrontLegR": { "offsetX": 0.0, "offsetY": 0.0, "offsetZ": 0.0, "rotationX": 0.0, "rotationY": 0.0, "rotationZ": 0.0 },
						"RearLegL": { "offsetX": 0.0, "offsetY": 0.0, "offsetZ": 0.0, "rotationX": 0.0, "rotationY": 0.0, "rotationZ": 0.0 },
						"RearLegR": { "offsetX": 0.0, "offsetY": 0.0, "offsetZ": 0.0, "rotationX": 0.0, "rotationY": 0.0, "rotationZ": 0.0 }
					}
				},
				{
					"frame": 18,
					"elements": {
						"Body": { "offsetX": 0.0, "offsetY": 0.0, "offsetZ": 0.0, "rotationX": 0.0, "rotationY": 0.0, "rotationZ": 1.0 },
						"Head": { "offsetX": 0.0, "offsetY": 0.0, "offsetZ": 0.0, "rotationX": 0.0, "rotationY": 0.0, "rotationZ": 3.0 },
						"EarL": { "offsetX": 0.0, "offsetY": 0.0, "offsetZ": 0.0, "rotationX": 0.0, "rotationY": 0.0, "rotationZ": -3.0 },
						"EarR": { "offsetX": 0.0, "offsetY": 0.0, "offsetZ": 0.0, "rotationX": 0.0, "rotationY": 0.0, "rotationZ": -3.0 },
						"Nose": { "offsetX": 0.0, "offsetY": 0.0, "offsetZ": 0.0, "rotationX": 0.0, "rotationY": 0.0, "rotationZ": 0.0 },
						"Tail": { "offsetX": 0.0, "offsetY": 0.1, "offsetZ": 0.0, "rotationX": 0.0, "rotationY": 0.0, "rotationZ": 0.0 },
						"FrontLegL": { "offsetX": 0.0, "offsetY": 0.0, "offsetZ": 0.0, "rotationX": 0.0, "rotationY": 0.0, "rotationZ": 0.0 },
						"FrontLegR": { "offsetX": 0.0, "offsetY": 0.0, "offsetZ": 0.0, "rotationX": 0.0, "rotationY": 0.0, "rotationZ": 0.0 },
						"RearLegL": { "offsetX": 0.0, "offsetY": 0.0, "offsetZ": 0.0, "rotationX": 0.0, "rotationY": 0.0, "rotationZ": 0.0 },
						"RearLegR": { "offsetX": 0.0, "offsetY": 0.0, "offsetZ": 0.0, "rotationX": 0.0, "rotationY": 0.0, "rotationZ": 0.0 }
					}
				}
			]
		},

		{
			"name": "alert",
			"code": "alert",
			"quantityframes": 140,
			"onActivityStopped": "Stop",
			"onAnimationEnd": "Stop",
			"keyframes": [
				{
					"frame": 0,
					"elements": {
						"Body": { "offsetX": 0.0, "offsetY": 0.0, "offsetZ": 0.0, "rotationX": 0.0, "rotationY": 0.0, "rotationZ": 0.0 },
						"Head": { "offsetX": 0.0, "offsetY": 0.0, "offsetZ": 0.0, "rotationX": 0.0, "rotationY": 0.0, "rotationZ": 0.0 },
						"EarL": { "offsetX": 0.0, "offsetY": 0.0, "offsetZ": 0.0, "rotationX": 0.0, "rotationY": 0.0, "rotationZ": 0.0 },
						"EarR": { "offsetX": 0.0, "offsetY": 0.0, "offsetZ": 0.0, "rotationX": 0.0, "rotationY": 0.0, "rotationZ": 0.0 },
						"Nose": { "offsetX": 0.0, "offsetY": -0.0, "offsetZ": 0.0, "rotationX": 0.0, "rotationY": 0.0, "rotationZ": 0.0 },
						"Tail": { "offsetX": 0.0, "offsetY": 0.0, "offsetZ": 0.0, "rotationX": 0.0, "rotationY": 0.0, "rotationZ": 0.0 },
						"FrontLegL": { "offsetX": 0.0, "offsetY": 0.0, "offsetZ": 0.0, "rotationX": 0.0, "rotationY": 0.0, "rotationZ": 0.0 },
						"FrontLegR": { "offsetX": 0.0, "offsetY": 0.0, "offsetZ": 0.0, "rotationX": 0.0, "rotationY": 0.0, "rotationZ": 0.0 },
						"RearLegL": { "offsetX": 0.0, "offsetY": 0.0, "offsetZ": 0.0, "rotationX": 0.0, "rotationY": 0.0, "rotationZ": 0.0 },
						"Cube12": { "offsetX": 0.0, "offsetY": 0.0, "offsetZ": 0.0, "rotationX": 0.0, "rotationY": 0.0, "rotationZ": 0.0 },
						"RearLegR": { "offsetX": 0.0, "offsetY": 0.0, "offsetZ": 0.0, "rotationX": 0.0, "rotationY": 0.0, "rotationZ": 0.0 },
						"Cube1": { "offsetX": 0.0, "offsetY": 0.0, "offsetZ": 0.0, "rotationX": 0.0, "rotationY": 0.0, "rotationZ": 0.0 }
					}
				},
				{
					"frame": 30,
					"elements": {
						"Body": { "offsetX": 0.0, "offsetY": 0.0, "offsetZ": 0.0, "rotationX": 0.0, "rotationY": 0.0, "rotationZ": 0.0 },
						"Head": { "offsetX": 0.0, "offsetY": 0.4, "offsetZ": 0.0, "rotationX": 14.0, "rotationY": -39.0, "rotationZ": 0.0 },
						"EarL": { "offsetX": 0.0, "offsetY": 0.0, "offsetZ": 0.0, "rotationX": 0.0, "rotationY": -25.0, "rotationZ": 36.0 },
						"EarR": { "offsetX": 0.0, "offsetY": 0.0, "offsetZ": 0.0, "rotationX": 0.0, "rotationY": 28.0, "rotationZ": 47.0 },
						"Nose": { "offsetX": 0.0, "offsetY": 0.1, "offsetZ": 0.0, "rotationX": 0.0, "rotationY": 0.0, "rotationZ": 0.0 },
						"Tail": { "offsetX": 0.0, "offsetY": 0.0, "offsetZ": 0.0, "rotationX": 0.0, "rotationY": 0.0, "rotationZ": 0.0 },
						"FrontLegL": { "offsetX": 0.0, "offsetY": 0.0, "offsetZ": 0.0, "rotationX": 0.0, "rotationY": 0.0, "rotationZ": 0.0 },
						"FrontLegR": { "offsetX": 0.0, "offsetY": 0.0, "offsetZ": 0.0, "rotationX": 0.0, "rotationY": 0.0, "rotationZ": 0.0 },
						"RearLegL": { "offsetX": 0.0, "offsetY": 0.0, "offsetZ": 0.0, "rotationX": 0.0, "rotationY": 0.0, "rotationZ": 0.0 },
						"Cube12": { "offsetX": 0.0, "offsetY": 0.0, "offsetZ": 0.0, "rotationX": 0.0, "rotationY": 0.0, "rotationZ": 0.0 },
						"RearLegR": { "offsetX": 0.0, "offsetY": 0.0, "offsetZ": 0.0, "rotationX": 0.0, "rotationY": 0.0, "rotationZ": 0.0 },
						"Cube1": { "offsetX": 0.0, "offsetY": 0.0, "offsetZ": 0.0, "rotationX": 0.0, "rotationY": 0.0, "rotationZ": 0.0 }
					}
				},
				{
					"frame": 60,
					"elements": {
						"Body": { "offsetX": 0.0, "offsetY": 0.0, "offsetZ": 0.0, "rotationX": 0.0, "rotationY": 0.0, "rotationZ": 0.0 },
						"Head": { "offsetX": 0.0, "offsetY": 0.4, "offsetZ": 0.0, "rotationX": 14.0, "rotationY": -39.0, "rotationZ": 0.0 },
						"EarL": { "offsetX": 0.0, "offsetY": 0.0, "offsetZ": 0.0, "rotationX": 0.0, "rotationY": -25.0, "rotationZ": 36.0 },
						"EarR": { "offsetX": 0.0, "offsetY": 0.0, "offsetZ": 0.0, "rotationX": 0.0, "rotationY": 28.0, "rotationZ": 47.0 },
						"Nose": { "offsetX": 0.0, "offsetY": -0.0, "offsetZ": 0.0, "rotationX": 0.0, "rotationY": 0.0, "rotationZ": 0.0 },
						"Tail": { "offsetX": 0.0, "offsetY": 0.0, "offsetZ": 0.0, "rotationX": 0.0, "rotationY": 0.0, "rotationZ": 0.0 },
						"FrontLegL": { "offsetX": 0.0, "offsetY": 0.0, "offsetZ": 0.0, "rotationX": 0.0, "rotationY": 0.0, "rotationZ": 0.0 },
						"FrontLegR": { "offsetX": 0.0, "offsetY": 0.0, "offsetZ": 0.0, "rotationX": 0.0, "rotationY": 0.0, "rotationZ": 0.0 },
						"RearLegL": { "offsetX": 0.0, "offsetY": 0.0, "offsetZ": 0.0, "rotationX": 0.0, "rotationY": 0.0, "rotationZ": 0.0 },
						"Cube12": { "offsetX": 0.0, "offsetY": 0.0, "offsetZ": 0.0, "rotationX": 0.0, "rotationY": 0.0, "rotationZ": 0.0 },
						"RearLegR": { "offsetX": 0.0, "offsetY": 0.0, "offsetZ": 0.0, "rotationX": 0.0, "rotationY": 0.0, "rotationZ": 0.0 },
						"Cube1": { "offsetX": 0.0, "offsetY": 0.0, "offsetZ": 0.0, "rotationX": 0.0, "rotationY": 0.0, "rotationZ": 0.0 }
					}
				},
				{
					"frame": 70,
					"elements": {
						"Body": { "offsetX": 0.0, "offsetY": 0.0, "offsetZ": 0.0, "rotationX": 0.0, "rotationY": 0.0, "rotationZ": 0.0 },
						"Head": { "offsetX": 0.0, "offsetY": 0.4, "offsetZ": 0.0, "rotationX": -17.0, "rotationY": 39.0, "rotationZ": 0.0 },
						"EarL": { "offsetX": 0.0, "offsetY": 0.0, "offsetZ": 0.0, "rotationX": 0.0, "rotationY": -3.0, "rotationZ": 36.0 },
						"EarR": { "offsetX": 0.0, "offsetY": 0.0, "offsetZ": 0.0, "rotationX": 0.0, "rotationY": -8.0, "rotationZ": 47.0 },
						"Nose": { "offsetX": 0.0, "offsetY": 0.1, "offsetZ": 0.0, "rotationX": 0.0, "rotationY": 0.0, "rotationZ": 0.0 },
						"Tail": { "offsetX": 0.0, "offsetY": 0.0, "offsetZ": 0.0, "rotationX": 0.0, "rotationY": 0.0, "rotationZ": 0.0 },
						"FrontLegL": { "offsetX": 0.0, "offsetY": 0.0, "offsetZ": 0.0, "rotationX": 0.0, "rotationY": 0.0, "rotationZ": 0.0 },
						"FrontLegR": { "offsetX": 0.0, "offsetY": 0.0, "offsetZ": 0.0, "rotationX": 0.0, "rotationY": 0.0, "rotationZ": 0.0 },
						"RearLegL": { "offsetX": 0.0, "offsetY": 0.0, "offsetZ": 0.0, "rotationX": 0.0, "rotationY": 0.0, "rotationZ": 0.0 },
						"Cube12": { "offsetX": 0.0, "offsetY": 0.0, "offsetZ": 0.0, "rotationX": 0.0, "rotationY": 0.0, "rotationZ": 0.0 },
						"RearLegR": { "offsetX": 0.0, "offsetY": 0.0, "offsetZ": 0.0, "rotationX": 0.0, "rotationY": 0.0, "rotationZ": 0.0 },
						"Cube1": { "offsetX": 0.0, "offsetY": 0.0, "offsetZ": 0.0, "rotationX": 0.0, "rotationY": 0.0, "rotationZ": 0.0 }
					}
				},
				{
					"frame": 100,
					"elements": {
						"Body": { "offsetX": 0.0, "offsetY": 0.0, "offsetZ": 0.0, "rotationX": 0.0, "rotationY": 0.0, "rotationZ": 0.0 },
						"Head": { "offsetX": 0.0, "offsetY": 0.4, "offsetZ": 0.0, "rotationX": -17.0, "rotationY": 36.0, "rotationZ": 0.0 },
						"EarL": { "offsetX": 0.0, "offsetY": 0.0, "offsetZ": 0.0, "rotationX": 0.0, "rotationY": -3.0, "rotationZ": 36.0 },
						"EarR": { "offsetX": 0.0, "offsetY": 0.0, "offsetZ": 0.0, "rotationX": 0.0, "rotationY": -8.0, "rotationZ": 47.0 },
						"Nose": { "offsetX": 0.0, "offsetY": -0.0, "offsetZ": 0.0, "rotationX": 0.0, "rotationY": 0.0, "rotationZ": 0.0 },
						"Tail": { "offsetX": 0.0, "offsetY": 0.0, "offsetZ": 0.0, "rotationX": 0.0, "rotationY": 0.0, "rotationZ": 0.0 },
						"FrontLegL": { "offsetX": 0.0, "offsetY": 0.0, "offsetZ": 0.0, "rotationX": 0.0, "rotationY": 0.0, "rotationZ": 0.0 },
						"FrontLegR": { "offsetX": 0.0, "offsetY": 0.0, "offsetZ": 0.0, "rotationX": 0.0, "rotationY": 0.0, "rotationZ": 0.0 },
						"RearLegL": { "offsetX": 0.0, "offsetY": 0.0, "offsetZ": 0.0, "rotationX": 0.0, "rotationY": 0.0, "rotationZ": 0.0 },
						"Cube12": { "offsetX": 0.0, "offsetY": 0.0, "offsetZ": 0.0, "rotationX": 0.0, "rotationY": 0.0, "rotationZ": 0.0 },
						"RearLegR": { "offsetX": 0.0, "offsetY": 0.0, "offsetZ": 0.0, "rotationX": 0.0, "rotationY": 0.0, "rotationZ": 0.0 },
						"Cube1": { "offsetX": 0.0, "offsetY": 0.0, "offsetZ": 0.0, "rotationX": 0.0, "rotationY": 0.0, "rotationZ": 0.0 }
					}
				},
				{
					"frame": 113,
					"elements": {
						"Body": { "offsetX": 0.0, "offsetY": 0.0, "offsetZ": 0.0, "rotationX": 0.0, "rotationY": 0.0, "rotationZ": 0.0 },
						"Head": { "offsetX": 0.0, "offsetY": 0.4, "offsetZ": 0.0, "rotationX": 0.0, "rotationY": 0.0, "rotationZ": 0.0 },
						"EarL": { "offsetX": 0.0, "offsetY": 0.0, "offsetZ": 0.0, "rotationX": 0.0, "rotationY": -30.0, "rotationZ": 36.0 },
						"EarR": { "offsetX": 0.0, "offsetY": 0.0, "offsetZ": 0.0, "rotationX": 0.0, "rotationY": 33.0, "rotationZ": 47.0 },
						"Nose": { "offsetX": 0.0, "offsetY": 0.1, "offsetZ": 0.0, "rotationX": 0.0, "rotationY": 0.0, "rotationZ": 0.0 },
						"Tail": { "offsetX": 0.0, "offsetY": 0.0, "offsetZ": 0.0, "rotationX": 0.0, "rotationY": 0.0, "rotationZ": 0.0 },
						"FrontLegL": { "offsetX": 0.0, "offsetY": 0.0, "offsetZ": 0.0, "rotationX": 0.0, "rotationY": 0.0, "rotationZ": 14.0 },
						"FrontLegR": { "offsetX": 0.0, "offsetY": 0.0, "offsetZ": 0.0, "rotationX": 0.0, "rotationY": 0.0, "rotationZ": 0.0 },
						"RearLegL": { "offsetX": 0.0, "offsetY": 0.0, "offsetZ": 0.0, "rotationX": 0.0, "rotationY": 0.0, "rotationZ": 0.0 },
						"Cube12": { "offsetX": 0.0, "offsetY": 0.0, "offsetZ": 0.0, "rotationX": 0.0, "rotationY": 0.0, "rotationZ": 0.0 },
						"RearLegR": { "offsetX": 0.0, "offsetY": 0.0, "offsetZ": 0.0, "rotationX": 0.0, "rotationY": 0.0, "rotationZ": -6.0 },
						"Cube1": { "offsetX": 0.0, "offsetY": 0.0, "offsetZ": 0.0, "rotationX": 0.0, "rotationY": 0.0, "rotationZ": 0.0 }
					}
				},
				{
					"frame": 122,
					"elements": {
						"Body": { "offsetX": 0.0, "offsetY": 0.0, "offsetZ": 0.0, "rotationX": 0.0, "rotationY": 0.0, "rotationZ": 0.0 },
						"Head": { "offsetX": 0.0, "offsetY": 0.4, "offsetZ": 0.0, "rotationX": 0.0, "rotationY": 0.0, "rotationZ": 0.0 },
						"EarL": { "offsetX": 0.0, "offsetY": 0.0, "offsetZ": 0.0, "rotationX": 0.0, "rotationY": -30.0, "rotationZ": 36.0 },
						"EarR": { "offsetX": 0.0, "offsetY": 0.0, "offsetZ": 0.0, "rotationX": 0.0, "rotationY": 33.0, "rotationZ": 47.0 },
						"Nose": { "offsetX": 0.0, "offsetY": -0.0, "offsetZ": 0.0, "rotationX": 0.0, "rotationY": 0.0, "rotationZ": 0.0 },
						"Tail": { "offsetX": 0.0, "offsetY": 0.0, "offsetZ": 0.0, "rotationX": 0.0, "rotationY": 0.0, "rotationZ": 0.0 },
						"FrontLegL": { "offsetX": 0.0, "offsetY": 0.0, "offsetZ": 0.0, "rotationX": 0.0, "rotationY": 0.0, "rotationZ": 0.0 },
						"FrontLegR": { "offsetX": 0.0, "offsetY": 0.0, "offsetZ": 0.0, "rotationX": 0.0, "rotationY": 0.0, "rotationZ": 0.0 },
						"RearLegL": { "offsetX": 0.0, "offsetY": 0.0, "offsetZ": 0.0, "rotationX": 0.0, "rotationY": 0.0, "rotationZ": 0.0 },
						"Cube12": { "offsetX": 0.0, "offsetY": 0.0, "offsetZ": 0.0, "rotationX": 0.0, "rotationY": 0.0, "rotationZ": 0.0 },
						"RearLegR": { "offsetX": 0.0, "offsetY": 0.0, "offsetZ": 0.0, "rotationX": 0.0, "rotationY": 0.0, "rotationZ": 0.0 },
						"Cube1": { "offsetX": 0.0, "offsetY": 0.0, "offsetZ": 0.0, "rotationX": 0.0, "rotationY": 0.0, "rotationZ": 0.0 }
					}
				},
				{
					"frame": 130,
					"elements": {
						"Body": { "offsetX": 0.0, "offsetY": 0.0, "offsetZ": 0.0, "rotationX": 0.0, "rotationY": 0.0, "rotationZ": 0.0 },
						"Head": { "offsetX": 0.0, "offsetY": 0.4, "offsetZ": 0.0, "rotationX": 0.0, "rotationY": 0.0, "rotationZ": 0.0 },
						"EarL": { "offsetX": 0.0, "offsetY": 0.0, "offsetZ": 0.0, "rotationX": 0.0, "rotationY": -30.0, "rotationZ": 36.0 },
						"EarR": { "offsetX": 0.0, "offsetY": 0.0, "offsetZ": 0.0, "rotationX": 0.0, "rotationY": 33.0, "rotationZ": 47.0 },
						"Nose": { "offsetX": 0.0, "offsetY": 0.1, "offsetZ": 0.0, "rotationX": 0.0, "rotationY": 0.0, "rotationZ": 0.0 },
						"Tail": { "offsetX": 0.0, "offsetY": 0.0, "offsetZ": 0.0, "rotationX": 0.0, "rotationY": 0.0, "rotationZ": 0.0 },
						"FrontLegL": { "offsetX": 0.0, "offsetY": 0.0, "offsetZ": 0.0, "rotationX": 0.0, "rotationY": 0.0, "rotationZ": 0.0 },
						"FrontLegR": { "offsetX": 0.0, "offsetY": 0.0, "offsetZ": 0.0, "rotationX": 0.0, "rotationY": 0.0, "rotationZ": 0.0 },
						"RearLegL": { "offsetX": 0.0, "offsetY": 0.0, "offsetZ": 0.0, "rotationX": 0.0, "rotationY": 0.0, "rotationZ": 0.0 },
						"Cube12": { "offsetX": 0.0, "offsetY": 0.0, "offsetZ": 0.0, "rotationX": 0.0, "rotationY": 0.0, "rotationZ": 0.0 },
						"RearLegR": { "offsetX": 0.0, "offsetY": 0.0, "offsetZ": 0.0, "rotationX": 0.0, "rotationY": 0.0, "rotationZ": 0.0 },
						"Cube1": { "offsetX": 0.0, "offsetY": 0.0, "offsetZ": 0.0, "rotationX": 0.0, "rotationY": 0.0, "rotationZ": 0.0 }
					}
				}
			]
		},

		{
			"name": "Death",
			"code": "death",
			"quantityframes": 30,
			"onActivityStopped": "PlayTillEnd",
			"onAnimationEnd": "Hold",
			"keyframes": [
				{
					"frame": 0,
					"elements": {
						"Body": { "offsetX": 0.0, "offsetY": 0.0, "offsetZ": 0.0, "rotationX": 0.0, "rotationY": 0.0, "rotationZ": 0.0 },
						"Head": { "offsetX": 0.0, "offsetY": 0.0, "offsetZ": 0.0, "rotationX": 0.0, "rotationY": 0.0, "rotationZ": 0.0 },
						"EarL": { "offsetX": 0.0, "offsetY": 0.0, "offsetZ": 0.0, "rotationX": 0.0, "rotationY": 0.0, "rotationZ": 0.0 },
						"EarR": { "offsetX": 0.0, "offsetY": 0.0, "offsetZ": 0.0, "rotationX": 0.0, "rotationY": 0.0, "rotationZ": 0.0 },
						"Nose": { "offsetX": 0.0, "offsetY": 0.0, "offsetZ": 0.0, "rotationX": 0.0, "rotationY": 0.0, "rotationZ": 0.0 },
						"Tail": { "offsetX": 0.0, "offsetY": 0.0, "offsetZ": 0.0, "rotationX": 0.0, "rotationY": 0.0, "rotationZ": 0.0 },
						"FrontLegL": { "offsetX": 0.0, "offsetY": 0.0, "offsetZ": 0.0, "rotationX": 0.0, "rotationY": 0.0, "rotationZ": 0.0 },
						"FrontLegR": { "offsetX": 0.0, "offsetY": 0.0, "offsetZ": 0.0, "rotationX": 0.0, "rotationY": 0.0, "rotationZ": 0.0 },
						"RearLegL": { "offsetX": 0.0, "offsetY": 0.0, "offsetZ": 0.0, "rotationX": 0.0, "rotationY": 0.0, "rotationZ": 0.0 },
						"Cube12": { "offsetX": 0.0, "offsetY": 0.0, "offsetZ": 0.0, "rotationX": 0.0, "rotationY": 0.0, "rotationZ": 0.0 },
						"RearLegR": { "offsetX": 0.0, "offsetY": 0.0, "offsetZ": 0.0, "rotationX": 0.0, "rotationY": 0.0, "rotationZ": 0.0 },
						"Cube1": { "offsetX": 0.0, "offsetY": 0.0, "offsetZ": 0.0, "rotationX": 0.0, "rotationY": 0.0, "rotationZ": 0.0 }
					}
				},
				{
					"frame": 10,
					"elements": {
						"Body": { "offsetX": 0.0, "offsetY": 0.6, "offsetZ": 0.0, "rotationX": -33.0, "rotationY": 0.0, "rotationZ": 0.0 },
						"Head": { "offsetX": 0.0, "offsetY": 0.0, "offsetZ": 0.0, "rotationX": -14.0, "rotationY": 36.0, "rotationZ": 6.0 },
						"EarL": { "offsetX": 0.0, "offsetY": 0.0, "offsetZ": 0.0, "rotationX": 0.0, "rotationY": 0.0, "rotationZ": 44.0 },
						"EarR": { "offsetX": 0.0, "offsetY": 0.0, "offsetZ": 0.0, "rotationX": 0.0, "rotationY": 0.0, "rotationZ": 80.0 },
						"Nose": { "offsetX": 0.0, "offsetY": 0.0, "offsetZ": 0.0, "rotationX": 0.0, "rotationY": 0.0, "rotationZ": 0.0 },
						"Tail": { "offsetX": 0.0, "offsetY": 0.0, "offsetZ": 0.0, "rotationX": 0.0, "rotationY": 0.0, "rotationZ": 0.0 },
						"FrontLegL": { "offsetX": 0.0, "offsetY": 0.0, "offsetZ": 0.0, "rotationX": 0.0, "rotationY": 0.0, "rotationZ": -69.0 },
						"FrontLegR": { "offsetX": 0.0, "offsetY": 0.0, "offsetZ": 0.0, "rotationX": 0.0, "rotationY": 0.0, "rotationZ": -36.0 },
						"RearLegL": { "offsetX": 0.0, "offsetY": 0.0, "offsetZ": 0.0, "rotationX": 0.0, "rotationY": 0.0, "rotationZ": 6.0 },
						"Cube12": { "offsetX": 0.0, "offsetY": 0.0, "offsetZ": 0.0, "rotationX": 0.0, "rotationY": 0.0, "rotationZ": -17.0 },
						"RearLegR": { "offsetX": 0.0, "offsetY": 0.0, "offsetZ": 0.0, "rotationX": 0.0, "rotationY": 0.0, "rotationZ": 8.0 },
						"Cube1": { "offsetX": 0.0, "offsetY": 0.0, "offsetZ": 0.0, "rotationX": 0.0, "rotationY": 0.0, "rotationZ": 0.0 }
					}
				},
				{
					"frame": 20,
					"elements": {
						"Body": { "offsetX": 0.0, "offsetY": 2.6, "offsetZ": -1.0, "rotationX": -58.0, "rotationY": 0.0, "rotationZ": 0.0 },
						"Head": { "offsetX": 0.0, "offsetY": 0.0, "offsetZ": 0.0, "rotationX": -14.0, "rotationY": 72.0, "rotationZ": 6.0 },
						"EarL": { "offsetX": 0.0, "offsetY": 0.0, "offsetZ": 0.0, "rotationX": 0.0, "rotationY": 0.0, "rotationZ": 44.0 },
						"EarR": { "offsetX": 0.0, "offsetY": 0.0, "offsetZ": 0.0, "rotationX": 0.0, "rotationY": 0.0, "rotationZ": 80.0 },
						"Nose": { "offsetX": 0.0, "offsetY": 0.0, "offsetZ": 0.0, "rotationX": 0.0, "rotationY": 0.0, "rotationZ": 0.0 },
						"Tail": { "offsetX": 0.0, "offsetY": 0.0, "offsetZ": 0.0, "rotationX": 0.0, "rotationY": 0.0, "rotationZ": 0.0 },
						"FrontLegL": { "offsetX": 0.0, "offsetY": 0.0, "offsetZ": 0.0, "rotationX": 0.0, "rotationY": 0.0, "rotationZ": -94.0 },
						"FrontLegR": { "offsetX": 0.0, "offsetY": 0.0, "offsetZ": 0.0, "rotationX": 0.0, "rotationY": 0.0, "rotationZ": -72.0 },
						"RearLegL": { "offsetX": 0.0, "offsetY": 0.0, "offsetZ": 0.0, "rotationX": 0.0, "rotationY": 0.0, "rotationZ": 94.0 },
						"Cube12": { "offsetX": 0.0, "offsetY": 0.0, "offsetZ": 0.0, "rotationX": 0.0, "rotationY": 0.0, "rotationZ": -17.0 },
						"RearLegR": { "offsetX": 0.0, "offsetY": 0.0, "offsetZ": 0.0, "rotationX": 0.0, "rotationY": 0.0, "rotationZ": 105.0 },
						"Cube1": { "offsetX": 0.0, "offsetY": 0.0, "offsetZ": 0.0, "rotationX": 0.0, "rotationY": 0.0, "rotationZ": 0.0 }
					}
				},
				{
					"frame": 28,
					"elements": {
						"Body": { "offsetX": 0.0, "offsetY": 2.7, "offsetZ": 0.0, "rotationX": -100.0, "rotationY": 0.0, "rotationZ": 0.0 },
						"Head": { "offsetX": 0.0, "offsetY": 0.0, "offsetZ": 0.0, "rotationX": 19.0, "rotationY": -8.0, "rotationZ": 6.0 },
						"EarL": { "offsetX": 0.0, "offsetY": 0.0, "offsetZ": 0.0, "rotationX": 0.0, "rotationY": 119.0, "rotationZ": -14.0 },
						"EarR": { "offsetX": 0.0, "offsetY": 0.0, "offsetZ": 0.0, "rotationX": 0.0, "rotationY": -36.0, "rotationZ": 75.0 },
						"Nose": { "offsetX": 0.0, "offsetY": 0.0, "offsetZ": 0.0, "rotationX": 0.0, "rotationY": 0.0, "rotationZ": 0.0 },
						"Tail": { "offsetX": 0.0, "offsetY": 0.0, "offsetZ": 0.0, "rotationX": 0.0, "rotationY": 0.0, "rotationZ": 0.0 },
						"FrontLegL": { "offsetX": 0.0, "offsetY": 0.0, "offsetZ": 0.0, "rotationX": 55.0, "rotationY": 0.0, "rotationZ": -58.0 },
						"FrontLegR": { "offsetX": 0.0, "offsetY": 0.0, "offsetZ": 0.0, "rotationX": 36.0, "rotationY": 0.0, "rotationZ": -58.0 },
						"RearLegL": { "offsetX": 0.0, "offsetY": 0.0, "offsetZ": 0.0, "rotationX": 55.0, "rotationY": 0.0, "rotationZ": 94.0 },
						"Cube12": { "offsetX": 0.0, "offsetY": 0.0, "offsetZ": 0.0, "rotationX": 0.0, "rotationY": 0.0, "rotationZ": -17.0 },
						"RearLegR": { "offsetX": 0.0, "offsetY": 0.0, "offsetZ": 0.0, "rotationX": 0.0, "rotationY": 0.0, "rotationZ": 105.0 },
						"Cube1": { "offsetX": 0.0, "offsetY": 0.0, "offsetZ": 0.0, "rotationX": 0.0, "rotationY": 0.0, "rotationZ": 0.0 }
					}
				}
			]
		},

		{
			"name": "walk",
			"code": "walk",
			"quantityframes": 20,
			"onActivityStopped": "Stop",
			"onAnimationEnd": "Repeat",
			"keyframes": [
				{
					"frame": 0,
					"elements": {
						"Body": { "offsetX": 0.0, "offsetY": 0.0, "offsetZ": 0.0, "rotationX": 0.0, "rotationY": 0.0, "rotationZ": 0.0 },
						"Head": { "offsetX": 0.0, "offsetY": 0.0, "offsetZ": 0.0, "rotationX": 0.0, "rotationY": 0.0, "rotationZ": 0.0 },
						"EarL": { "offsetX": 0.0, "offsetY": 0.0, "offsetZ": 0.0, "rotationX": 0.0, "rotationY": 0.0, "rotationZ": 0.0 },
						"EarR": { "offsetX": 0.0, "offsetY": 0.0, "offsetZ": 0.0, "rotationX": 0.0, "rotationY": 0.0, "rotationZ": 0.0 },
						"Nose": { "offsetX": 0.0, "offsetY": 0.0, "offsetZ": 0.0, "rotationX": 0.0, "rotationY": 0.0, "rotationZ": 0.0 },
						"Tail": { "offsetX": 0.0, "offsetY": 0.0, "offsetZ": 0.0, "rotationX": 0.0, "rotationY": 0.0, "rotationZ": 0.0 },
						"FrontLegL": { "offsetX": 0.0, "offsetY": 0.0, "offsetZ": 0.0, "rotationX": 0.0, "rotationY": 0.0, "rotationZ": 0.0 },
						"FrontLegR": { "offsetX": 0.0, "offsetY": 0.0, "offsetZ": 0.0, "rotationX": 0.0, "rotationY": 0.0, "rotationZ": 0.0 },
						"RearLegL": { "offsetX": 0.0, "offsetY": 0.0, "offsetZ": 0.0, "rotationX": 0.0, "rotationY": 0.0, "rotationZ": 0.0 },
						"Cube12": { "offsetX": 0.0, "offsetY": 0.0, "offsetZ": 0.0, "rotationX": 0.0, "rotationY": 0.0, "rotationZ": 0.0 },
						"RearLegR": { "offsetX": 0.0, "offsetY": 0.0, "offsetZ": 0.0, "rotationX": 0.0, "rotationY": 0.0, "rotationZ": 0.0 },
						"Cube1": { "offsetX": 0.0, "offsetY": 0.0, "offsetZ": 0.0, "rotationX": 0.0, "rotationY": 0.0, "rotationZ": 0.0 }
					}
				},
				{
					"frame": 9,
					"elements": {
						"Body": { "offsetX": 0.0, "offsetY": 0.6, "offsetZ": 0.0, "rotationX": 0.0, "rotationY": 0.0, "rotationZ": 22.0 },
						"Head": { "offsetX": 0.0, "offsetY": 0.0, "offsetZ": 0.0, "rotationX": 0.0, "rotationY": 0.0, "rotationZ": -11.0 },
						"EarL": { "offsetX": 0.0, "offsetY": 0.0, "offsetZ": 0.0, "rotationX": 0.0, "rotationY": 0.0, "rotationZ": -22.0 },
						"EarR": { "offsetX": 0.0, "offsetY": 0.0, "offsetZ": 0.0, "rotationX": 0.0, "rotationY": 0.0, "rotationZ": -33.0 },
						"Nose": { "offsetX": 0.0, "offsetY": 0.0, "offsetZ": 0.0, "rotationX": 0.0, "rotationY": 0.0, "rotationZ": 0.0 },
						"Tail": { "offsetX": 0.0, "offsetY": 0.0, "offsetZ": 0.0, "rotationX": 0.0, "rotationY": 0.0, "rotationZ": 0.0 },
						"FrontLegL": { "offsetX": 0.4, "offsetY": 0.0, "offsetZ": 0.0, "rotationX": 0.0, "rotationY": 0.0, "rotationZ": -42.0 },
						"FrontLegR": { "offsetX": 0.3, "offsetY": 0.0, "offsetZ": 0.0, "rotationX": 0.0, "rotationY": 0.0, "rotationZ": -61.0 },
						"RearLegL": { "offsetX": 0.0, "offsetY": 0.0, "offsetZ": 0.0, "rotationX": 0.0, "rotationY": 0.0, "rotationZ": 42.0 },
						"Cube12": { "offsetX": 0.0, "offsetY": 0.0, "offsetZ": 0.0, "rotationX": 0.0, "rotationY": 0.0, "rotationZ": 0.0 },
						"RearLegR": { "offsetX": 0.0, "offsetY": 0.0, "offsetZ": 0.0, "rotationX": 0.0, "rotationY": 0.0, "rotationZ": 44.0 },
						"Cube1": { "offsetX": 0.0, "offsetY": 0.0, "offsetZ": 0.0, "rotationX": 0.0, "rotationY": 0.0, "rotationZ": 0.0 }
					}
				},
				{
					"frame": 15,
					"elements": {
						"Body": { "offsetX": -0.2, "offsetY": 0.9, "offsetZ": 0.0, "rotationX": 0.0, "rotationY": 0.0, "rotationZ": 28.0 },
						"Head": { "offsetX": 0.0, "offsetY": 0.0, "offsetZ": 0.0, "rotationX": 0.0, "rotationY": 0.0, "rotationZ": -19.0 },
						"EarL": { "offsetX": 0.0, "offsetY": 0.0, "offsetZ": 0.0, "rotationX": 0.0, "rotationY": 0.0, "rotationZ": -22.0 },
						"EarR": { "offsetX": 0.0, "offsetY": 0.0, "offsetZ": 0.0, "rotationX": 0.0, "rotationY": 0.0, "rotationZ": -33.0 },
						"Nose": { "offsetX": 0.0, "offsetY": 0.0, "offsetZ": 0.0, "rotationX": 0.0, "rotationY": 0.0, "rotationZ": 0.0 },
						"Tail": { "offsetX": 0.0, "offsetY": 0.1, "offsetZ": 0.0, "rotationX": 0.0, "rotationY": 0.0, "rotationZ": 0.0 },
						"FrontLegL": { "offsetX": 0.4, "offsetY": 0.0, "offsetZ": 0.0, "rotationX": 0.0, "rotationY": 0.0, "rotationZ": 8.0 },
						"FrontLegR": { "offsetX": 0.3, "offsetY": 0.0, "offsetZ": 0.0, "rotationX": 0.0, "rotationY": 0.0, "rotationZ": 8.0 },
						"RearLegL": { "offsetX": 0.0, "offsetY": 0.0, "offsetZ": 0.0, "rotationX": 0.0, "rotationY": 0.0, "rotationZ": 78.0 },
						"Cube12": { "offsetX": 0.0, "offsetY": 0.0, "offsetZ": 0.0, "rotationX": 0.0, "rotationY": 0.0, "rotationZ": 0.0 },
						"RearLegR": { "offsetX": 0.0, "offsetY": 0.0, "offsetZ": 0.0, "rotationX": 0.0, "rotationY": 0.0, "rotationZ": 83.0 },
						"Cube1": { "offsetX": 0.0, "offsetY": 0.0, "offsetZ": 0.0, "rotationX": 0.0, "rotationY": 0.0, "rotationZ": 0.0 }
					}
				}
			]
		},

		{
			"name": "sleep",
			"code": "sleep",
			"quantityframes": 50,
			"onActivityStopped": "EaseOut",
			"onAnimationEnd": "Repeat",
			"keyframes": [
				{
					"frame": 0,
					"elements": {
						"Body": { "offsetX": 0.0, "offsetY": -1.4, "offsetZ": 0.0, "rotationX": 0.0, "rotationY": 0.0, "rotationZ": 25.0 },
						"Head": { "offsetX": 0.0, "offsetY": 0.1, "offsetZ": 0.0, "rotationX": 0.0, "rotationY": 0.0, "rotationZ": 0.0 },
						"EarL": { "offsetX": 0.0, "offsetY": 0.0, "offsetZ": 0.0, "rotationX": 0.0, "rotationY": 0.0, "rotationZ": -70.0 },
						"EarR": { "offsetX": 0.0, "offsetY": 0.0, "offsetZ": 0.0, "rotationX": 0.0, "rotationY": 0.0, "rotationZ": -66.0 },
						"Nose": { "offsetX": 0.0, "offsetY": 0.1, "offsetZ": 0.0, "rotationX": 0.0, "rotationY": 0.0, "rotationZ": 0.0 },
						"Tail": { "offsetX": 0.0, "offsetY": 0.0, "offsetZ": 0.0, "rotationX": 0.0, "rotationY": 0.0, "rotationZ": 0.0 },
						"FrontLegL": { "offsetX": 0.0, "offsetY": 1.6, "offsetZ": 0.0, "rotationX": 0.0, "rotationY": 0.0, "rotationZ": -100.0 },
						"FrontLegR": { "offsetX": 0.0, "offsetY": 1.7, "offsetZ": 0.0, "rotationX": 0.0, "rotationY": 0.0, "rotationZ": -97.0 },
						"RearLegL": { "offsetX": 0.0, "offsetY": 0.5, "offsetZ": 0.0, "rotationX": 0.0, "rotationY": 0.0, "rotationZ": -22.0 },
						"Cube12": { "offsetX": 0.0, "offsetY": 0.0, "offsetZ": 0.0, "rotationX": 0.0, "rotationY": 0.0, "rotationZ": 14.0 },
						"RearLegR": { "offsetX": 0.0, "offsetY": 0.6, "offsetZ": 0.0, "rotationX": 0.0, "rotationY": 0.0, "rotationZ": -25.0 },
						"Cube1": { "offsetX": -0.5, "offsetY": 0.0, "offsetZ": 0.0, "rotationX": 0.0, "rotationY": 0.0, "rotationZ": 22.0 }
					}
				},
				{
					"frame": 30,
					"elements": {
						"Body": { "offsetX": 0.0, "offsetY": -1.4, "offsetZ": 0.0, "rotationX": 0.0, "rotationY": 0.0, "rotationZ": 26.0 },
						"Head": { "offsetX": 0.0, "offsetY": 0.0, "offsetZ": 0.0, "rotationX": 0.0, "rotationY": 0.0, "rotationZ": 0.0 },
						"EarL": { "offsetX": 0.0, "offsetY": 0.0, "offsetZ": 0.0, "rotationX": 0.0, "rotationY": 0.0, "rotationZ": -69.0 },
						"EarR": { "offsetX": 0.0, "offsetY": 0.0, "offsetZ": 0.0, "rotationX": 0.0, "rotationY": 0.0, "rotationZ": -66.0 },
						"Nose": { "offsetX": 0.0, "offsetY": 0.0, "offsetZ": 0.0, "rotationX": 0.0, "rotationY": 0.0, "rotationZ": 0.0 },
						"Tail": { "offsetX": 0.0, "offsetY": -0.1, "offsetZ": 0.0, "rotationX": 0.0, "rotationY": 0.0, "rotationZ": 0.0 },
						"FrontLegL": { "offsetX": 0.0, "offsetY": 1.6, "offsetZ": 0.0, "rotationX": 0.0, "rotationY": 0.0, "rotationZ": -102.0 },
						"FrontLegR": { "offsetX": 0.0, "offsetY": 1.7, "offsetZ": 0.0, "rotationX": 0.0, "rotationY": 0.0, "rotationZ": -95.0 },
						"RearLegL": { "offsetX": 0.0, "offsetY": 0.5, "offsetZ": 0.0, "rotationX": 0.0, "rotationY": 0.0, "rotationZ": -22.0 },
						"Cube12": { "offsetX": 0.0, "offsetY": 0.0, "offsetZ": 0.0, "rotationX": 0.0, "rotationY": 0.0, "rotationZ": 14.0 },
						"RearLegR": { "offsetX": 0.0, "offsetY": 0.6, "offsetZ": 0.0, "rotationX": 0.0, "rotationY": 0.0, "rotationZ": -26.0 },
						"Cube1": { "offsetX": -0.5, "offsetY": 0.0, "offsetZ": 0.0, "rotationX": 0.0, "rotationY": 0.0, "rotationZ": 22.0 }
					}
				}
			]
		}
	]
}