{
	code: "dead-panther",
	class: "BlockPlaceOnDrop",
	maxStackSize: 1,
	resistance: 13,
	entityClass: "NeolithicTransient",
	attributes: {
		convertFrom: "dead-panther-*",
		convertTo: "dead-rotten-large", 
		eatenTo: "dead-rotten-large", 
		inGameHours: "24",
		contentConfig: [
			{
				foodFor: [ "game:fox-*", "game: hyena-*", "game:wolf-*"],
			}
		],
	},
	behaviors:
	[
		{
			name: "Carryable",
			properties:
			{
				translation: [ -0.6, 0.7, -0.38 ],
				rotation: [ 90, 0, 0 ],
				scale: 0.85
			}
		}
	],
	creativeinventory: { "general": ["*"], "neolithicfauna": ["*"] },
	variantgroups: 
	[
		{ code: "type", states: ["male","female" ] },
		{ code: "color", states: [ "black"] },
	],
	textures: 
	{
		all: { base: "entity/panther/{color}" },
	},
	shapeByType: 
	{
		"*":
		{
			base: "block/dead/panther/{type}",
			alternates:
			[
				{ base: "block/dead/panther/{type}", rotateY: 45 },
				{ base: "block/dead/panther/{type}", rotateY: 90 },
				{ base: "block/dead/panther/{type}", rotateY: 135 },
				{ base: "block/dead/panther/{type}", rotateY: 180 },
				{ base: "block/dead/panther/{type}", rotateY: 225 },
				{ base: "block/dead/panther/{type}", rotateY: 270 },
				{ base: "block/dead/panther/{type}", rotateY: 45 },
				{ base: "block/dead/panther/{type}", rotateY: 90 },
				{ base: "block/dead/panther/{type}", rotateY: 135 },
				{ base: "block/dead/panther/{type}", rotateY: 180 },
				{ base: "block/dead/panther/{type}", rotateY: 225 },
				{ base: "block/dead/panther/{type}", rotateY: 270 },
			]
		}
	},
	randomDrawOffset: true,
	lightAbsorption: 0,
	sidesolid: { all: false },
	sideopaque: { all: false },
	selectionbox: { x1: 0, y1: 0, z1: 0, x2: 1, y2: 0.4, z2: 1 },
	collisionbox: null,
	materialDensity: 3000,
	guiTransform: 
	{
		rotation: { x: -22.5937, y: 190, z: 0 },
		origin: { x: 0.5, y: 0.22, z: 0.5 },
		scale: 1.22
	},
	fpHandTransform: 
	{
		rotation: { x: 0, y: -24, z: 0 }
	},
	tpHandTransform: 
	{
		translation: { x: -1.3, y: -0.7, z: -0.8 },
		rotation: { x: 2, y: 31, z: -25 },
		scale: 0.6
	},
	dropsByType: 
	{
		"dead-panther-male-*": 
		[
			{
				type: "block", 
				code: "pantherheadtrophy-{color}-ground-north", 
				quantity: { avg: 0.3, var: 0} ,
				tool:"saw"
			},
			{
				type: "block", 
				code: "headless-panther-male-{color}", 
				quantity: { avg: 1, var:0} ,
				tool:"saw"
			},
			{
				type: "block", 
				code: "pantherheadtrophy-{color}-ground-north", 
				quantity: { avg: 0.2, var: 0} ,
				tool:"sword"
			},
			{
				type: "block", 
				code: "headless-panther-male-{color}", 
				quantity: { avg: 1, var:0} ,
				tool:"sword"
			},
			{
				type: "block", 
				code: "pantherheadtrophy-{color}-ground-north", 
				quantity: { avg: 0.1, var: 0} ,
				tool:"axe"
			},
			{
				type: "block", 
				code: "headless-panther-male-{color}", 
				quantity: { avg: 1, var:0} ,
				tool:"axe"
			},
			{
				type: "block", 
				code: "skinned-panther-male", 
				quantity: { avg: 1, var: 0 } ,
				tool:"knife",
			},
			{
				type: "block", 
				code: "pantherpelt-{color}-ground-east", 
				quantity: { avg: 0.1, var: 0 } ,
				tool:"knife",
				lastDrop: true,
			},
			{
				type: "item", 
				code: "game:hide-raw", 
				quantity: { avg: 4, var: 1 } ,
				tool:"knife",
				lastDrop: true,
				
			},
		],
		"dead-panther-female-*": 
		[
			{
				type: "block", 
				code: "pantherheadtrophy-{color}-ground-north", 
				quantity: { avg: 0.3, var: 0} ,
				tool:"saw",
			},
			{
				type: "block", 
				code: "headless-panther-female-{color}", 
				quantity: { avg: 1, var:0} ,
				tool:"saw",
			},
			{
				type: "block", 
				code: "pantherheadtrophy-{color}-ground-north", 
				quantity: { avg: 0.2, var: 0} ,
				tool:"sword",
			},
			{
				type: "block", 
				code: "headless-panther-female-{color}", 
				quantity: { avg: 1, var:0} ,
				tool:"sword",
			},
			{
				type: "block", 
				code: "pantherheadtrophy-{color}-ground-north", 
				quantity: { avg: 0.1, var: 0} ,
				tool:"axe",
			},
			{
				type: "block", 
				code: "headless-panther-female-{color}", 
				quantity: { avg: 1, var:0} ,
				tool:"axe",
			},
			{
				type: "block", 
				code: "skinned-panther-female", 
				quantity: { avg: 1, var: 0 } ,
				tool:"knife",
			},
			{
				type: "block", 
				code: "pantherpelt-{color}-ground-east", 
				quantity: { avg: 0.1, var: 0 } ,
				tool:"knife",
				lastDrop: true,
			},
			{
				type: "item", 
				code: "game:hide-raw", 
				quantity: { avg: 4, var: 1 } ,
				tool:"knife",
				lastDrop: true
			},
		],
	},
	sounds: {
		"place": "morbid/squish1",
		"break": "morbid/squish2"
	},
}